股票代码,股票名称,涨跌幅,最新价,最高,最低,今开,涨跌额,换手率,量比,动态市盈率,成交量,成交额,昨日收盘,总市值,流通市值,行情ID,市场类型,更新时间,最新交易日
113668,鹿山转债,7.14,153.429,157.817,143.501,146.0,10.223,530.21,23.87,-,1351474,2082977999.0,143.206,391082850,391082850,1.113668,沪A,2025-09-02 16:12:00,2025-09-02
118014,Z高测转,5.39,151.73,166.0,135.91,145.11,7.757,2222.08,6.2,-,995153,1565080843.0,143.973,67951825,67951825,1.118014,沪A,2025-09-02 16:11:49,2025-09-02
123231,信测转债,4.64,139.75,149.8,133.35,135.0,6.199,2516.94,7.0,-,1011979,1441076179.513,133.551,56188863,56188863,0.123231,深A,2025-09-02 15:34:15,2025-09-02
113606,荣泰转债,4.58,170.922,176.826,155.585,163.578,7.491,1042.29,1.8,-,633243,1056569365.0,163.431,103843319,103843319,1.113606,沪A,2025-09-02 16:11:55,2025-09-02
113675,新23转债,3.34,133.254,134.0,126.149,129.051,4.303,29.58,3.28,-,343084,450978740.0,128.951,1545589294,1545589294,1.113675,沪A,2025-09-02 16:11:42,2025-09-02
113575,东时转债,3.01,195.405,202.88,183.5,195.0,5.706,878.51,1.05,-,857466,1655117533.0,189.699,190725050,190725050,1.113575,沪A,2025-09-02 16:11:48,2025-09-02
113673,岱美转债,2.42,122.075,122.148,117.897,119.263,2.881,10.24,2.11,-,92942,111910476.0,119.194,1108331133,1108331133,1.113673,沪A,2025-09-02 16:11:46,2025-09-02
128076,金轮转债,1.82,139.88,143.099,137.399,137.899,2.5,231.12,2.88,-,424172,597290194.256,137.38,256719106,256719106,0.128076,深A,2025-09-02 15:34:33,2025-09-02
127033,Z装转2,1.76,90.159,91.65,88.3,88.651,1.559,56.29,1.69,-,430022,387276011.983,88.6,688712430,688712430,0.127033,深A,2025-09-02 15:34:42,2025-09-02
123183,海顺转债,1.59,126.0,126.58,123.866,124.067,1.97,25.42,2.51,-,160904,201000251.9,124.03,797433336,797433336,0.123183,深A,2025-09-02 15:34:42,2025-09-02
128129,青农转债,1.43,112.791,112.984,110.361,111.095,1.594,3.59,0.92,-,179299,200131132.503,111.197,5639194596,5639194596,0.128129,深A,2025-09-02 15:34:39,2025-09-02
113062,常银转债,1.04,130.202,130.49,128.22,128.81,1.338,3.35,1.22,-,200815,260171332.0,128.864,7811466386,7811466386,1.113062,沪A,2025-09-02 16:11:50,2025-09-02
127064,杭氧转债,1.01,127.471,129.62,125.719,126.4,1.271,13.23,2.85,-,150337,191888951.55,126.2,1448850810,1448850810,0.127064,深A,2025-09-02 15:35:00,2025-09-02
113056,重银转债,0.98,122.173,122.447,120.3,121.14,1.182,2.65,1.03,-,344159,418647662.0,120.991,15881446643,15881446643,1.113056,沪A,2025-09-02 16:12:00,2025-09-02
123192,科思转债,0.95,121.811,123.26,119.41,120.784,1.148,12.7,1.48,-,91240,110607385.723,120.663,875427884,875427884,0.123192,深A,2025-09-02 15:34:09,2025-09-02
113685,升24转债,0.93,130.356,131.48,125.56,129.315,1.195,9.25,2.2,-,235139,302170141.0,129.161,3312176758,3312176758,1.113685,沪A,2025-09-02 16:11:35,2025-09-02
113049,长汽转债,0.85,117.515,118.298,115.417,116.5,0.995,2.31,0.8,-,80839,94278041.0,116.52,4107265590,4107265590,1.113049,沪A,2025-09-02 16:11:58,2025-09-02
123159,崧盛转债,0.78,145.0,148.92,136.316,147.0,1.12,190.01,2.55,-,559272,802205365.144,143.88,426780530,426780530,0.123159,深A,2025-09-02 15:34:21,2025-09-02
110077,洪城转债,0.75,201.549,202.2,197.03,200.15,1.499,4.35,0.76,-,29076,58037107.0,200.05,1347296616,1347296616,1.110077,沪A,2025-09-02 16:11:34,2025-09-02
123209,聚隆转债,0.7,212.895,218.673,200.998,212.095,1.475,179.82,2.56,-,301165,638758685.64,211.42,356553565,356553565,0.123209,深A,2025-09-02 15:35:03,2025-09-02
113037,紫银转债,0.69,112.487,112.68,111.384,111.508,0.766,3.02,1.31,-,135765,151848007.0,111.721,5061429056,5061429056,1.113037,沪A,2025-09-02 16:11:35,2025-09-02
127093,章鼓转债,0.69,140.0,140.919,137.449,139.037,0.963,37.13,1.82,-,90036,125246291.146,139.037,339528420,339528420,0.127093,深A,2025-09-02 15:34:06,2025-09-02
113605,大参转债,0.67,122.722,122.942,120.935,121.978,0.82,5.03,1.06,-,70608,86080971.0,121.902,1723799846,1723799846,1.113605,沪A,2025-09-02 16:11:54,2025-09-02
111016,神通转债,0.66,151.652,153.425,147.174,150.507,0.994,33.41,1.24,-,183497,276276288.0,150.658,832878395,832878395,1.111016,沪A,2025-09-02 16:11:49,2025-09-02
123189,晓鸣转债,0.65,140.192,145.349,138.999,139.302,0.902,176.66,1.59,-,580682,827483614.051,139.29,460819656,460819656,0.123189,深A,2025-09-02 15:34:42,2025-09-02
118000,嘉元转债,0.62,128.711,137.339,128.2,128.306,0.798,79.16,7.56,-,774456,1025377579.0,127.913,1259235059,1259235059,1.118000,沪A,2025-09-02 16:11:45,2025-09-02
113052,兴业转债,0.59,123.505,123.795,121.354,122.7,0.723,2.19,1.65,-,906993,1110239422.0,122.782,51072016825,51072016825,1.113052,沪A,2025-09-02 16:11:54,2025-09-02
123224,宇邦转债,0.59,128.678,132.041,127.398,127.92,0.758,30.17,3.41,-,85932,111207923.662,127.92,366535294,366535294,0.123224,深A,2025-09-02 15:34:42,2025-09-02
110067,华安转债,0.58,131.689,132.166,129.0,131.0,0.759,5.97,1.23,-,167158,218484723.0,130.93,3686206883,3686206883,1.110067,沪A,2025-09-02 16:12:01,2025-09-02
113682,益丰转债,0.57,120.998,121.4,118.797,119.9,0.691,3.74,1.13,-,67191,80585747.0,120.307,2174642605,2174642605,1.113682,沪A,2025-09-02 16:11:38,2025-09-02
123085,万顺转2,0.57,134.881,139.998,134.121,137.975,0.768,89.65,2.21,-,480940,660442753.303,134.113,723579780,723579780,0.123085,深A,2025-09-02 15:34:54,2025-09-02
123162,东杰转债,0.57,302.5,322.664,290.63,307.8,1.72,2407.63,1.42,-,2219875,6824878532.672,300.78,278909840,278909840,0.123162,深A,2025-09-02 15:34:24,2025-09-02
113692,保隆转债,0.48,128.509,129.799,126.001,128.002,0.62,8.58,0.79,-,119196,152157417.0,127.889,1786131298,1786131298,1.113692,沪A,2025-09-02 16:12:00,2025-09-02
123188,水羊转债,0.43,181.297,184.2,175.782,181.148,0.785,44.69,0.43,-,300467,541799365.975,180.512,1218889826,1218889826,0.123188,深A,2025-09-02 15:34:39,2025-09-02
118058,微导转债,0.41,219.506,245.452,214.0,215.0,0.89,149.93,1.67,-,1754161,4085149445.0,218.616,2568220200,2568220200,1.118058,沪A,2025-09-02 16:11:49,2025-09-02
110073,国投转债,0.4,121.078,121.442,118.906,120.798,0.48,2.58,0.87,-,206197,247620212.0,120.598,9685219312,9685219312,1.110073,沪A,2025-09-02 16:11:41,2025-09-02
110086,精工转债,0.4,115.592,116.365,113.137,115.147,0.46,6.95,1.87,-,139072,160043761.0,115.132,2311748682,2311748682,1.110086,沪A,2025-09-02 16:11:46,2025-09-02
128119,龙大转债,0.38,115.637,115.807,114.41,115.3,0.437,5.16,1.36,-,48796,56136804.626,115.2,1093981063,1093981063,0.128119,深A,2025-09-02 15:34:36,2025-09-02
123072,乐歌转债,0.37,129.48,129.758,128.704,129.149,0.48,7.74,0.61,-,10975,14177876.27,129.0,183614034,183614034,0.123072,深A,2025-09-02 15:34:51,2025-09-02
123180,浙矿转债,0.34,119.0,119.067,117.6,118.65,0.402,4.02,0.65,-,12865,15222995.136,118.598,380698017,380698017,0.123180,深A,2025-09-02 15:34:36,2025-09-02
123233,凯盛转债,0.34,133.505,135.203,129.0,133.0,0.455,23.39,1.82,-,152024,201052766.338,133.05,867583578,867583578,0.123233,深A,2025-09-02 15:34:21,2025-09-02
118034,晶能转债,0.33,112.959,114.1,110.793,112.678,0.374,2.23,0.93,-,223315,250594065.0,112.585,11295767838,11295767838,1.118034,沪A,2025-09-02 16:11:41,2025-09-02
113648,巨星转债,0.33,121.092,121.545,119.9,120.7,0.401,5.13,0.69,-,46169,55707869.0,120.691,1089511950,1089511950,1.113648,沪A,2025-09-02 16:11:46,2025-09-02
123185,能辉转债,0.33,129.254,130.0,126.088,128.834,0.421,19.29,0.96,-,67091,85955250.125,128.833,449643128,449643128,0.123185,深A,2025-09-02 15:34:45,2025-09-02
127098,欧晶转债,0.33,117.39,118.165,115.348,116.998,0.39,8.54,1.24,-,40070,46694650.938,117.0,550913618,550913618,0.127098,深A,2025-09-02 15:35:00,2025-09-02
127037,银轮转债,0.31,404.9,413.2,384.326,402.843,1.25,31.8,1.16,-,160796,645141247.63,403.65,2047184118,2047184118,0.127037,深A,2025-09-02 15:34:42,2025-09-02
113647,禾丰转债,0.27,119.15,119.688,116.55,118.942,0.315,5.23,0.99,-,76715,90625160.0,118.835,1747893564,1747893564,1.113647,沪A,2025-09-02 16:11:36,2025-09-02
110063,鹰19转债,0.26,118.787,118.92,116.985,118.4,0.303,3.73,1.17,-,47482,55978710.0,118.484,1511209402,1511209402,1.110063,沪A,2025-09-02 16:11:37,2025-09-02
113632,鹤21转债,0.26,130.779,131.25,128.562,130.48,0.338,18.83,1.68,-,383123,496640214.0,130.441,2660568499,2660568499,1.113632,沪A,2025-09-02 16:11:40,2025-09-02
113043,财通转债,0.25,133.336,133.986,130.738,133.004,0.331,4.73,0.97,-,179842,238028971.0,133.005,5065994651,5065994651,1.113043,沪A,2025-09-02 16:11:38,2025-09-02
113680,丽岛转债,0.25,127.013,130.944,125.125,126.621,0.315,28.57,2.37,-,85690,108910926.0,126.698,380895475,380895475,1.113680,沪A,2025-09-02 16:11:41,2025-09-02
127085,韵达转债,0.24,118.584,118.704,115.415,118.295,0.284,4.86,1.32,-,119113,139056882.783,118.3,2905222264,2905222264,0.127085,深A,2025-09-02 15:34:18,2025-09-02
127030,盛虹转债,0.24,117.181,117.677,115.101,117.087,0.281,2.0,0.67,-,99767,116124335.538,116.9,5856084618,5856084618,0.127030,深A,2025-09-02 15:34:24,2025-09-02
127034,绿茵转债,0.22,121.177,121.257,119.29,120.92,0.264,7.17,1.04,-,30687,36882709.335,120.913,518517474,518517474,0.127034,深A,2025-09-02 15:34:45,2025-09-02
123128,首华转债,0.21,121.13,122.4,119.261,120.88,0.249,5.88,0.75,-,78851,95029293.62,120.881,1623528526,1623528526,0.123128,深A,2025-09-02 15:34:57,2025-09-02
127019,国城转债,0.19,128.5,129.96,127.251,128.5,0.249,11.9,1.47,-,89463,115105523.74,128.251,966073409,966073409,0.127019,深A,2025-09-02 15:34:57,2025-09-02
113033,利群转债,0.18,112.599,112.75,111.203,112.403,0.207,5.63,1.05,-,72986,81732714.0,112.392,1460019437,1460019437,1.113033,沪A,2025-09-02 16:11:52,2025-09-02
127108,太能转债,0.18,118.914,119.99,117.253,118.698,0.213,2.56,0.86,-,75442,89468043.44,118.701,3507963000,3507963000,0.127108,深A,2025-09-02 15:34:06,2025-09-02
123250,嘉益转债,0.17,121.085,121.594,119.161,120.87,0.205,9.76,0.97,-,38592,46492291.246,120.88,478920599,478920599,0.123250,深A,2025-09-02 15:34:51,2025-09-02
113042,上银转债,0.14,124.999,125.24,123.7,124.55,0.18,2.55,1.1,-,509479,634571611.0,124.819,24972108097,24972108097,1.113042,沪A,2025-09-02 16:11:49,2025-09-02
127055,精装转债,0.13,190.635,195.2,187.663,192.0,0.255,131.42,1.05,-,279013,533508503.33,190.38,404728781,404728781,0.127055,深A,2025-09-02 15:34:42,2025-09-02
113666,爱玛转债,0.12,124.618,125.289,122.88,124.64,0.154,3.75,0.98,-,75037,92999770.0,124.464,2491735664,2491735664,1.113666,沪A,2025-09-02 16:11:53,2025-09-02
127017,万青转债,0.12,113.9,114.186,113.103,113.764,0.135,5.11,1.38,-,51112,58058039.419,113.765,1138487564,1138487564,0.127017,深A,2025-09-02 15:34:54,2025-09-02
127025,冀东转债,0.11,106.971,107.491,106.213,107.05,0.121,3.08,1.08,-,54793,58591443.867,106.85,1900248676,1900248676,0.127025,深A,2025-09-02 15:34:36,2025-09-02
127016,鲁泰转债,0.1,113.076,113.196,112.057,112.938,0.115,4.23,0.83,-,59252,66714759.382,112.961,1582883078,1582883078,0.127016,深A,2025-09-02 15:34:36,2025-09-02
111002,特纸转债,0.09,121.645,122.71,119.834,121.25,0.109,5.39,1.05,-,35646,43146433.0,121.536,805187718,805187718,1.111002,沪A,2025-09-02 16:11:35,2025-09-02
113625,江山转债,0.09,120.604,121.199,118.9,120.496,0.108,4.99,0.87,-,29067,34892721.0,120.496,702561717,702561717,1.113625,沪A,2025-09-02 16:11:40,2025-09-02
113638,台21转债,0.08,118.81,120.118,116.406,118.815,0.095,7.33,1.47,-,43953,52065609.0,118.715,712558223,712558223,1.113638,沪A,2025-09-02 16:11:54,2025-09-02
113584,家悦转债,0.08,118.52,118.655,117.614,118.18,0.092,4.92,0.8,-,31722,37496036.0,118.428,764311776,764311776,1.113584,沪A,2025-09-02 16:11:33,2025-09-02
123161,强联转债,0.08,162.834,165.7,159.4,163.5,0.134,37.18,1.15,-,241584,392908799.31,162.7,1058083445,1058083445,0.123161,深A,2025-09-02 15:34:24,2025-09-02
110064,建工转债,0.08,114.79,115.082,113.503,114.744,0.096,5.31,1.41,-,67190,76718317.0,114.694,1451506923,1451506923,1.110064,沪A,2025-09-02 16:11:52,2025-09-02
113070,渝水转债,0.07,123.487,123.862,121.9,123.4,0.081,4.63,1.36,-,87883,107985810.0,123.406,2346125808,2346125808,1.113070,沪A,2025-09-02 16:11:53,2025-09-02
127038,国微转债,0.06,125.998,126.242,123.522,126.015,0.075,7.43,1.32,-,110789,138240029.986,125.923,1879964625,1879964625,0.127038,深A,2025-09-02 15:34:48,2025-09-02
123254,亿纬转债,0.06,135.258,136.733,133.2,135.586,0.078,6.21,0.81,-,310467,418539279.968,135.18,6762900000,6762900000,0.123254,深A,2025-09-02 15:34:30,2025-09-02
113677,华懋转债,0.04,179.844,180.86,171.0,179.8,0.066,24.29,0.94,-,255067,448861910.0,179.778,1888274056,1888274056,1.113677,沪A,2025-09-02 16:11:34,2025-09-02
113051,节能转债,0.04,119.66,120.094,118.6,119.779,0.05,2.06,0.86,-,61728,73683244.0,119.61,3588163051,3588163051,1.113051,沪A,2025-09-02 16:11:40,2025-09-02
113067,燃23转债,0.04,123.432,123.649,122.0,123.1,0.045,1.3,0.62,-,39068,47937946.0,123.387,3702856317,3702856317,1.113067,沪A,2025-09-02 16:11:41,2025-09-02
110059,浦发转债,0.02,112.476,112.627,111.6,112.449,0.027,2.7,1.49,-,942925,1056191538.0,112.449,39304835379,39304835379,1.110059,沪A,2025-09-02 16:11:54,2025-09-02
127066,科利转债,0.02,127.505,128.24,124.038,127.537,0.03,7.47,1.18,-,114544,144478751.787,127.475,1956208741,1956208741,0.127066,深A,2025-09-02 15:34:51,2025-09-02
113631,皖天转债,0.02,133.377,133.988,131.543,133.2,0.022,8.68,1.13,-,72892,96796706.0,133.355,1120262766,1120262766,1.113631,沪A,2025-09-02 16:11:32,2025-09-02
127040,国泰转债,0.0,125.906,126.994,123.195,125.75,0.006,2.14,0.64,-,85174,106534012.683,125.9,5019837596,5019837596,0.127040,深A,2025-09-02 15:34:36,2025-09-02
127047,帝欧转债,0.0,129.0,129.741,127.101,129.388,0.0,5.08,0.53,-,43369,55702082.316,129.0,1101296736,1101296736,0.127047,深A,2025-09-02 15:34:54,2025-09-02
128116,瑞达转债,0.0,130.881,131.55,128.765,131.46,0.0,7.74,0.8,-,50223,65293817.485,130.881,849314948,849314948,0.128116,深A,2025-09-02 15:34:24,2025-09-02
111001,山玻转债,0.0,124.104,125.407,123.09,124.5,-0.001,3.39,0.63,-,20324,25204872.0,124.105,744386961,744386961,1.111001,沪A,2025-09-02 16:11:49,2025-09-02
113681,镇洋转债,0.0,145.217,-,-,-,0.0,0.0,-,-,-,-,145.217,843031154,843031154,1.113681,沪A,2025-09-02 16:11:44,2025-09-02
127027,能化转债,-0.03,116.465,117.27,114.9,116.5,-0.035,2.44,0.78,-,47516,55108808.18,116.5,2266843664,2266843664,0.127027,深A,2025-09-02 15:34:39,2025-09-02
113671,武进转债,-0.04,119.448,119.833,117.249,119.7,-0.052,9.38,1.15,-,29063,34450803.0,119.5,370220715,370220715,1.113671,沪A,2025-09-02 16:12:00,2025-09-02
113636,甬金转债,-0.04,118.139,119.03,116.859,118.201,-0.043,4.83,1.22,-,48268,56891503.0,118.182,1180814663,1180814663,1.113636,沪A,2025-09-02 16:12:01,2025-09-02
123150,九强转债,-0.04,120.346,121.0,118.555,120.401,-0.054,3.77,0.69,-,42208,50480189.655,120.4,1349105256,1349105256,0.123150,深A,2025-09-02 15:34:18,2025-09-02
123088,威唐转债,-0.04,130.25,131.009,127.127,130.454,-0.05,12.79,0.93,-,38430,49698378.014,130.3,391331566,391331566,0.123088,深A,2025-09-02 15:34:57,2025-09-02
113653,永22转债,-0.08,121.254,123.249,119.251,121.3,-0.101,3.42,0.69,-,26340,31754904.0,121.355,933609723,933609723,1.113653,沪A,2025-09-02 16:11:42,2025-09-02
127109,电化转债,-0.09,167.5,179.762,165.013,167.76,-0.147,117.09,3.83,-,570214,984575832.723,167.647,815725000,815725000,0.127109,深A,2025-09-02 15:34:18,2025-09-02
113066,平煤转债,-0.09,132.973,133.506,130.0,133.39,-0.117,5.0,1.47,-,71338,94245855.0,133.09,1898295953,1898295953,1.113066,沪A,2025-09-02 16:12:01,2025-09-02
113665,汇通转债,-0.09,121.173,122.444,119.301,121.419,-0.112,9.53,0.97,-,34292,41372504.0,121.285,435791424,435791424,1.113665,沪A,2025-09-02 16:11:33,2025-09-02
123179,立高转债,-0.09,117.88,118.227,116.75,117.901,-0.111,3.22,0.68,-,30631,35969403.493,117.991,1119801178,1119801178,0.123179,深A,2025-09-02 15:34:36,2025-09-02
127080,声迅转债,-0.1,126.009,126.332,124.6,126.094,-0.123,3.13,0.78,-,8740,10957465.97,126.132,352025421,352025421,0.127080,深A,2025-09-02 15:34:24,2025-09-02
113676,荣23转债,-0.1,127.174,128.3,125.66,127.296,-0.124,10.78,1.13,-,62101,78778520.0,127.298,732288240,732288240,1.113676,沪A,2025-09-02 16:11:54,2025-09-02
123039,开润转债,-0.1,116.95,117.558,116.325,117.0,-0.115,8.37,0.75,-,18560,21667231.59,117.065,259190321,259190321,0.123039,深A,2025-09-02 15:34:42,2025-09-02
123109,昌红转债,-0.11,121.115,122.347,119.519,121.3,-0.134,5.91,0.92,-,27161,32781607.9,121.249,556552371,556552371,0.123109,深A,2025-09-02 15:35:03,2025-09-02
113634,珀莱转债,-0.12,127.335,127.97,125.767,127.11,-0.154,6.6,0.87,-,49514,62793749.0,127.489,955956180,955956180,1.113634,沪A,2025-09-02 16:11:46,2025-09-02
113633,科沃转债,-0.13,118.583,119.58,117.007,118.84,-0.159,6.04,0.99,-,62809,74300884.0,118.742,1232752819,1232752819,1.113633,沪A,2025-09-02 16:11:58,2025-09-02
111014,李子转债,-0.13,119.62,120.475,118.242,119.828,-0.161,10.71,0.95,-,64227,76526560.0,119.781,717645836,717645836,1.111014,沪A,2025-09-02 16:11:36,2025-09-02
123089,九洲转2,-0.13,145.3,147.099,142.67,145.695,-0.195,41.48,0.86,-,71730,104072108.45,145.495,251232563,251232563,0.123089,深A,2025-09-02 15:34:51,2025-09-02
123090,三诺转债,-0.16,118.801,119.225,118.259,118.996,-0.196,4.18,0.83,-,20821,24717250.03,118.997,592080899,592080899,0.123090,深A,2025-09-02 15:34:42,2025-09-02
113563,柳药转债,-0.17,110.443,110.994,109.868,110.7,-0.192,5.65,0.79,-,45318,50022977.0,110.635,885618120,885618120,1.113563,沪A,2025-09-02 16:11:42,2025-09-02
123117,健帆转债,-0.17,117.0,118.91,115.717,117.397,-0.2,4.56,1.08,-,45579,53288270.173,117.2,1169805312,1169805312,0.123117,深A,2025-09-02 15:34:51,2025-09-02
127059,永东转2,-0.17,120.17,120.876,118.502,120.477,-0.207,7.23,1.08,-,27408,32774436.37,120.377,455554015,455554015,0.127059,深A,2025-09-02 15:34:45,2025-09-02
128138,侨银转债,-0.18,130.564,130.99,129.9,130.801,-0.235,7.22,0.77,-,30301,39496198.675,130.799,548187447,548187447,0.128138,深A,2025-09-02 15:34:45,2025-09-02
113659,莱克转债,-0.18,118.989,120.7,117.001,119.1,-0.217,3.69,1.01,-,44255,52579911.0,119.206,1427696656,1427696656,1.113659,沪A,2025-09-02 16:11:44,2025-09-02
127068,顺博转债,-0.19,112.76,113.5,111.01,112.964,-0.211,5.49,0.91,-,45565,51128004.606,112.971,935866730,935866730,0.127068,深A,2025-09-02 15:34:18,2025-09-02
113545,金能转债,-0.19,111.466,111.9,111.054,111.476,-0.214,3.88,0.55,-,37057,41262687.0,111.68,1065736458,1065736458,1.113545,沪A,2025-09-02 16:11:55,2025-09-02
113589,天创转债,-0.19,212.877,213.487,211.05,213.287,-0.41,7.51,0.56,-,5002,10625186.0,213.287,141782468,141782468,1.113589,沪A,2025-09-02 16:11:55,2025-09-02
128136,立讯转债,-0.19,122.18,122.78,119.779,122.1,-0.234,4.72,0.66,-,141687,171456115.88,122.414,3664100249,3664100249,0.128136,深A,2025-09-02 15:34:48,2025-09-02
113690,豪24转债,-0.2,253.507,260.0,227.8,254.886,-0.499,100.35,3.83,-,384585,945562565.0,254.006,971548086,971548086,1.113690,沪A,2025-09-02 16:11:45,2025-09-02
113624,正川转债,-0.2,120.365,120.957,119.136,120.809,-0.244,3.51,0.94,-,14204,17021768.0,120.609,487273630,487273630,1.113624,沪A,2025-09-02 16:11:48,2025-09-02
113683,伟24转债,-0.23,135.286,136.09,133.55,135.803,-0.317,8.81,0.86,-,25100,33809650.0,135.603,385220121,385220121,1.113683,沪A,2025-09-02 16:11:59,2025-09-02
127072,博实转债,-0.25,133.87,135.14,130.71,134.4,-0.33,15.9,1.27,-,71519,95014549.503,134.2,602180326,602180326,0.127072,深A,2025-09-02 15:34:48,2025-09-02
128135,洽洽转债,-0.26,116.372,116.78,116.173,116.673,-0.301,4.19,1.33,-,56172,65379806.14,116.673,1559202329,1559202329,0.128135,深A,2025-09-02 15:34:21,2025-09-02
123112,万讯转债,-0.27,133.891,135.4,131.376,134.1,-0.359,13.49,0.92,-,30558,40637467.49,134.25,303205542,303205542,0.123112,深A,2025-09-02 15:34:45,2025-09-02
113674,华设转债,-0.28,126.468,127.305,124.294,126.539,-0.352,8.71,1.59,-,34838,43792945.0,126.82,505713915,505713915,1.113674,沪A,2025-09-02 16:11:52,2025-09-02
110084,贵燃转债,-0.3,121.972,122.488,120.369,122.338,-0.368,5.04,0.71,-,46099,55999704.0,122.34,1116162113,1116162113,1.110084,沪A,2025-09-02 16:11:38,2025-09-02
127096,泰坦转债,-0.3,142.672,144.326,139.776,143.0,-0.428,16.58,0.72,-,48410,68558090.41,143.1,416615366,416615366,0.127096,深A,2025-09-02 15:35:00,2025-09-02
128121,宏川转债,-0.3,114.133,114.5,113.051,114.5,-0.342,3.74,0.72,-,24362,27729295.451,114.475,744187335,744187335,0.128121,深A,2025-09-02 15:34:18,2025-09-02
128108,蓝帆转债,-0.31,106.698,107.2,106.45,107.2,-0.332,4.24,1.03,-,64528,68862445.69,107.03,1622304892,1622304892,0.128108,深A,2025-09-02 15:34:21,2025-09-02
113696,伯25转债,-0.31,132.463,133.29,130.1,132.863,-0.416,5.73,0.92,-,160543,210938276.0,132.879,3711613260,3711613260,1.113696,沪A,2025-09-02 16:11:35,2025-09-02
113644,艾迪转债,-0.31,122.61,123.379,120.51,122.94,-0.379,4.38,1.12,-,43826,53381209.0,122.989,1226027660,1226027660,1.113644,沪A,2025-09-02 16:11:43,2025-09-02
128097,奥佳转债,-0.32,110.877,111.288,110.616,111.06,-0.353,5.69,0.8,-,26053,28878198.04,111.23,508101836,508101836,0.128097,深A,2025-09-02 15:34:33,2025-09-02
118022,锂科转债,-0.34,112.22,112.694,110.732,112.657,-0.386,2.73,1.08,-,88772,99088169.0,112.606,3646922193,3646922193,1.118022,沪A,2025-09-02 16:12:01,2025-09-02
127086,恒邦转债,-0.34,132.032,133.32,130.115,133.0,-0.453,4.6,1.07,-,145294,191222462.686,132.485,4171188876,4171188876,0.127086,深A,2025-09-02 15:34:21,2025-09-02
113623,凤21转债,-0.36,125.456,126.337,123.801,126.084,-0.448,5.52,0.61,-,138114,172879108.0,125.904,3136293362,3136293362,1.113623,沪A,2025-09-02 16:12:00,2025-09-02
118032,建龙转债,-0.36,117.337,117.857,115.184,117.766,-0.429,3.45,0.87,-,24144,28108099.0,117.766,821227583,821227583,1.118032,沪A,2025-09-02 16:11:42,2025-09-02
127018,本钢转债,-0.37,119.767,120.389,119.277,120.3,-0.443,2.44,0.99,-,137626,164826957.888,120.21,6744029588,6744029588,0.127018,深A,2025-09-02 15:34:21,2025-09-02
123225,翔丰转债,-0.38,134.513,137.0,133.25,135.149,-0.511,17.04,1.72,-,97717,131706080.024,135.024,771412013,771412013,0.123225,深A,2025-09-02 15:35:00,2025-09-02
113039,嘉泽转债,-0.38,135.417,136.246,134.172,136.137,-0.52,10.89,0.54,-,31328,42341613.0,135.937,389521584,389521584,1.113039,沪A,2025-09-02 16:11:35,2025-09-02
127024,盈峰转债,-0.38,122.959,123.873,120.671,123.542,-0.472,6.2,1.0,-,91544,111794454.978,123.431,1814915048,1814915048,0.127024,深A,2025-09-02 15:35:00,2025-09-02
127073,天赐转债,-0.39,119.975,120.775,118.6,120.315,-0.465,1.83,0.7,-,62372,74611301.422,120.44,4091199569,4091199569,0.127073,深A,2025-09-02 15:34:51,2025-09-02
111010,立昂转债,-0.39,118.808,119.376,117.4,118.918,-0.468,3.07,1.0,-,104161,122995612.0,119.276,4027154105,4027154105,1.111010,沪A,2025-09-02 16:11:45,2025-09-02
118043,福立转债,-0.39,203.888,209.494,191.318,206.187,-0.791,76.07,1.64,-,325686,653185912.0,204.679,872899578,872899578,1.118043,沪A,2025-09-02 16:11:45,2025-09-02
113693,志邦转债,-0.39,122.708,123.499,120.6,123.2,-0.486,5.57,1.33,-,37310,45491629.0,123.194,822143600,822143600,1.113693,沪A,2025-09-02 16:11:35,2025-09-02
113670,金23转债,-0.39,117.134,117.797,115.901,117.592,-0.458,3.14,0.84,-,24173,28179014.0,117.592,901922429,901922429,1.113670,沪A,2025-09-02 16:11:37,2025-09-02
123230,金钟转债,-0.44,128.538,129.933,126.141,129.1,-0.562,12.24,0.78,-,42825,54762056.498,129.1,449646490,449646490,0.123230,深A,2025-09-02 15:34:09,2025-09-02
113053,隆22转债,-0.45,124.69,125.545,122.87,124.8,-0.567,2.59,0.9,-,181140,225153615.0,125.257,8721788688,8721788688,1.113053,沪A,2025-09-02 16:11:59,2025-09-02
127045,牧原转债,-0.45,131.599,132.9,130.301,132.2,-0.601,3.29,0.88,-,314101,413394212.802,132.2,12558563370,12558563370,0.127045,深A,2025-09-02 15:34:33,2025-09-02
113579,健友转债,-0.45,110.511,111.321,110.149,110.885,-0.495,4.04,0.68,-,20324,22478984.0,111.006,555277991,555277991,1.113579,沪A,2025-09-02 16:11:53,2025-09-02
127050,麒麟转债,-0.45,125.108,126.14,123.45,125.78,-0.562,3.81,0.59,-,79539,99082658.734,125.67,2609837703,2609837703,0.127050,深A,2025-09-02 15:34:09,2025-09-02
123165,回天转债,-0.47,119.265,119.998,118.5,119.818,-0.56,6.79,1.37,-,57659,68609027.932,119.825,1013459943,1013459943,0.123165,深A,2025-09-02 15:35:03,2025-09-02
113054,绿动转债,-0.47,116.21,116.929,115.593,116.6,-0.554,2.44,0.75,-,57525,66744509.0,116.764,2742403765,2742403765,1.113054,沪A,2025-09-02 16:11:49,2025-09-02
111004,明新转债,-0.48,127.412,130.09,125.299,128.024,-0.614,8.66,0.96,-,58256,73942214.0,128.026,857356622,857356622,1.111004,沪A,2025-09-02 16:11:59,2025-09-02
113660,寿22转债,-0.48,118.031,118.61,116.474,118.15,-0.572,3.71,0.99,-,14755,17329929.0,118.603,469396304,469396304,1.113660,沪A,2025-09-02 16:11:59,2025-09-02
127041,弘亚转债,-0.48,123.2,124.999,121.666,124.058,-0.6,6.93,0.85,-,41578,51103514.784,123.8,739088134,739088134,0.127041,深A,2025-09-02 15:34:39,2025-09-02
123172,漱玉转债,-0.48,118.238,119.115,116.942,118.52,-0.57,5.73,0.86,-,45813,53925467.71,118.808,945675919,945675919,0.123172,深A,2025-09-02 15:34:30,2025-09-02
123229,艾录转债,-0.49,128.889,129.88,127.666,129.598,-0.629,9.82,0.89,-,17468,22500009.47,129.518,229355913,229355913,0.123229,深A,2025-09-02 15:35:03,2025-09-02
118005,天奈转债,-0.49,116.468,118.3,115.19,116.942,-0.574,3.73,0.88,-,30949,36067169.0,117.042,966614519,966614519,1.118005,沪A,2025-09-02 16:11:47,2025-09-02
128124,科华转债,-0.5,109.047,110.08,108.64,109.603,-0.553,8.37,0.86,-,18830,20524412.397,109.6,245404930,245404930,0.128124,深A,2025-09-02 15:34:39,2025-09-02
113652,伟22转债,-0.5,119.861,120.911,117.801,120.666,-0.605,3.62,1.06,-,53450,63606618.0,120.466,1770130022,1770130022,1.113652,沪A,2025-09-02 16:11:46,2025-09-02
123168,惠云转债,-0.5,123.59,124.651,121.841,124.31,-0.621,15.3,1.11,-,74972,92241736.28,124.211,605484095,605484095,0.123168,深A,2025-09-02 15:34:06,2025-09-02
128127,文科转债,-0.51,117.264,118.187,116.508,118.0,-0.606,5.0,0.69,-,40217,47139596.73,117.87,942581752,942581752,0.128127,深A,2025-09-02 15:34:27,2025-09-02
127056,中特转债,-0.52,112.495,113.156,111.511,113.126,-0.593,1.7,0.87,-,84769,95104757.83,113.088,5624346368,5624346368,0.127056,深A,2025-09-02 15:34:42,2025-09-02
127082,亚科转债,-0.52,132.642,133.46,129.636,133.339,-0.697,10.99,1.2,-,127407,167625656.794,133.339,1537125266,1537125266,0.127082,深A,2025-09-02 15:34:54,2025-09-02
111017,蓝天转债,-0.52,132.651,133.796,131.104,133.299,-0.688,7.51,1.01,-,50438,66678833.0,133.339,890799219,890799219,1.111017,沪A,2025-09-02 16:11:52,2025-09-02
123151,康医转债,-0.52,117.177,117.92,116.165,117.788,-0.611,2.64,0.76,-,18467,21607888.638,117.788,820027378,820027378,0.123151,深A,2025-09-02 15:35:00,2025-09-02
110090,爱迪转债,-0.52,132.032,133.796,128.144,132.76,-0.688,12.89,1.72,-,202276,264485073.0,132.72,2072559117,2072559117,1.110090,沪A,2025-09-02 16:11:55,2025-09-02
123114,三角转债,-0.56,122.851,123.626,121.501,123.56,-0.696,4.98,0.92,-,44804,54873287.664,123.547,1106044506,1106044506,0.123114,深A,2025-09-02 15:34:48,2025-09-02
127062,垒知转债,-0.56,121.637,122.5,120.299,122.322,-0.688,5.45,1.0,-,21558,26157143.5,122.325,481517094,481517094,0.127062,深A,2025-09-02 15:34:48,2025-09-02
128134,鸿路转债,-0.57,116.592,117.87,115.0,117.498,-0.668,2.89,1.29,-,45410,52932837.016,117.26,1833691936,1833691936,0.128134,深A,2025-09-02 15:34:42,2025-09-02
127075,百川转2,-0.59,116.112,116.841,115.0,116.827,-0.688,6.97,0.96,-,67415,78080948.957,116.8,1122525416,1122525416,0.127075,深A,2025-09-02 15:34:12,2025-09-02
113691,和邦转债,-0.59,120.5,122.036,119.123,121.2,-0.714,4.01,1.24,-,184349,221973206.0,121.214,5542673445,5542673445,1.113691,沪A,2025-09-02 16:11:50,2025-09-02
123142,申昊转债,-0.6,119.4,120.181,117.35,120.18,-0.72,3.66,1.04,-,20134,23881426.514,120.12,656070762,656070762,0.123142,深A,2025-09-02 15:35:00,2025-09-02
118035,国力转债,-0.61,133.543,135.85,131.8,134.563,-0.82,8.92,1.24,-,42817,56978647.0,134.363,640982362,640982362,1.118035,沪A,2025-09-02 16:11:44,2025-09-02
123080,海波转债,-0.62,177.85,180.79,175.1,180.79,-1.108,24.68,0.82,-,36687,64854009.168,178.958,264349126,264349126,0.123080,深A,2025-09-02 15:34:42,2025-09-02
110089,兴发转债,-0.62,127.229,129.5,124.769,128.028,-0.8,4.94,0.83,-,138277,174977699.0,128.029,3562104106,3562104106,1.110089,沪A,2025-09-02 16:11:46,2025-09-02
111015,东亚转债,-0.63,119.003,120.5,117.152,120.5,-0.752,13.61,1.23,-,90679,107357436.0,119.755,792824167,792824167,1.111015,沪A,2025-09-02 16:11:49,2025-09-02
128128,齐翔转2,-0.63,119.729,120.995,118.618,120.56,-0.755,5.76,1.02,-,39143,46877278.404,120.484,813421585,813421585,0.128128,深A,2025-09-02 15:34:18,2025-09-02
113688,国检转债,-0.63,128.248,129.151,126.648,128.68,-0.815,8.41,1.16,-,67227,85851143.0,129.063,1025718527,1025718527,1.113688,沪A,2025-09-02 16:11:37,2025-09-02
127103,东南转债,-0.63,110.623,111.396,110.23,111.39,-0.7,3.91,0.82,-,78284,86544909.302,111.323,2212347275,2212347275,0.127103,深A,2025-09-02 15:35:03,2025-09-02
113694,清源转债,-0.64,127.408,128.839,125.722,128.141,-0.823,7.27,1.04,-,36369,46270149.0,128.231,637040000,637040000,1.113694,沪A,2025-09-02 16:11:58,2025-09-02
110094,众和转债,-0.64,130.513,132.42,129.71,132.0,-0.838,5.74,0.88,-,57030,74587064.0,131.351,1297682928,1297682928,1.110094,沪A,2025-09-02 16:11:40,2025-09-02
127042,嘉美转债,-0.64,115.1,115.914,113.58,115.843,-0.743,4.72,1.04,-,35355,40510547.516,115.843,862992061,862992061,0.127042,深A,2025-09-02 15:34:51,2025-09-02
128130,景兴转债,-0.65,130.379,131.3,128.052,131.0,-0.848,13.29,0.64,-,88328,114451959.261,131.227,866447074,866447074,0.128130,深A,2025-09-02 15:34:21,2025-09-02
118031,天23转债,-0.65,120.422,121.6,119.36,121.25,-0.793,4.83,1.11,-,428171,514889956.0,121.215,10674796148,10674796148,1.118031,沪A,2025-09-02 16:11:43,2025-09-02
123144,裕兴转债,-0.66,113.398,114.226,112.599,114.152,-0.753,3.81,0.56,-,22825,25844486.699,114.151,680085908,680085908,0.123144,深A,2025-09-02 15:34:12,2025-09-02
110075,南航转债,-0.66,123.05,124.277,121.808,123.668,-0.812,3.09,1.1,-,181964,223165586.0,123.862,7255327012,7255327012,1.110075,沪A,2025-09-02 16:11:33,2025-09-02
123154,火星转债,-0.67,115.029,115.867,113.849,115.801,-0.772,5.82,1.17,-,30792,35304632.53,115.801,608373427,608373427,0.123154,深A,2025-09-02 15:34:18,2025-09-02
111013,新港转债,-0.68,128.697,130.049,127.07,129.301,-0.885,12.49,1.06,-,45987,59031192.0,129.582,473769821,473769821,1.111013,沪A,2025-09-02 16:11:40,2025-09-02
127054,双箭转债,-0.69,123.381,124.299,121.6,124.235,-0.854,8.89,1.06,-,45673,56086019.026,124.235,633684076,633684076,0.127054,深A,2025-09-02 15:34:39,2025-09-02
111021,奥锐转债,-0.71,124.103,125.3,122.496,124.989,-0.888,7.0,1.06,-,56834,70307794.0,124.991,1007855355,1007855355,1.111021,沪A,2025-09-02 16:12:00,2025-09-02
111000,起帆转债,-0.71,126.1,127.545,124.603,126.96,-0.9,4.87,0.8,-,48651,61184382.0,127.0,1260045423,1260045423,1.111000,沪A,2025-09-02 16:12:00,2025-09-02
127083,山路转债,-0.71,116.466,117.397,115.011,117.321,-0.832,1.12,0.74,-,54195,62896845.756,117.298,5632178013,5632178013,0.127083,深A,2025-09-02 15:34:57,2025-09-02
123177,测绘转债,-0.71,153.7,155.45,151.304,155.0,-1.1,20.86,1.0,-,27096,41551805.75,154.8,199653226,199653226,0.123177,深A,2025-09-02 15:34:30,2025-09-02
123199,山河转债,-0.72,127.618,128.729,125.746,128.538,-0.92,11.58,0.84,-,37049,47069735.841,128.538,408135509,408135509,0.123199,深A,2025-09-02 15:34:54,2025-09-02
113565,宏辉转债,-0.72,152.909,154.983,149.377,154.142,-1.11,107.45,0.63,-,124054,188745723.0,154.019,176530382,176530382,1.113565,沪A,2025-09-02 16:11:35,2025-09-02
110081,闻泰转债,-0.72,121.493,123.05,119.489,122.81,-0.875,2.9,0.77,-,249019,300568676.0,122.368,10445148427,10445148427,1.110081,沪A,2025-09-02 16:11:38,2025-09-02
118018,瑞科转债,-0.73,113.857,115.41,112.912,115.41,-0.842,2.66,0.79,-,11417,12995979.0,114.699,489577130,489577130,1.118018,沪A,2025-09-02 16:11:59,2025-09-02
110092,三房转债,-0.73,100.451,101.52,99.597,101.245,-0.739,4.33,0.68,-,108324,108758404.0,101.19,2510384000,2510384000,1.110092,沪A,2025-09-02 16:11:50,2025-09-02
123071,天能转债,-0.73,119.34,120.345,118.4,120.058,-0.881,6.67,1.09,-,46253,55109491.327,120.221,827949295,827949295,0.123071,深A,2025-09-02 15:34:48,2025-09-02
127046,百润转债,-0.74,118.4,119.479,116.9,119.38,-0.88,4.01,1.03,-,45244,53366330.773,119.28,1334928624,1334928624,0.127046,深A,2025-09-02 15:34:45,2025-09-02
110085,通22转债,-0.74,119.783,121.426,118.2,120.511,-0.89,1.31,0.9,-,156889,187296447.0,120.673,14353758956,14353758956,1.110085,沪A,2025-09-02 16:11:41,2025-09-02
123207,冠中转债,-0.74,122.755,124.05,120.444,123.867,-0.912,13.54,0.94,-,54139,66074514.74,123.667,490695559,490695559,0.123207,深A,2025-09-02 15:34:24,2025-09-02
118042,奥维转债,-0.74,116.67,117.928,116.324,117.309,-0.874,3.39,1.22,-,38689,45137917.0,117.544,1329979665,1329979665,1.118042,沪A,2025-09-02 16:11:41,2025-09-02
127031,洋丰转债,-0.74,123.15,124.57,121.601,124.074,-0.924,2.99,0.82,-,29918,36675519.17,124.074,1231414041,1231414041,0.127031,深A,2025-09-02 15:34:06,2025-09-02
118041,星球转债,-0.76,129.047,130.463,127.644,129.801,-0.983,9.61,1.13,-,59583,76765013.0,130.03,799878472,799878472,1.118041,沪A,2025-09-02 16:11:50,2025-09-02
123171,共同转债,-0.77,120.493,121.558,118.82,121.254,-0.94,8.14,1.09,-,30912,37053090.58,121.433,457740737,457740737,0.123171,深A,2025-09-02 15:34:09,2025-09-02
113059,福莱转债,-0.77,115.098,116.54,114.312,115.901,-0.888,2.52,1.2,-,100700,115937934.0,115.986,4603789939,4603789939,1.113059,沪A,2025-09-02 16:11:45,2025-09-02
113650,博22转债,-0.77,117.126,118.1,115.914,118.03,-0.904,4.24,1.02,-,33883,39572200.0,118.03,936560813,936560813,1.113650,沪A,2025-09-02 16:11:46,2025-09-02
113654,永02转债,-0.78,131.654,133.156,128.982,132.82,-1.039,8.57,1.17,-,52305,68468391.0,132.693,803635764,803635764,1.113654,沪A,2025-09-02 16:11:33,2025-09-02
113661,福22转债,-0.78,124.717,126.32,123.306,125.454,-0.983,5.99,1.4,-,181410,225440403.0,125.7,3778767957,3778767957,1.113661,沪A,2025-09-02 16:11:36,2025-09-02
123195,蓝晓转02,-0.79,127.9,129.636,125.998,128.97,-1.018,7.2,1.12,-,39296,50070964.974,128.918,698286677,698286677,0.123195,深A,2025-09-02 15:34:12,2025-09-02
127094,红墙转债,-0.8,135.008,136.636,133.433,136.238,-1.092,15.37,0.74,-,46278,62411264.393,136.1,406614664,406614664,0.127094,深A,2025-09-02 15:34:09,2025-09-02
127071,天箭转债,-0.81,134.5,139.52,131.165,135.082,-1.1,25.69,0.94,-,127130,170406657.177,135.6,665630682,665630682,0.127071,深A,2025-09-02 15:34:09,2025-09-02
123149,通裕转债,-0.82,125.262,126.778,123.5,126.493,-1.031,6.65,1.01,-,98623,123246245.349,126.293,1859039271,1859039271,0.123149,深A,2025-09-02 15:34:15,2025-09-02
113679,芯能转债,-0.82,116.546,117.913,115.699,117.477,-0.968,4.45,0.97,-,39197,45671308.0,117.514,1025497578,1025497578,1.113679,沪A,2025-09-02 16:11:37,2025-09-02
113047,旗滨转债,-0.82,132.939,135.5,131.3,134.0,-1.101,5.63,0.63,-,84345,112112699.0,134.04,1991537889,1991537889,1.113047,沪A,2025-09-02 16:11:34,2025-09-02
111012,福新转债,-0.83,377.654,386.719,355.5,381.0,-3.161,171.87,1.88,-,175265,657251136.0,380.815,385123996,385123996,1.111012,沪A,2025-09-02 16:11:53,2025-09-02
123175,百畅转债,-0.83,113.6,114.947,111.512,114.75,-0.949,10.19,0.98,-,42786,48346087.25,114.549,477089669,477089669,0.123175,深A,2025-09-02 15:34:33,2025-09-02
123182,广联转债,-0.84,121.784,122.985,119.68,122.985,-1.029,11.38,1.93,-,79642,96386944.768,122.813,851937171,851937171,0.123182,深A,2025-09-02 15:34:39,2025-09-02
123214,东宝转债,-0.84,119.39,120.689,117.935,120.481,-1.01,5.81,1.22,-,26443,31541804.114,120.4,543185101,543185101,0.123214,深A,2025-09-02 15:34:51,2025-09-02
123194,百洋转债,-0.84,126.631,128.273,125.0,127.702,-1.071,9.19,0.89,-,77712,98269161.232,127.702,1071204300,1071204300,0.123194,深A,2025-09-02 15:34:48,2025-09-02
123198,金埔转债,-0.84,126.4,128.176,124.93,127.33,-1.067,18.68,0.78,-,60871,76806007.374,127.467,411937853,411937853,0.123198,深A,2025-09-02 15:34:45,2025-09-02
123133,佩蒂转债,-0.86,127.936,129.483,126.803,129.006,-1.109,7.18,1.14,-,51644,66166751.71,129.045,920849553,920849553,0.123133,深A,2025-09-02 15:34:09,2025-09-02
113649,丰山转债,-0.86,128.843,130.633,126.542,130.633,-1.121,16.84,1.14,-,77304,98993071.0,129.964,591460234,591460234,1.113649,沪A,2025-09-02 16:11:34,2025-09-02
127070,大中转债,-0.87,128.95,130.48,127.74,130.0,-1.138,6.8,0.92,-,103234,133052876.526,130.088,1958752176,1958752176,0.127070,深A,2025-09-02 15:34:21,2025-09-02
127102,浙建转债,-0.87,119.771,121.024,118.501,120.824,-1.053,4.49,0.75,-,44720,53476832.461,120.824,1191830801,1191830801,0.127102,深A,2025-09-02 15:34:30,2025-09-02
123234,中能转债,-0.87,122.922,124.824,121.416,124.002,-1.08,9.52,1.02,-,38047,46710534.325,124.002,491482351,491482351,0.123234,深A,2025-09-02 15:34:12,2025-09-02
128141,旺能转债,-0.89,131.444,132.755,129.257,132.621,-1.177,7.77,1.14,-,89973,117673811.95,132.621,1521570638,1521570638,0.128141,深A,2025-09-02 15:34:27,2025-09-02
123126,瑞丰转债,-0.9,127.9,129.183,127.262,129.103,-1.164,6.13,0.77,-,20846,26676985.833,129.064,434688870,434688870,0.123126,深A,2025-09-02 15:34:51,2025-09-02
123122,富瀚转债,-0.93,116.871,118.016,116.022,117.81,-1.101,6.54,0.96,-,37936,44329812.314,117.972,678168871,678168871,0.123122,深A,2025-09-02 15:34:54,2025-09-02
118027,宏图转债,-0.93,119.971,121.094,117.707,121.005,-1.121,15.71,0.27,-,158439,189137468.0,121.092,1210206263,1210206263,1.118027,沪A,2025-09-02 16:11:39,2025-09-02
123107,温氏转债,-0.94,125.404,126.998,124.324,126.5,-1.196,2.86,0.84,-,220044,275521904.155,126.6,9664117679,9664117679,0.123107,深A,2025-09-02 15:35:00,2025-09-02
123104,卫宁转债,-0.94,122.128,123.3,121.709,123.3,-1.16,3.13,0.43,-,30339,37108001.924,123.288,1184542921,1184542921,0.123104,深A,2025-09-02 15:34:57,2025-09-02
127078,优彩转债,-0.94,133.093,135.285,130.18,134.461,-1.262,12.87,1.7,-,77205,102092128.311,134.355,798428234,798428234,0.127078,深A,2025-09-02 15:34:51,2025-09-02
127049,希望转2,-0.94,118.2,119.463,117.01,119.402,-1.117,2.38,1.04,-,194176,229087795.629,119.317,9625593242,9625593242,0.127049,深A,2025-09-02 15:34:57,2025-09-02
127039,北港转债,-0.94,131.405,132.965,130.97,132.965,-1.253,7.76,2.05,-,83842,110410482.408,132.658,1419092529,1419092529,0.127039,深A,2025-09-02 15:34:27,2025-09-02
127105,龙星转债,-0.95,129.013,132.252,127.517,130.33,-1.241,10.68,1.24,-,80593,104031198.431,130.254,973577898,973577898,0.127105,深A,2025-09-02 15:34:06,2025-09-02
118010,洁特转债,-0.95,114.668,115.925,114.059,115.846,-1.094,3.93,1.12,-,17303,19834415.0,115.762,504473839,504473839,1.118010,沪A,2025-09-02 16:11:40,2025-09-02
123092,天壕转债,-0.96,129.3,130.75,127.935,130.75,-1.25,10.8,1.09,-,36980,47722708.74,130.55,442568169,442568169,0.123092,深A,2025-09-02 15:34:54,2025-09-02
123091,长海转债,-0.97,129.037,132.285,127.886,132.001,-1.258,9.73,0.52,-,53483,69187695.156,130.295,709364004,709364004,0.123091,深A,2025-09-02 15:34:45,2025-09-02
113655,欧22转债,-0.97,127.86,129.335,126.442,128.902,-1.248,5.53,0.87,-,110511,140925430.0,129.108,2557090168,2557090168,1.113655,沪A,2025-09-02 16:11:36,2025-09-02
127060,湘佳转债,-0.98,113.671,114.88,112.8,114.599,-1.129,2.2,0.36,-,14049,15968528.414,114.8,727372772,727372772,0.127060,深A,2025-09-02 15:34:45,2025-09-02
118033,华特转债,-0.99,120.164,122.152,119.199,121.365,-1.196,8.58,1.14,-,55431,66607927.0,121.36,776084001,776084001,1.118033,沪A,2025-09-02 16:11:43,2025-09-02
127088,赫达转债,-0.99,120.1,121.064,118.092,121.064,-1.2,9.65,1.2,-,57894,69138600.507,121.3,720418889,720418889,0.127088,深A,2025-09-02 15:34:57,2025-09-02
127044,蒙娜转债,-0.99,116.906,118.583,115.5,118.312,-1.17,13.8,1.25,-,46538,54360601.591,118.076,394112806,394112806,0.127044,深A,2025-09-02 15:34:30,2025-09-02
110070,凌钢转债,-0.99,123.275,124.707,121.4,124.5,-1.232,15.56,0.95,-,33776,41558767.0,124.507,267507983,267507983,1.110070,沪A,2025-09-02 16:12:00,2025-09-02
110098,南药转债,-1.01,126.702,127.998,125.15,127.998,-1.298,2.99,1.16,-,32374,40843046.0,128.0,1370190905,1370190905,1.110098,沪A,2025-09-02 16:11:41,2025-09-02
113616,韦尔转债,-1.02,124.229,125.887,122.621,125.71,-1.281,4.47,0.93,-,108762,134534922.0,125.51,3021787688,3021787688,1.113616,沪A,2025-09-02 16:11:33,2025-09-02
123087,明电转债,-1.02,149.75,156.8,144.8,152.5,-1.55,770.82,0.71,-,223110,336125181.48,151.3,43344539,43344539,0.123087,深A,2025-09-02 15:34:45,2025-09-02
123129,锦鸡转债,-1.03,134.99,138.418,134.026,136.226,-1.398,32.67,0.77,-,63295,85786120.009,136.388,261529896,261529896,0.123129,深A,2025-09-02 15:35:03,2025-09-02
123124,晶瑞转2,-1.07,119.622,121.812,118.028,120.999,-1.298,6.12,1.26,-,31980,38196465.56,120.92,625095048,625095048,0.123124,深A,2025-09-02 15:34:09,2025-09-02
123113,仙乐转债,-1.07,120.2,121.626,118.59,121.626,-1.3,4.18,0.84,-,42804,51324420.04,121.5,1231832919,1231832919,0.123113,深A,2025-09-02 15:34:48,2025-09-02
110093,神马转债,-1.07,132.369,135.962,131.631,133.798,-1.431,5.73,1.05,-,171864,229663780.0,133.8,3970629211,3970629211,1.110093,沪A,2025-09-02 16:11:49,2025-09-02
118039,煜邦转债,-1.08,127.411,129.518,125.602,129.0,-1.385,10.28,0.89,-,42195,53637690.0,128.796,522904937,522904937,1.118039,沪A,2025-09-02 16:11:47,2025-09-02
118024,冠宇转债,-1.08,124.45,126.599,123.334,125.687,-1.363,5.68,0.52,-,175436,218531306.0,125.813,3844211965,3844211965,1.118024,沪A,2025-09-02 16:11:43,2025-09-02
113610,灵康转债,-1.08,127.378,129.75,126.57,129.002,-1.389,8.59,0.7,-,21735,27890900.0,128.767,322226853,322226853,1.113610,沪A,2025-09-02 16:11:32,2025-09-02
127020,中金转债,-1.09,130.186,132.98,129.0,132.7,-1.438,4.73,1.1,-,143003,186139381.697,131.624,3934897757,3934897757,0.127020,深A,2025-09-02 15:34:33,2025-09-02
113656,嘉诚转债,-1.09,128.073,129.999,125.98,129.999,-1.409,13.2,1.09,-,105604,134521095.0,129.482,1024421603,1024421603,1.113656,沪A,2025-09-02 16:11:41,2025-09-02
123187,超达转债,-1.11,149.851,152.197,146.054,151.533,-1.682,22.32,1.25,-,61026,90874887.52,151.533,409720506,409720506,0.123187,深A,2025-09-02 15:34:12,2025-09-02
113627,太平转债,-1.11,114.858,116.14,113.97,116.0,-1.285,4.3,0.78,-,34390,39454431.0,116.143,918578004,918578004,1.113627,沪A,2025-09-02 16:11:32,2025-09-02
123146,中环转2,-1.12,127.609,129.68,125.355,129.0,-1.443,10.13,0.88,-,87057,110674302.905,129.052,1096464637,1096464637,0.123146,深A,2025-09-02 15:34:12,2025-09-02
128095,恩捷转债,-1.12,120.573,123.579,119.9,122.156,-1.363,12.04,1.14,-,54496,66115387.429,121.936,545849525,545849525,0.128095,深A,2025-09-02 15:34:12,2025-09-02
127090,兴瑞转债,-1.13,121.6,123.136,119.901,123.095,-1.395,5.69,0.82,-,26288,31835287.306,122.995,561341594,561341594,0.127090,深A,2025-09-02 15:35:03,2025-09-02
110095,双良转债,-1.14,119.393,121.09,117.864,120.775,-1.379,4.34,0.77,-,111830,133418444.0,120.772,3077364126,3077364126,1.110095,沪A,2025-09-02 16:11:49,2025-09-02
127089,晶澳转债,-1.15,123.07,125.621,122.109,124.512,-1.43,3.21,1.07,-,287977,354813185.988,124.5,11026108608,11026108608,0.127089,深A,2025-09-02 15:35:00,2025-09-02
123252,银邦转债,-1.15,123.5,125.5,122.0,124.8,-1.44,6.38,0.6,-,50091,61736317.1,124.94,969410533,969410533,0.123252,深A,2025-09-02 15:34:15,2025-09-02
127015,希望转债,-1.15,108.611,110.2,108.55,109.987,-1.268,9.18,1.66,-,87111,95183239.556,109.879,1031138389,1031138389,0.127015,深A,2025-09-02 15:34:33,2025-09-02
118025,奕瑞转债,-1.16,129.443,130.957,128.196,130.957,-1.524,6.96,0.99,-,98955,127982043.0,130.967,1840336436,1840336436,1.118025,沪A,2025-09-02 16:11:41,2025-09-02
113695,华辰转债,-1.16,142.764,144.8,141.7,144.4,-1.675,3.01,0.68,-,13855,19811781.0,144.439,656714400,656714400,1.113695,沪A,2025-09-02 16:11:39,2025-09-02
123138,丝路转债,-1.16,125.188,127.08,124.064,127.08,-1.463,15.01,1.12,-,35924,44962148.71,126.651,299661264,299661264,0.123138,深A,2025-09-02 15:34:57,2025-09-02
123212,立中转债,-1.19,131.622,134.18,129.832,133.9,-1.591,12.47,0.55,-,112229,147680615.149,133.213,1184245780,1184245780,0.123212,深A,2025-09-02 15:34:33,2025-09-02
123200,海泰转债,-1.19,155.83,158.358,148.219,157.703,-1.87,263.29,0.58,-,240040,370352417.87,157.7,142069432,142069432,0.123200,深A,2025-09-02 15:34:21,2025-09-02
123239,锋工转债,-1.2,163.873,176.77,157.502,169.8,-1.99,60.46,3.57,-,264746,437431987.628,165.863,717611666,717611666,0.123239,深A,2025-09-02 15:34:24,2025-09-02
123216,科顺转债,-1.2,118.85,120.2,118.55,120.2,-1.44,3.23,0.77,-,71040,84500930.515,120.29,2612123094,2612123094,0.123216,深A,2025-09-02 15:34:54,2025-09-02
113651,松霖转债,-1.21,203.952,210.992,199.319,209.58,-2.496,53.77,1.1,-,127902,262098430.0,206.448,485153063,485153063,1.113651,沪A,2025-09-02 16:11:53,2025-09-02
113643,风语转债,-1.21,123.339,125.24,122.16,125.028,-1.516,8.59,1.11,-,42932,52924196.0,124.855,616422421,616422421,1.113643,沪A,2025-09-02 16:11:46,2025-09-02
123119,康泰转2,-1.21,136.392,138.898,134.495,138.898,-1.664,6.83,0.77,-,136617,185993166.878,138.056,2726472261,2726472261,0.123119,深A,2025-09-02 15:35:00,2025-09-02
128105,长集转债,-1.22,129.5,131.983,127.868,131.384,-1.6,8.24,0.32,-,49878,64542628.258,131.1,783447158,783447158,0.128105,深A,2025-09-02 15:34:36,2025-09-02
127069,小熊转债,-1.22,128.915,131.0,128.183,130.0,-1.587,12.16,1.03,-,61297,79238660.34,130.502,649837052,649837052,0.127069,深A,2025-09-02 15:34:06,2025-09-02
111005,富春转债,-1.22,141.218,143.784,138.2,143.0,-1.741,14.79,0.74,-,78346,110150746.0,142.959,748180025,748180025,1.111005,沪A,2025-09-02 16:11:41,2025-09-02
123240,楚天转债,-1.22,126.0,128.259,123.93,127.501,-1.551,7.69,1.19,-,76863,96454348.666,127.551,1259971146,1259971146,0.123240,深A,2025-09-02 15:34:06,2025-09-02
113689,洛凯转债,-1.22,136.54,138.896,134.54,138.333,-1.693,17.81,1.38,-,71847,97751292.0,138.233,550665820,550665820,1.113689,沪A,2025-09-02 16:11:39,2025-09-02
123197,光力转债,-1.23,122.869,124.787,121.021,124.4,-1.531,16.6,0.74,-,66333,81168072.725,124.4,490914366,490914366,0.123197,深A,2025-09-02 15:34:18,2025-09-02
118006,阿拉转债,-1.23,126.568,128.5,125.15,128.262,-1.57,17.24,1.01,-,66729,84427647.0,128.138,489799175,489799175,1.118006,沪A,2025-09-02 16:11:41,2025-09-02
123064,万孚转债,-1.25,117.929,119.787,117.103,119.785,-1.491,6.53,0.99,-,39057,46050210.3,119.42,704848661,704848661,0.123064,深A,2025-09-02 15:34:42,2025-09-02
123256,恒帅转债,-1.25,195.534,198.697,194.01,198.1,-2.466,5.86,0.42,-,19203,37636544.273,198.0,640549831,640549831,0.123256,深A,2025-09-02 15:34:30,2025-09-02
111019,宏柏转债,-1.25,129.18,130.917,127.839,130.807,-1.629,11.33,1.43,-,81624,105438417.0,130.809,930609749,930609749,1.111019,沪A,2025-09-02 16:11:48,2025-09-02
110097,天润转债,-1.25,152.91,155.767,150.733,154.259,-1.941,7.13,1.02,-,70473,108173635.0,154.851,1512284640,1512284640,1.110097,沪A,2025-09-02 16:11:51,2025-09-02
123166,蒙泰转债,-1.27,134.559,136.29,132.312,136.29,-1.731,27.86,1.39,-,83565,112037762.718,136.29,403593304,403593304,0.123166,深A,2025-09-02 15:34:27,2025-09-02
123130,设研转债,-1.29,112.531,114.0,110.902,114.0,-1.469,29.71,0.52,-,61844,69298707.29,114.0,234224387,234224387,0.123130,深A,2025-09-02 15:34:06,2025-09-02
128137,洁美转债,-1.3,133.633,136.158,132.41,135.0,-1.757,12.05,1.24,-,72150,96442341.81,135.39,799863662,799863662,0.128137,深A,2025-09-02 15:34:24,2025-09-02
113045,环旭转债,-1.3,125.391,127.59,124.0,127.245,-1.654,7.24,1.17,-,249784,313288626.0,127.045,4325763796,4325763796,1.113045,沪A,2025-09-02 16:11:38,2025-09-02
127052,西子转债,-1.3,121.2,124.43,120.5,122.155,-1.6,44.01,0.91,-,327472,400153370.787,122.8,901815628,901815628,0.127052,深A,2025-09-02 15:34:36,2025-09-02
123061,航新转债,-1.35,135.989,137.902,133.0,137.902,-1.86,18.34,1.34,-,30721,41537258.895,137.849,227846442,227846442,0.123061,深A,2025-09-02 15:34:39,2025-09-02
123210,信服转债,-1.35,146.989,150.254,143.671,148.702,-2.011,22.15,0.92,-,269062,394975632.104,149.0,1785311637,1785311637,0.123210,深A,2025-09-02 15:34:27,2025-09-02
113646,永吉转债,-1.36,136.975,139.682,136.401,138.305,-1.882,27.84,0.56,-,38253,52573427.0,138.857,188236524,188236524,1.113646,沪A,2025-09-02 16:11:43,2025-09-02
123065,宝莱转债,-1.36,126.158,128.1,125.2,127.902,-1.742,11.27,2.37,-,24657,31104825.944,127.9,275987909,275987909,0.123065,深A,2025-09-02 15:34:45,2025-09-02
110096,豫光转债,-1.36,184.255,195.787,183.666,191.592,-2.541,93.09,4.48,-,660773,1254837261.0,186.796,1307889896,1307889896,1.110096,沪A,2025-09-02 16:11:40,2025-09-02
123121,帝尔转债,-1.39,129.617,133.1,128.0,131.639,-1.822,10.9,1.19,-,90461,117762822.504,131.439,1075220973,1075220973,0.123121,深A,2025-09-02 15:34:54,2025-09-02
123193,海能转债,-1.39,127.342,129.707,124.567,129.14,-1.795,13.79,1.24,-,82700,104604979.07,129.137,763729061,763729061,0.123193,深A,2025-09-02 15:34:15,2025-09-02
113621,彤程转债,-1.41,140.641,143.208,139.061,142.648,-2.006,9.17,0.79,-,49173,69130671.0,142.647,754261480,754261480,1.113621,沪A,2025-09-02 16:11:50,2025-09-02
113658,密卫转债,-1.41,130.865,133.5,129.2,132.774,-1.869,11.46,0.94,-,99951,130568600.0,132.734,1141490901,1141490901,1.113658,沪A,2025-09-02 16:11:59,2025-09-02
118037,上声转债,-1.43,127.733,130.086,125.853,129.92,-1.853,14.95,1.0,-,69948,89319875.0,129.586,597754675,597754675,1.118037,沪A,2025-09-02 16:12:00,2025-09-02
123178,花园转债,-1.43,128.4,130.559,127.016,130.257,-1.857,7.68,1.51,-,90285,115857406.521,130.257,1509977965,1509977965,0.123178,深A,2025-09-02 15:34:33,2025-09-02
118011,银微转债,-1.44,122.711,124.505,121.69,124.505,-1.79,5.46,0.75,-,27301,33475541.0,124.501,613234724,613234724,1.118011,沪A,2025-09-02 16:11:43,2025-09-02
113058,友发转债,-1.45,133.982,136.417,131.888,135.95,-1.968,4.4,0.75,-,86086,115564020.0,135.95,2623174090,2623174090,1.113058,沪A,2025-09-02 16:11:53,2025-09-02
127061,美锦转债,-1.45,111.515,113.752,111.0,113.57,-1.636,4.39,0.75,-,122306,136621326.184,113.151,3110262412,3110262412,0.127061,深A,2025-09-02 15:34:15,2025-09-02
128125,华阳转债,-1.46,123.771,126.37,123.512,126.0,-1.829,9.35,1.43,-,42032,52357329.829,125.6,556568853,556568853,0.128125,深A,2025-09-02 15:34:42,2025-09-02
118015,芯海转债,-1.46,121.303,123.2,119.98,123.2,-1.792,5.32,0.8,-,21791,26380483.0,123.095,497311974,497311974,1.118015,沪A,2025-09-02 16:11:48,2025-09-02
118038,金宏转债,-1.48,125.12,127.1,123.8,127.1,-1.884,6.15,0.85,-,62431,78046105.0,127.004,1271077814,1271077814,1.118038,沪A,2025-09-02 16:11:32,2025-09-02
123056,雪榕转债,-1.48,151.99,156.502,150.699,154.266,-2.277,51.32,0.68,-,82889,126503587.399,154.267,245506559,245506559,0.123056,深A,2025-09-02 15:34:45,2025-09-02
127095,广泰转债,-1.5,131.83,133.878,129.427,133.844,-2.014,13.06,2.08,-,90478,118684766.83,133.844,913270649,913270649,0.127095,深A,2025-09-02 15:34:27,2025-09-02
111009,盛泰转债,-1.5,118.834,121.396,117.702,120.282,-1.81,11.52,0.59,-,80767,96163011.0,120.644,833110712,833110712,1.111009,沪A,2025-09-02 16:11:38,2025-09-02
111003,聚合转债,-1.51,136.35,138.598,135.0,138.3,-2.086,12.71,0.51,-,25879,35251179.0,138.436,277567695,277567695,1.111003,沪A,2025-09-02 16:11:53,2025-09-02
110082,宏发转债,-1.53,130.289,132.8,129.143,132.2,-2.023,5.54,1.5,-,110781,144493400.0,132.312,2605095983,2605095983,1.110082,沪A,2025-09-02 16:11:40,2025-09-02
118007,山石转债,-1.53,137.613,139.952,135.54,139.952,-2.139,22.22,0.74,-,59361,81571738.0,139.752,367706064,367706064,1.118007,沪A,2025-09-02 16:11:45,2025-09-02
127099,盛航转债,-1.56,127.972,129.766,126.891,129.765,-2.027,7.67,1.09,-,34848,44599760.152,129.999,581081949,581081949,0.127099,深A,2025-09-02 15:35:03,2025-09-02
118008,海优转债,-1.58,124.887,128.224,123.564,126.79,-2.001,9.61,0.93,-,66657,83541902.0,126.888,866432411,866432411,1.118008,沪A,2025-09-02 16:11:37,2025-09-02
111022,锡振转债,-1.61,141.874,144.934,138.294,144.0,-2.316,12.28,1.71,-,63855,89861379.0,144.19,737744800,737744800,1.111022,沪A,2025-09-02 16:12:00,2025-09-02
118055,伟测转债,-1.62,157.171,161.996,155.213,159.903,-2.588,13.78,0.89,-,161958,255820742.0,159.759,1846759250,1846759250,1.118055,沪A,2025-09-02 16:11:42,2025-09-02
128101,联创转债,-1.62,127.4,130.4,126.018,130.303,-2.1,18.89,0.92,-,56355,71763379.67,129.5,380116373,380116373,0.128101,深A,2025-09-02 15:34:15,2025-09-02
123034,通光转债,-1.63,193.78,196.999,192.0,196.987,-3.207,16.37,0.42,-,12626,24565814.02,196.987,149470459,149470459,0.123034,深A,2025-09-02 15:34:39,2025-09-02
113048,晶科转债,-1.64,123.165,125.974,122.0,125.54,-2.059,7.72,1.06,-,177141,219015026.0,125.224,2827521075,2827521075,1.113048,沪A,2025-09-02 16:11:43,2025-09-02
113618,美诺转债,-1.65,133.804,136.5,132.011,136.5,-2.246,8.06,0.36,-,38406,51314433.0,136.05,637450418,637450418,1.113618,沪A,2025-09-02 16:11:32,2025-09-02
113678,中贝转债,-1.66,133.928,136.439,132.65,136.31,-2.26,17.17,1.03,-,87763,117755723.0,136.188,684368062,684368062,1.113678,沪A,2025-09-02 16:11:56,2025-09-02
113686,泰瑞转债,-1.67,139.601,143.0,137.065,142.9,-2.372,37.76,1.52,-,127076,177034387.0,141.973,469789473,469789473,1.113686,沪A,2025-09-02 16:11:49,2025-09-02
127022,恒逸转债,-1.68,109.655,111.999,109.01,111.638,-1.871,3.86,0.97,-,77136,84592256.25,111.526,2192870053,2192870053,0.127022,深A,2025-09-02 15:34:33,2025-09-02
123223,九典转02,-1.69,140.89,143.499,139.157,143.218,-2.418,23.96,0.97,-,49181,69248892.58,143.308,289218710,289218710,0.123223,深A,2025-09-02 15:34:06,2025-09-02
111018,华康转债,-1.7,133.57,136.811,132.423,135.879,-2.309,5.4,1.13,-,70375,94048104.0,135.879,1739373918,1739373918,1.111018,沪A,2025-09-02 16:11:55,2025-09-02
113574,华体转债,-1.71,134.289,137.084,132.862,137.084,-2.34,25.02,0.71,-,51989,69733597.0,136.629,278986740,278986740,1.113574,沪A,2025-09-02 16:11:43,2025-09-02
123203,明电转02,-1.72,161.5,166.458,156.06,163.55,-2.831,87.97,1.28,-,129474,208254966.184,164.331,237705713,237705713,0.123203,深A,2025-09-02 15:35:00,2025-09-02
113577,春秋转债,-1.75,134.946,137.354,133.182,137.343,-2.397,34.39,1.03,-,61028,82369431.0,137.343,239499462,239499462,1.113577,沪A,2025-09-02 16:11:47,2025-09-02
111020,合顺转债,-1.77,137.715,140.198,135.677,140.198,-2.485,18.15,0.73,-,61350,84324121.0,140.2,465451911,465451911,1.111020,沪A,2025-09-02 16:12:00,2025-09-02
123253,永贵转债,-1.77,130.48,133.824,128.997,132.977,-2.345,4.86,1.07,-,47633,62116404.592,132.825,1278704000,1278704000,0.123253,深A,2025-09-02 15:34:27,2025-09-02
111023,利柏转债,-1.78,131.22,134.6,130.36,134.6,-2.376,4.74,0.82,-,35566,46822007.0,133.596,984150000,984150000,1.111023,沪A,2025-09-02 16:11:33,2025-09-02
113640,苏利转债,-1.78,129.076,131.61,127.394,131.229,-2.334,7.89,1.25,-,71807,92629539.0,131.41,1174854915,1174854915,1.113640,沪A,2025-09-02 16:11:42,2025-09-02
110076,华海转债,-1.79,122.093,124.988,121.423,123.672,-2.22,7.52,1.21,-,138511,170152570.0,124.313,2249449979,2249449979,1.110076,沪A,2025-09-02 16:11:51,2025-09-02
113593,沪工转债,-1.81,125.704,128.5,124.8,128.4,-2.32,9.62,0.61,-,38429,48406864.0,128.024,502330783,502330783,1.113593,沪A,2025-09-02 16:11:43,2025-09-02
127067,恒逸转2,-1.81,114.085,116.318,113.809,116.0,-2.108,1.51,0.59,-,45266,51766255.345,116.193,3422104384,3422104384,0.127067,深A,2025-09-02 15:35:03,2025-09-02
123157,科蓝转债,-1.81,142.822,145.433,140.0,145.0,-2.627,33.06,0.66,-,77385,110123550.026,145.449,334297171,334297171,0.123157,深A,2025-09-02 15:35:03,2025-09-02
118036,力合转债,-1.83,127.563,130.346,125.933,130.0,-2.381,22.99,1.42,-,87356,111436005.0,129.944,484697304,484697304,1.118036,沪A,2025-09-02 16:11:32,2025-09-02
118021,新致转债,-1.83,264.694,270.698,256.71,269.632,-4.938,66.43,0.44,-,132285,348013203.0,269.632,527093103,527093103,1.118021,沪A,2025-09-02 16:11:37,2025-09-02
123147,中辰转债,-1.9,137.674,140.6,133.2,139.848,-2.669,42.93,0.86,-,170254,231820302.989,140.343,546013707,546013707,0.123147,深A,2025-09-02 15:34:15,2025-09-02
123201,纽泰转债,-1.9,152.546,155.488,147.402,155.159,-2.954,26.76,1.45,-,82716,124886579.153,155.5,471546839,471546839,0.123201,深A,2025-09-02 15:34:57,2025-09-02
127110,广核转债,-1.91,134.88,137.598,133.32,137.2,-2.62,3.61,1.55,-,176661,238230375.594,137.5,6609120000,6609120000,0.127110,深A,2025-09-02 15:34:09,2025-09-02
118052,浩瀚转债,-1.92,132.365,135.3,130.5,135.3,-2.588,11.67,1.17,-,41340,54659761.0,134.953,468955959,468955959,1.118052,沪A,2025-09-02 16:11:59,2025-09-02
128081,海亮转债,-1.93,128.87,131.794,127.57,131.794,-2.53,13.4,0.43,-,115542,149451770.707,131.4,1110960176,1110960176,0.128081,深A,2025-09-02 15:34:15,2025-09-02
123196,正元转02,-2.02,127.75,131.5,126.549,131.0,-2.631,25.53,0.17,-,89380,114744880.636,130.381,447325568,447325568,0.123196,深A,2025-09-02 15:34:51,2025-09-02
127028,英特转债,-2.02,136.1,139.042,135.192,138.623,-2.801,12.22,0.76,-,49658,67710843.341,138.901,552845686,552845686,0.127028,深A,2025-09-02 15:34:39,2025-09-02
123220,易瑞转债,-2.03,155.583,160.2,153.901,159.5,-3.217,46.49,0.79,-,135194,211291768.107,158.8,452484217,452484217,0.123220,深A,2025-09-02 15:34:57,2025-09-02
118053,正帆转债,-2.03,133.328,137.08,131.826,137.078,-2.76,7.02,0.69,-,73044,97647515.0,136.088,1388071142,1388071142,1.118053,沪A,2025-09-02 16:11:41,2025-09-02
123145,药石转债,-2.05,131.151,135.099,129.788,133.799,-2.749,25.4,0.62,-,98688,130539082.096,133.9,509648589,509648589,0.123145,深A,2025-09-02 15:35:00,2025-09-02
128142,新乳转债,-2.05,129.516,132.791,128.925,131.934,-2.708,8.44,0.67,-,60614,78931478.05,132.224,929776455,929776455,0.128142,深A,2025-09-02 15:34:51,2025-09-02
123176,精测转2,-2.06,143.0,153.29,141.6,146.136,-3.005,17.44,1.19,-,222485,323396532.468,146.005,1823959137,1823959137,0.123176,深A,2025-09-02 15:34:27,2025-09-02
113663,新化转债,-2.1,161.347,166.0,157.0,165.29,-3.459,14.94,0.5,-,74994,120015175.0,164.806,810110541,810110541,1.113663,沪A,2025-09-02 16:11:46,2025-09-02
123243,严牌转债,-2.11,143.5,147.7,140.117,146.59,-3.09,28.23,1.15,-,91213,130190410.58,146.59,463720681,463720681,0.123243,深A,2025-09-02 15:34:09,2025-09-02
113046,金田转债,-2.12,131.006,134.3,129.84,133.758,-2.837,11.19,0.54,-,167722,220087254.0,133.843,1964114005,1964114005,1.113046,沪A,2025-09-02 16:11:51,2025-09-02
118012,微芯转债,-2.13,166.919,172.0,163.134,171.0,-3.63,33.77,0.68,-,168822,281033370.0,170.549,834378005,834378005,1.118012,沪A,2025-09-02 16:11:49,2025-09-02
123173,恒锋转债,-2.15,137.151,140.5,135.299,140.2,-3.012,27.08,0.7,-,65209,89265965.75,140.163,330227515,330227515,0.123173,深A,2025-09-02 15:34:09,2025-09-02
123249,英搏转债,-2.19,190.332,195.998,183.881,195.323,-4.268,23.15,1.27,-,160445,304080957.663,194.6,1318870954,1318870954,0.123249,深A,2025-09-02 15:34:24,2025-09-02
118009,华锐转债,-2.2,136.762,142.0,134.563,141.944,-3.07,21.85,1.37,-,87336,119672279.0,139.832,546730712,546730712,1.118009,沪A,2025-09-02 16:11:40,2025-09-02
123232,金现转债,-2.2,123.258,126.9,120.0,126.5,-2.778,69.83,0.34,-,123761,151661607.189,126.036,218464205,218464205,0.123232,深A,2025-09-02 15:34:45,2025-09-02
113597,佳力转债,-2.21,134.269,137.502,132.948,136.999,-3.033,17.33,0.81,-,51530,69306630.0,137.302,399201877,399201877,1.113597,沪A,2025-09-02 16:11:42,2025-09-02
123222,博俊转债,-2.23,187.723,192.683,180.323,192.002,-4.277,48.2,1.98,-,117666,219066376.094,192.0,458233533,458233533,0.123222,深A,2025-09-02 15:34:12,2025-09-02
123246,远信转债,-2.23,163.841,167.577,160.897,167.03,-3.729,66.74,0.68,-,154466,253033694.528,167.57,379204752,379204752,0.123246,深A,2025-09-02 15:34:21,2025-09-02
123076,强力转债,-2.23,130.536,134.404,130.029,133.3,-2.984,10.81,0.66,-,62971,82651964.75,133.52,760448564,760448564,0.123076,深A,2025-09-02 15:34:48,2025-09-02
127084,柳工转2,-2.24,165.22,169.641,163.596,169.201,-3.79,2.84,0.66,-,70468,116875221.713,169.01,4101266469,4101266469,0.127084,深A,2025-09-02 15:34:15,2025-09-02
118044,赛特转债,-2.25,133.746,137.391,131.673,137.2,-3.082,25.97,1.17,-,114774,153194012.0,136.828,591126558,591126558,1.118044,沪A,2025-09-02 16:11:40,2025-09-02
113672,福蓉转债,-2.26,140.559,144.1,138.5,143.77,-3.248,20.6,0.81,-,81058,113781695.0,143.807,553002679,553002679,1.113672,沪A,2025-09-02 16:11:43,2025-09-02
123244,松原转债,-2.27,147.77,152.0,144.093,152.0,-3.43,51.35,1.19,-,201798,299094091.46,151.2,580660442,580660442,0.123244,深A,2025-09-02 15:34:27,2025-09-02
118030,睿创转债,-2.27,206.698,213.313,201.622,211.688,-4.802,12.17,0.86,-,178797,368967182.0,211.5,3037292756,3037292756,1.118030,沪A,2025-09-02 16:11:34,2025-09-02
127092,运机转债,-2.38,217.729,223.549,211.0,223.16,-5.305,14.09,0.81,-,73962,160074740.761,223.034,1143288229,1143288229,0.127092,深A,2025-09-02 15:34:24,2025-09-02
123217,富仕转债,-2.4,137.22,141.279,135.165,140.2,-3.38,24.05,0.93,-,137057,187926627.968,140.6,781940486,781940486,0.123217,深A,2025-09-02 15:34:18,2025-09-02
123215,铭利转债,-2.41,137.808,141.131,135.5,141.129,-3.408,13.39,0.84,-,114522,157258641.842,141.216,1179011107,1179011107,0.123215,深A,2025-09-02 15:34:15,2025-09-02
123049,维尔转债,-2.42,121.0,124.205,120.597,123.855,-3.007,6.01,0.96,-,55109,67118997.736,124.007,1109490140,1109490140,0.123049,深A,2025-09-02 15:34:39,2025-09-02
118020,芳源转债,-2.45,113.833,116.958,113.35,116.693,-2.858,8.78,1.25,-,56360,64518780.0,116.691,730531246,730531246,1.118020,沪A,2025-09-02 16:11:58,2025-09-02
127026,超声转债,-2.47,129.204,133.71,127.05,132.475,-3.271,16.21,1.34,-,113416,146702526.254,132.475,904008216,904008216,0.127026,深A,2025-09-02 15:35:03,2025-09-02
123242,赛龙转债,-2.52,147.999,151.333,143.72,150.98,-3.831,63.89,1.44,-,159411,234347661.26,151.83,369283405,369283405,0.123242,深A,2025-09-02 15:34:48,2025-09-02
118040,宏微转债,-2.56,126.27,130.033,125.012,129.996,-3.322,12.8,0.9,-,55038,69725787.0,129.592,542915543,542915543,1.118040,沪A,2025-09-02 16:11:46,2025-09-02
118003,华兴转债,-2.65,134.333,138.213,133.05,138.094,-3.651,18.51,0.92,-,131611,177779915.0,137.984,954961207,954961207,1.118003,沪A,2025-09-02 16:11:39,2025-09-02
123257,安克转债,-2.66,169.27,174.0,162.222,173.99,-4.619,9.84,1.14,-,108747,182240755.722,173.889,1870128814,1870128814,0.123257,深A,2025-09-02 15:34:18,2025-09-02
123054,思特转债,-2.72,150.0,154.2,147.85,154.2,-4.2,39.1,0.63,-,65193,97761472.235,154.2,250104750,250104750,0.123054,深A,2025-09-02 15:34:39,2025-09-02
123160,泰福转债,-2.73,150.6,155.575,147.662,155.387,-4.228,37.82,0.71,-,87619,131727279.741,154.828,348895622,348895622,0.123160,深A,2025-09-02 15:35:03,2025-09-02
123108,乐普转2,-2.77,117.922,121.643,117.1,121.278,-3.357,6.12,1.05,-,100192,118839894.088,121.279,1931147039,1931147039,0.123108,深A,2025-09-02 15:34:48,2025-09-02
113069,博23转债,-2.77,180.343,187.999,179.001,186.0,-5.132,13.8,0.61,-,194877,355969799.0,185.475,2547458491,2547458491,1.113069,沪A,2025-09-02 16:11:56,2025-09-02
113030,东风转债,-2.84,148.608,153.717,147.889,153.002,-4.344,30.87,0.69,-,58886,87916508.0,152.952,283443011,283443011,1.113030,沪A,2025-09-02 16:11:38,2025-09-02
123221,力诺转债,-2.93,141.975,147.4,141.0,147.4,-4.284,17.06,1.17,-,69208,98833670.0,146.259,575898446,575898446,0.123221,深A,2025-09-02 15:34:39,2025-09-02
118016,京源转债,-2.94,152.147,157.79,150.209,156.88,-4.605,49.06,0.56,-,82193,125834027.0,156.752,254922755,254922755,1.118016,沪A,2025-09-02 16:11:53,2025-09-02
123235,亿田转债,-2.98,260.58,269.89,250.7,269.086,-8.016,115.15,1.18,-,518554,1344828043.384,268.596,1173440729,1173440729,0.123235,深A,2025-09-02 15:34:15,2025-09-02
123158,宙邦转债,-2.99,135.9,141.351,132.727,140.22,-4.19,14.92,1.33,-,293861,397621089.318,140.09,2676414056,2676414056,0.123158,深A,2025-09-02 15:34:06,2025-09-02
118051,皓元转债,-3.01,177.779,185.479,175.85,183.3,-5.521,29.78,0.65,-,244772,440449508.0,183.3,1461208624,1461208624,1.118051,沪A,2025-09-02 16:11:52,2025-09-02
123237,佳禾转债,-3.1,153.099,157.9,149.0,157.3,-4.9,21.3,0.98,-,91921,140512829.633,157.999,660726599,660726599,0.123237,深A,2025-09-02 15:34:18,2025-09-02
113639,华正转债,-3.18,132.939,140.66,131.514,137.287,-4.363,15.64,0.85,-,89089,119891470.0,137.302,757105153,757105153,1.113639,沪A,2025-09-02 16:11:53,2025-09-02
113641,华友转债,-3.24,138.751,143.999,136.205,143.999,-4.649,25.48,0.93,-,1183635,1649031523.0,143.4,6445499826,6445499826,1.113641,沪A,2025-09-02 16:11:52,2025-09-02
113657,再22转债,-3.27,132.526,137.5,130.704,137.5,-4.48,56.4,1.04,-,267351,354213560.0,137.006,628236190,628236190,1.113657,沪A,2025-09-02 16:11:36,2025-09-02
110087,天业转债,-3.32,118.748,123.0,118.248,123.0,-4.081,4.61,1.67,-,138341,165581486.0,122.829,3562366376,3562366376,1.110087,沪A,2025-09-02 16:11:52,2025-09-02
113628,晨丰转债,-3.43,145.275,150.695,142.773,150.695,-5.163,42.99,0.56,-,161049,234140338.0,150.438,544278308,544278308,1.113628,沪A,2025-09-02 16:11:58,2025-09-02
123211,阳谷转债,-3.52,178.039,185.181,176.272,184.695,-6.49,34.63,0.31,-,106373,190591590.495,184.529,546884355,546884355,0.123211,深A,2025-09-02 15:34:30,2025-09-02
123255,鼎龙转债,-3.64,144.489,150.0,143.518,149.699,-5.461,6.21,0.63,-,56556,82500150.156,149.95,1314849900,1314849900,0.123255,深A,2025-09-02 15:34:30,2025-09-02
123247,万凯转债,-3.65,155.017,161.594,153.6,161.594,-5.878,14.27,1.38,-,368988,576979885.838,160.895,4008457644,4008457644,0.123247,深A,2025-09-02 15:34:24,2025-09-02
118045,盟升转债,-3.7,220.295,229.375,213.8,228.748,-8.453,75.85,0.62,-,93980,205601871.0,228.748,272963129,272963129,1.118045,沪A,2025-09-02 16:11:36,2025-09-02
110062,烽火转债,-3.78,123.56,128.95,123.063,127.9,-4.852,12.01,0.97,-,370641,462985426.0,128.412,3814712362,3814712362,1.110062,沪A,2025-09-02 16:11:58,2025-09-02
118057,甬矽转债,-3.92,161.546,169.416,155.81,168.3,-6.586,16.69,0.91,-,194489,312338290.0,168.132,1882010900,1882010900,1.118057,沪A,2025-09-02 16:11:39,2025-09-02
111007,永和转债,-3.95,145.139,151.63,144.698,151.103,-5.964,38.59,0.49,-,150926,222029712.0,151.103,567698426,567698426,1.111007,沪A,2025-09-02 16:11:59,2025-09-02
128132,交建转债,-4.08,150.5,156.879,149.359,156.45,-6.4,55.5,0.56,-,163671,247890486.274,156.9,443806139,443806139,0.128132,深A,2025-09-02 15:34:45,2025-09-02
127104,姚记转债,-4.13,162.368,170.446,161.535,169.402,-6.992,11.46,0.29,-,66759,110002946.508,169.36,946078231,946078231,0.127104,深A,2025-09-02 15:34:15,2025-09-02
123236,家联转债,-4.19,160.489,169.457,154.55,165.0,-7.011,169.76,3.29,-,1229995,1958161237.309,167.5,1162850172,1162850172,0.123236,深A,2025-09-02 15:34:18,2025-09-02
127076,中宠转2,-4.39,230.48,241.999,228.88,241.0,-10.577,20.08,0.88,-,97175,228463860.64,241.057,1115173792,1115173792,0.127076,深A,2025-09-02 15:34:54,2025-09-02
127053,豪美转债,-4.44,253.035,271.802,250.9,264.8,-11.765,50.25,1.33,-,129870,338213108.49,264.8,653960101,653960101,0.127053,深A,2025-09-02 15:34:12,2025-09-02
113588,润达转债,-4.45,156.764,164.2,155.62,163.743,-7.307,33.82,0.68,-,79256,125397471.0,164.071,367335675,367335675,1.113588,沪A,2025-09-02 16:11:33,2025-09-02
113569,科达转债,-4.53,138.228,142.687,136.81,142.5,-6.565,138.65,2.24,-,372287,519171606.0,144.793,371154759,371154759,1.113569,沪A,2025-09-02 16:11:52,2025-09-02
123118,惠城转债,-4.58,2003.0,2115.0,1985.0,2106.0,-96.213,29.05,0.81,-,35978,732007749.62,2099.213,2480427068,2480427068,0.123118,深A,2025-09-02 15:34:51,2025-09-02
127079,华亚转债,-4.61,173.5,183.65,171.85,182.999,-8.38,44.0,0.76,-,136693,240650193.28,181.88,539063980,539063980,0.127079,深A,2025-09-02 15:34:54,2025-09-02
113667,春23转债,-4.66,142.842,150.027,141.02,149.831,-6.988,16.42,1.24,-,93585,134433962.0,149.83,814149405,814149405,1.113667,沪A,2025-09-02 16:11:52,2025-09-02
118029,富淼转债,-4.66,137.629,144.0,137.224,144.0,-6.723,35.77,0.92,-,160959,224815053.0,144.352,619320866,619320866,1.118029,沪A,2025-09-02 16:12:00,2025-09-02
118054,安集转债,-4.69,166.213,175.428,163.628,174.799,-8.175,12.76,0.8,-,105944,177703761.0,174.388,1380398965,1380398965,1.118054,沪A,2025-09-02 16:12:01,2025-09-02
127077,华宏转债,-4.69,142.359,150.518,139.798,149.492,-6.999,146.01,0.39,-,187663,267267313.676,149.358,182973738,182973738,0.127077,深A,2025-09-02 15:34:48,2025-09-02
123059,银信转债,-4.75,156.797,165.097,154.3,163.952,-7.813,47.65,0.9,-,74783,117735115.758,164.61,246055574,246055574,0.123059,深A,2025-09-02 15:34:42,2025-09-02
127081,中旗转债,-4.78,383.752,402.0,381.394,400.49,-19.266,118.84,0.72,-,270450,1051559051.17,403.018,873352012,873352012,0.127081,深A,2025-09-02 15:34:27,2025-09-02
118050,航宇转债,-4.84,165.24,173.758,161.841,173.469,-8.403,18.1,1.69,-,120685,199487828.0,173.643,1101893026,1101893026,1.118050,沪A,2025-09-02 16:12:01,2025-09-02
113615,金诚转债,-4.97,590.986,625.763,567.148,622.99,-30.921,38.44,1.46,-,190661,1123016040.0,621.907,2930900509,2930900509,1.113615,沪A,2025-09-02 16:11:53,2025-09-02
128144,利民转债,-5.08,244.881,259.137,242.5,258.13,-13.109,44.56,1.18,-,115026,284470727.823,257.99,632138507,632138507,0.128144,深A,2025-09-02 15:34:30,2025-09-02
127097,三羊转债,-5.09,138.2,146.372,137.564,146.3,-7.409,81.89,0.62,-,171344,240701139.405,145.609,289176175,289176175,0.127097,深A,2025-09-02 15:34:57,2025-09-02
127107,领益转债,-5.18,162.0,170.666,158.498,170.0,-8.85,23.63,0.38,-,503518,818932334.445,170.85,3452647194,3452647194,0.127107,深A,2025-09-02 15:34:30,2025-09-02
123169,正海转债,-5.26,138.331,146.99,136.713,146.2,-7.68,74.81,0.36,-,359268,501052422.774,146.011,664312771,664312771,0.123169,深A,2025-09-02 15:34:06,2025-09-02
110060,天路转债,-5.35,361.425,383.999,354.3,383.399,-20.445,148.72,1.1,-,178835,651235180.0,381.87,434616815,434616815,1.110060,沪A,2025-09-02 16:11:58,2025-09-02
123213,天源转债,-5.43,195.245,207.51,189.5,207.51,-11.209,59.91,2.58,-,195792,381300219.468,206.454,638131924,638131924,0.123213,深A,2025-09-02 15:34:36,2025-09-02
123245,集智转债,-5.77,235.1,249.6,228.318,249.001,-14.4,89.65,1.55,-,137995,327367163.171,249.5,361881907,361881907,0.123245,深A,2025-09-02 15:34:12,2025-09-02
118013,道通转债,-5.9,189.807,203.867,186.385,203.867,-11.9,17.15,1.38,-,219514,420068596.0,201.707,2428927912,2428927912,1.118013,沪A,2025-09-02 16:11:52,2025-09-02
118049,汇成转债,-6.36,172.778,186.29,172.0,184.513,-11.736,13.44,1.0,-,154430,273242441.0,184.514,1984564391,1984564391,1.118049,沪A,2025-09-02 16:11:56,2025-09-02
118004,博瑞转债,-6.64,261.699,283.888,259.2,283.1,-18.604,55.89,0.92,-,251007,674912059.0,280.303,1175418180,1175418180,1.118004,沪A,2025-09-02 16:11:52,2025-09-02
113687,振华转债,-6.92,255.428,277.0,253.0,276.0,-18.985,36.69,1.05,-,148942,389389457.0,274.413,1036953389,1036953389,1.113687,沪A,2025-09-02 16:11:42,2025-09-02
118048,利扬转债,-7.1,185.905,210.455,185.0,195.8,-14.21,426.22,6.22,-,2068382,4112477164.0,200.115,902170938,902170938,1.118048,沪A,2025-09-02 16:11:35,2025-09-02
123251,华医转债,-7.3,159.999,173.34,158.311,172.98,-12.601,26.93,0.84,-,188899,309723935.254,172.6,1122235866,1122235866,0.123251,深A,2025-09-02 15:34:27,2025-09-02
123131,奥飞转债,-7.35,265.9,288.0,259.133,287.043,-21.1,82.5,0.8,-,260939,704250489.46,287.0,840999156,840999156,0.123131,深A,2025-09-02 15:34:54,2025-09-02
113601,塞力转债,-7.35,271.462,294.8,264.0,294.8,-21.545,166.7,0.35,-,313472,868791161.0,293.007,510468275,510468275,1.113601,沪A,2025-09-02 16:11:34,2025-09-02
128131,崇达转2,-7.68,153.9,171.56,152.192,169.422,-12.795,160.55,0.4,-,489490,786921121.157,166.695,469213706,469213706,0.128131,深A,2025-09-02 15:34:30,2025-09-02
118056,路维转债,-7.95,160.111,174.903,158.483,174.5,-13.823,19.33,1.88,-,118870,193851650.0,173.934,984682650,984682650,1.118056,沪A,2025-09-02 16:11:42,2025-09-02
110074,精达转债,-9.4,274.816,307.0,270.98,305.2,-28.527,43.98,1.28,-,118779,338474326.0,303.343,742264275,742264275,1.110074,沪A,2025-09-02 16:11:49,2025-09-02
113669,景23转债,-10.18,229.66,264.0,228.487,255.9,-26.041,47.73,0.69,-,454372,1100383098.0,255.701,2186324387,2186324387,1.113669,沪A,2025-09-02 16:11:43,2025-09-02
113064,东材转债,-10.89,142.667,162.5,140.6,162.5,-17.438,179.51,0.21,-,165467,250252682.0,160.105,131503735,131503735,1.113064,沪A,2025-09-02 16:11:55,2025-09-02
123241,欧通转债,-11.36,512.98,588.88,510.221,580.0,-65.72,149.47,0.67,-,398117,2132914373.823,578.7,1366303250,1366303250,0.123241,深A,2025-09-02 15:34:21,2025-09-02
113664,大元转债,-13.47,225.981,264.464,222.529,259.01,-35.164,269.22,0.35,-,909200,2150798364.0,261.145,763165633,763165633,1.113664,沪A,2025-09-02 16:11:52,2025-09-02
127111,金威转债,-,-,-,-,-,-,0.0,-,-,-,-,100.0,1292394800,1292394800,0.127111,深A,2025-09-02 08:00:00,2025-09-02
123258,胜蓝转02,-,-,-,-,-,-,0.0,-,-,-,-,100.0,450000000,450000000,0.123258,深A,2025-09-02 08:00:00,2025-09-02
123155,中陆转债,-,-,-,-,-,-,0.0,-,-,-,-,140.216,504734133,504734133,0.123155,深A,2025-09-02 15:34:21,2025-09-02
113698,凯众转债,-,-,-,-,-,-,0.0,-,-,-,-,100.0,308447000,308447000,1.113698,沪A,2025-09-02 08:00:00,2025-09-02
