日期,代码,名称,今开,最新价,最高,最低,振幅
2018-11-26,AXX,富时AIM全股,924.33,931.36,931.36,924.33,0.0
2018-11-27,AXX,富时AIM全股,932.84,925.2,932.84,924.45,0.9
2018-11-28,AXX,富时AIM全股,924.26,930.07,930.72,923.59,0.77
2018-11-29,AXX,富时AIM全股,929.08,932.39,937.43,929.08,0.9
2018-11-30,AXX,富时AIM全股,933.19,930.17,933.87,928.34,0.59
2018-12-03,AXX,富时AIM全股,932.74,938.27,942.18,932.74,1.01
2018-12-04,AXX,富时AIM全股,937.9,922.17,937.9,921.24,1.78
2018-12-05,AXX,富时AIM全股,919.85,911.31,919.85,911.31,0.93
2018-12-06,AXX,富时AIM全股,911.36,889.89,911.45,889.89,2.37
2018-12-07,AXX,富时AIM全股,891.82,896.76,898.97,891.12,0.88
2018-12-10,AXX,富时AIM全股,897.9,885.71,897.9,885.71,1.36
2018-12-11,AXX,富时AIM全股,886.81,886.21,888.6,881.91,0.76
2018-12-12,AXX,富时AIM全股,886.2,888.85,888.85,884.61,0.48
2018-12-13,AXX,富时AIM全股,889.58,888.88,892.08,887.37,0.53
2018-12-14,AXX,富时AIM全股,887.77,887.05,887.77,884.02,0.42
2018-12-17,AXX,富时AIM全股,885.05,860.37,888.45,858.89,3.33
2018-12-18,AXX,富时AIM全股,859.57,852.39,859.57,852.04,0.88
2018-12-19,AXX,富时AIM全股,852.24,857.24,858.78,851.89,0.81
2018-12-20,AXX,富时AIM全股,853.14,848.4,853.14,847.98,0.6
2018-12-21,AXX,富时AIM全股,850.59,849.78,850.79,846.56,0.5
2018-12-24,AXX,富时AIM全股,848.65,845.8,849.15,845.58,0.42
2018-12-27,AXX,富时AIM全股,846.61,842.4,855.7,841.56,1.67
2018-12-28,AXX,富时AIM全股,843.88,850.54,850.94,843.88,0.84
2018-12-31,AXX,富时AIM全股,851.2,858.61,858.61,851.2,0.87
2019-01-02,AXX,富时AIM全股,857.8,860.31,860.55,854.18,0.74
2019-01-03,AXX,富时AIM全股,860.34,861.85,864.8,860.34,0.52
2019-01-04,AXX,富时AIM全股,861.15,874.37,874.85,861.15,1.59
2019-01-07,AXX,富时AIM全股,876.0,887.46,888.05,876.0,1.38
2019-01-08,AXX,富时AIM全股,887.5,891.96,893.52,885.89,0.86
2019-01-09,AXX,富时AIM全股,893.01,903.63,904.68,893.01,1.31
2019-01-10,AXX,富时AIM全股,903.48,907.73,908.9,903.48,0.6
2019-01-11,AXX,富时AIM全股,909.97,910.2,912.42,907.85,0.5
2019-01-14,AXX,富时AIM全股,910.29,903.9,910.29,903.66,0.73
2019-01-15,AXX,富时AIM全股,906.03,900.28,907.48,897.13,1.15
2019-01-16,AXX,富时AIM全股,899.12,905.15,905.58,899.12,0.72
2019-01-17,AXX,富时AIM全股,904.63,904.47,907.47,903.37,0.45
2019-01-18,AXX,富时AIM全股,904.76,913.67,914.9,904.43,1.16
2019-01-21,AXX,富时AIM全股,914.8,914.56,914.8,911.84,0.32
2019-01-22,AXX,富时AIM全股,912.99,910.66,915.97,910.66,0.58
2019-01-23,AXX,富时AIM全股,910.65,906.98,910.65,905.94,0.52
2019-01-24,AXX,富时AIM全股,910.22,916.65,918.46,908.05,1.15
2019-01-25,AXX,富时AIM全股,912.66,911.82,915.11,911.07,0.44
2019-01-28,AXX,富时AIM全股,910.11,911.64,915.25,910.11,0.56
2019-01-29,AXX,富时AIM全股,912.16,908.91,912.2,908.8,0.37
2019-01-30,AXX,富时AIM全股,909.51,912.05,913.25,909.51,0.41
2019-01-31,AXX,富时AIM全股,913.39,919.14,919.14,910.48,0.95
2019-02-01,AXX,富时AIM全股,918.77,921.83,923.48,918.77,0.51
2019-02-04,AXX,富时AIM全股,923.67,922.21,923.67,919.41,0.46
2019-02-05,AXX,富时AIM全股,921.54,925.14,926.17,921.54,0.5
2019-02-06,AXX,富时AIM全股,924.89,924.13,925.49,922.48,0.33
2019-02-07,AXX,富时AIM全股,922.53,911.94,922.53,911.94,1.15
2019-02-08,AXX,富时AIM全股,912.87,904.91,912.87,904.91,0.87
2019-02-11,AXX,富时AIM全股,905.52,905.38,909.21,905.3,0.43
2019-02-12,AXX,富时AIM全股,904.63,908.29,909.02,904.63,0.48
2019-02-13,AXX,富时AIM全股,907.57,910.48,911.91,906.45,0.6
2019-02-14,AXX,富时AIM全股,909.03,911.66,915.52,909.03,0.71
2019-02-15,AXX,富时AIM全股,913.21,907.59,913.21,907.59,0.62
2019-02-18,AXX,富时AIM全股,908.84,908.13,910.83,907.31,0.39
2019-02-19,AXX,富时AIM全股,908.57,906.99,909.54,906.31,0.36
2019-02-20,AXX,富时AIM全股,907.37,910.14,910.57,905.44,0.57
2019-02-21,AXX,富时AIM全股,911.7,908.85,913.9,907.31,0.72
2019-02-22,AXX,富时AIM全股,907.99,910.09,910.43,907.81,0.29
2019-02-25,AXX,富时AIM全股,912.13,912.66,913.56,909.42,0.45
2019-02-26,AXX,富时AIM全股,912.87,913.04,913.04,908.94,0.45
2019-02-27,AXX,富时AIM全股,907.93,906.42,911.24,905.09,0.67
2019-02-28,AXX,富时AIM全股,907.59,909.34,909.34,904.4,0.55
2019-03-01,AXX,富时AIM全股,908.99,915.82,915.87,908.99,0.76
2019-03-04,AXX,富时AIM全股,918.09,915.29,919.92,915.27,0.51
2019-03-05,AXX,富时AIM全股,917.35,915.78,917.35,911.86,0.6
2019-03-06,AXX,富时AIM全股,914.69,916.56,918.62,914.69,0.43
2019-03-07,AXX,富时AIM全股,915.48,909.86,917.43,908.31,1.0
2019-03-08,AXX,富时AIM全股,909.66,904.68,909.66,904.68,0.55
2019-03-11,AXX,富时AIM全股,907.28,908.0,909.15,906.75,0.27
2019-03-12,AXX,富时AIM全股,907.09,907.48,910.97,904.96,0.66
2019-03-13,AXX,富时AIM全股,906.28,909.25,913.71,906.28,0.82
2019-03-14,AXX,富时AIM全股,908.25,913.18,914.15,907.28,0.76
2019-03-15,AXX,富时AIM全股,912.73,918.13,918.13,912.09,0.66
2019-03-18,AXX,富时AIM全股,919.54,920.38,922.27,918.74,0.38
2019-03-19,AXX,富时AIM全股,919.62,923.1,924.35,918.1,0.68
2019-03-20,AXX,富时AIM全股,924.15,921.26,926.9,921.26,0.61
2019-03-21,AXX,富时AIM全股,921.08,922.77,923.73,920.03,0.4
2019-03-22,AXX,富时AIM全股,922.32,909.97,924.44,909.97,1.57
2019-03-25,AXX,富时AIM全股,911.12,898.79,911.12,898.17,1.42
2019-03-26,AXX,富时AIM全股,896.16,904.8,906.39,895.9,1.17
2019-03-27,AXX,富时AIM全股,907.27,910.27,910.27,905.79,0.5
2019-03-28,AXX,富时AIM全股,912.56,911.15,914.84,910.66,0.46
2019-03-29,AXX,富时AIM全股,911.35,916.83,917.91,911.35,0.72
2019-04-01,AXX,富时AIM全股,919.4,917.34,920.75,915.68,0.55
2019-04-02,AXX,富时AIM全股,918.78,918.35,921.15,917.72,0.37
2019-04-03,AXX,富时AIM全股,921.04,921.19,922.16,919.37,0.3
2019-04-04,AXX,富时AIM全股,921.93,920.24,923.07,919.92,0.34
2019-04-05,AXX,富时AIM全股,921.22,922.5,923.0,918.99,0.44
2019-04-08,AXX,富时AIM全股,920.46,924.64,925.55,920.46,0.55
2019-04-09,AXX,富时AIM全股,922.06,926.18,926.18,921.47,0.51
2019-04-10,AXX,富时AIM全股,925.46,932.99,933.88,925.46,0.91
2019-04-11,AXX,富时AIM全股,931.39,938.47,938.88,931.39,0.8
2019-04-12,AXX,富时AIM全股,938.85,941.94,943.27,936.33,0.74
2019-04-15,AXX,富时AIM全股,941.48,947.81,948.26,941.48,0.72
2019-04-16,AXX,富时AIM全股,947.07,951.05,951.05,946.73,0.46
2019-04-17,AXX,富时AIM全股,953.39,957.45,957.88,950.96,0.73
2019-04-18,AXX,富时AIM全股,958.14,955.15,958.77,955.09,0.38
2019-04-23,AXX,富时AIM全股,956.38,958.56,959.1,955.88,0.34
2019-04-24,AXX,富时AIM全股,958.49,962.99,963.09,958.49,0.48
2019-04-25,AXX,富时AIM全股,962.72,965.19,965.51,961.28,0.44
2019-04-26,AXX,富时AIM全股,967.92,969.4,969.4,964.45,0.51
2019-04-29,AXX,富时AIM全股,969.84,970.47,971.96,968.16,0.39
2019-04-30,AXX,富时AIM全股,971.1,968.9,973.38,968.35,0.52
2019-05-01,AXX,富时AIM全股,970.52,970.24,974.88,969.2,0.59
2019-05-02,AXX,富时AIM全股,970.81,968.39,970.81,967.91,0.3
2019-05-03,AXX,富时AIM全股,968.43,970.48,970.48,967.25,0.33
2019-05-07,AXX,富时AIM全股,972.14,965.8,972.14,965.24,0.71
2019-05-08,AXX,富时AIM全股,966.28,962.33,966.28,961.6,0.48
2019-05-09,AXX,富时AIM全股,962.67,954.02,962.67,953.14,0.99
2019-05-10,AXX,富时AIM全股,956.81,957.33,958.75,956.21,0.27
2019-05-13,AXX,富时AIM全股,958.42,950.97,960.01,949.71,1.08
2019-05-14,AXX,富时AIM全股,953.83,954.95,955.26,952.14,0.33
2019-05-15,AXX,富时AIM全股,956.67,957.9,958.68,955.46,0.34
2019-05-16,AXX,富时AIM全股,959.49,960.92,960.92,956.73,0.44
2019-05-17,AXX,富时AIM全股,961.27,958.69,961.27,955.43,0.61
2019-05-20,AXX,富时AIM全股,960.18,957.01,963.12,956.92,0.65
2019-05-21,AXX,富时AIM全股,958.61,959.44,961.46,958.07,0.35
2019-05-22,AXX,富时AIM全股,960.61,965.99,966.85,960.61,0.65
2019-05-23,AXX,富时AIM全股,968.01,957.54,968.01,956.17,1.23
2019-05-24,AXX,富时AIM全股,959.62,960.59,961.22,958.13,0.32
2019-05-28,AXX,富时AIM全股,962.06,965.33,965.33,958.97,0.66
2019-05-29,AXX,富时AIM全股,964.57,956.79,964.57,955.99,0.89
2019-05-30,AXX,富时AIM全股,957.79,961.78,962.72,957.79,0.52
2019-05-31,AXX,富时AIM全股,961.96,959.91,962.73,956.74,0.62
2019-06-03,AXX,富时AIM全股,957.72,949.66,959.76,949.07,1.11
2019-06-04,AXX,富时AIM全股,948.33,941.93,948.33,938.9,0.99
2019-06-05,AXX,富时AIM全股,942.17,939.41,947.34,939.41,0.84
2019-06-06,AXX,富时AIM全股,940.34,935.59,940.34,934.89,0.58
2019-06-07,AXX,富时AIM全股,936.44,938.43,938.43,934.77,0.39
2019-06-10,AXX,富时AIM全股,938.94,943.38,944.8,938.94,0.62
2019-06-11,AXX,富时AIM全股,942.81,945.29,945.52,942.57,0.31
2019-06-12,AXX,富时AIM全股,944.63,944.31,945.47,942.39,0.33
2019-06-13,AXX,富时AIM全股,945.02,938.97,945.05,938.89,0.65
2019-06-14,AXX,富时AIM全股,940.11,937.21,940.11,936.02,0.44
2019-06-17,AXX,富时AIM全股,939.43,937.46,940.68,935.25,0.58
2019-06-18,AXX,富时AIM全股,938.2,938.09,939.74,934.88,0.52
2019-06-19,AXX,富时AIM全股,939.78,932.06,939.78,932.06,0.82
2019-06-20,AXX,富时AIM全股,934.69,933.39,937.56,933.19,0.47
2019-06-21,AXX,富时AIM全股,932.17,933.07,934.37,929.52,0.52
2019-06-24,AXX,富时AIM全股,932.69,929.51,935.09,929.27,0.62
2019-06-25,AXX,富时AIM全股,931.48,924.97,931.48,924.7,0.73
2019-06-26,AXX,富时AIM全股,925.96,924.0,925.96,924.0,0.21
2019-06-27,AXX,富时AIM全股,924.03,923.61,926.16,923.34,0.31
2019-06-28,AXX,富时AIM全股,922.09,919.33,922.09,916.91,0.56
2019-07-01,AXX,富时AIM全股,919.53,917.61,921.84,915.26,0.72
2019-07-02,AXX,富时AIM全股,919.5,920.53,922.0,918.0,0.44
2019-07-03,AXX,富时AIM全股,920.22,924.27,925.61,920.22,0.59
2019-07-04,AXX,富时AIM全股,923.86,917.29,925.7,916.76,0.97
2019-07-05,AXX,富时AIM全股,916.44,916.82,919.27,914.65,0.5
2019-07-08,AXX,富时AIM全股,917.19,911.08,917.92,910.0,0.86
2019-07-09,AXX,富时AIM全股,910.02,908.55,910.09,905.42,0.51
2019-07-10,AXX,富时AIM全股,907.68,914.73,914.96,907.68,0.8
2019-07-11,AXX,富时AIM全股,913.38,917.51,917.51,912.88,0.51
2019-07-12,AXX,富时AIM全股,917.64,917.19,918.85,915.27,0.39
2019-07-15,AXX,富时AIM全股,917.52,919.29,919.76,917.27,0.27
2019-07-16,AXX,富时AIM全股,919.0,919.77,920.93,918.23,0.29
2019-07-17,AXX,富时AIM全股,918.27,918.56,919.84,917.72,0.23
2019-07-18,AXX,富时AIM全股,919.25,910.75,919.25,910.75,0.93
2019-07-19,AXX,富时AIM全股,911.91,914.24,914.32,911.49,0.31
2019-07-22,AXX,富时AIM全股,914.3,916.21,917.84,911.94,0.65
2019-07-23,AXX,富时AIM全股,916.55,920.56,920.74,915.02,0.62
2019-07-24,AXX,富时AIM全股,919.24,925.87,925.87,919.24,0.72
2019-07-25,AXX,富时AIM全股,927.92,926.05,931.69,925.32,0.69
2019-07-26,AXX,富时AIM全股,928.42,928.21,929.25,925.46,0.41
2019-07-29,AXX,富时AIM全股,926.86,929.92,932.23,926.86,0.58
2019-07-30,AXX,富时AIM全股,930.44,932.36,932.36,928.08,0.46
2019-07-31,AXX,富时AIM全股,931.18,931.46,934.3,930.93,0.36
2019-08-01,AXX,富时AIM全股,929.43,931.77,931.85,929.2,0.28
2019-08-02,AXX,富时AIM全股,931.03,921.34,931.03,921.34,1.04
2019-08-05,AXX,富时AIM全股,919.74,907.25,920.25,906.92,1.45
2019-08-06,AXX,富时AIM全股,906.53,896.11,907.78,894.96,1.41
2019-08-07,AXX,富时AIM全股,896.85,876.37,903.47,869.74,3.76
2019-08-08,AXX,富时AIM全股,877.76,884.94,885.96,876.73,1.05
2019-08-09,AXX,富时AIM全股,884.84,886.02,889.13,884.16,0.56
2019-08-12,AXX,富时AIM全股,884.79,876.6,890.99,876.6,1.62
2019-08-13,AXX,富时AIM全股,875.25,876.99,876.99,872.33,0.53
2019-08-14,AXX,富时AIM全股,877.74,865.29,879.03,865.04,1.6
2019-08-15,AXX,富时AIM全股,866.4,858.88,866.4,853.46,1.5
2019-08-16,AXX,富时AIM全股,860.12,859.98,862.07,857.57,0.52
2019-08-19,AXX,富时AIM全股,859.57,864.41,865.25,859.57,0.66
2019-08-20,AXX,富时AIM全股,863.29,865.7,866.78,863.29,0.4
2019-08-21,AXX,富时AIM全股,865.51,871.49,871.49,865.51,0.69
2019-08-22,AXX,富时AIM全股,869.31,869.09,871.03,867.83,0.37
2019-08-23,AXX,富时AIM全股,869.74,871.42,874.92,869.74,0.6
2019-08-27,AXX,富时AIM全股,867.9,870.19,874.1,867.9,0.71
2019-08-28,AXX,富时AIM全股,871.28,869.11,871.28,865.94,0.61
2019-08-29,AXX,富时AIM全股,869.88,870.53,871.06,868.72,0.27
2019-08-30,AXX,富时AIM全股,869.44,871.57,872.93,869.44,0.4
2019-09-02,AXX,富时AIM全股,870.96,873.6,873.89,870.96,0.34
2019-09-03,AXX,富时AIM全股,873.13,873.53,875.7,872.48,0.37
2019-09-04,AXX,富时AIM全股,873.53,878.01,878.08,872.67,0.62
2019-09-05,AXX,富时AIM全股,879.23,880.25,884.54,878.63,0.67
2019-09-06,AXX,富时AIM全股,879.09,881.99,882.71,878.86,0.44
2019-09-09,AXX,富时AIM全股,883.78,877.62,884.88,876.75,0.92
2019-09-10,AXX,富时AIM全股,878.41,875.4,878.41,874.42,0.45
2019-09-11,AXX,富时AIM全股,876.08,880.27,882.33,876.06,0.72
2019-09-12,AXX,富时AIM全股,881.51,880.5,882.64,878.9,0.42
2019-09-13,AXX,富时AIM全股,880.04,886.06,886.71,880.04,0.76
2019-09-16,AXX,富时AIM全股,885.28,887.16,887.41,882.98,0.5
2019-09-17,AXX,富时AIM全股,884.51,884.49,884.51,880.78,0.42
2019-09-18,AXX,富时AIM全股,884.51,884.5,885.67,882.17,0.4
2019-09-19,AXX,富时AIM全股,886.74,885.76,887.82,884.45,0.38
2019-09-20,AXX,富时AIM全股,887.86,886.48,888.41,885.09,0.37
2019-09-23,AXX,富时AIM全股,885.1,885.04,889.24,884.95,0.48
2019-09-24,AXX,富时AIM全股,884.88,881.1,886.36,880.48,0.66
2019-09-25,AXX,富时AIM全股,881.06,874.69,881.44,872.94,0.96
2019-09-26,AXX,富时AIM全股,874.87,871.23,875.46,870.96,0.51
2019-09-27,AXX,富时AIM全股,870.79,872.7,873.75,870.55,0.37
2019-09-30,AXX,富时AIM全股,871.48,872.97,873.55,870.57,0.34
2019-10-01,AXX,富时AIM全股,871.91,874.98,876.71,871.91,0.55
2019-10-02,AXX,富时AIM全股,873.78,866.48,875.32,865.83,1.08
2019-10-03,AXX,富时AIM全股,866.29,858.28,866.29,856.37,1.14
2019-10-04,AXX,富时AIM全股,858.16,863.3,863.3,857.57,0.67
2019-10-07,AXX,富时AIM全股,863.34,863.06,865.35,860.44,0.57
2019-10-08,AXX,富时AIM全股,861.69,857.33,863.78,856.89,0.8
2019-10-09,AXX,富时AIM全股,857.95,856.5,860.0,856.03,0.46
2019-10-10,AXX,富时AIM全股,857.02,856.28,857.32,852.58,0.55
2019-10-11,AXX,富时AIM全股,857.24,869.28,869.28,857.01,1.43
2019-10-14,AXX,富时AIM全股,872.05,870.45,872.05,865.74,0.73
2019-10-15,AXX,富时AIM全股,870.83,871.83,872.94,868.07,0.56
2019-10-16,AXX,富时AIM全股,871.5,879.61,879.61,871.5,0.93
2019-10-17,AXX,富时AIM全股,879.52,882.64,886.27,878.91,0.84
2019-10-18,AXX,富时AIM全股,885.2,880.73,885.2,879.67,0.63
2019-10-21,AXX,富时AIM全股,880.91,885.19,885.5,880.91,0.52
2019-10-22,AXX,富时AIM全股,883.6,884.15,886.0,883.6,0.27
2019-10-23,AXX,富时AIM全股,883.94,886.02,886.02,883.02,0.34
2019-10-24,AXX,富时AIM全股,885.84,892.8,892.8,885.84,0.79
2019-10-25,AXX,富时AIM全股,893.17,890.92,893.26,889.39,0.43
2019-10-28,AXX,富时AIM全股,890.57,892.31,892.86,890.47,0.27
2019-10-29,AXX,富时AIM全股,892.22,890.31,892.48,889.87,0.29
2019-10-30,AXX,富时AIM全股,890.18,889.8,891.28,886.23,0.57
2019-10-31,AXX,富时AIM全股,890.39,889.54,891.65,887.95,0.42
2019-11-01,AXX,富时AIM全股,889.73,890.7,891.74,888.64,0.35
2019-11-04,AXX,富时AIM全股,889.27,889.32,892.44,888.34,0.46
2019-11-05,AXX,富时AIM全股,888.74,890.9,891.91,888.57,0.38
2019-11-06,AXX,富时AIM全股,891.07,890.85,891.24,888.87,0.27
2019-11-07,AXX,富时AIM全股,891.33,894.0,894.0,890.12,0.44
2019-11-08,AXX,富时AIM全股,891.97,891.92,894.82,891.63,0.36
2019-11-11,AXX,富时AIM全股,892.08,891.01,893.04,888.65,0.49
2019-11-12,AXX,富时AIM全股,891.08,890.19,892.41,889.25,0.35
2019-11-13,AXX,富时AIM全股,889.86,884.88,889.88,884.88,0.56
2019-11-14,AXX,富时AIM全股,885.65,888.07,888.11,885.24,0.32
2019-11-15,AXX,富时AIM全股,888.29,892.3,892.39,888.29,0.46
2019-11-18,AXX,富时AIM全股,892.26,894.1,896.33,892.24,0.46
2019-11-19,AXX,富时AIM全股,893.74,896.79,897.04,893.74,0.37
2019-11-20,AXX,富时AIM全股,894.0,899.32,900.28,893.34,0.77
2019-11-21,AXX,富时AIM全股,898.17,902.21,902.37,898.17,0.47
2019-11-22,AXX,富时AIM全股,901.62,906.9,906.9,901.62,0.59
2019-11-25,AXX,富时AIM全股,907.76,909.42,910.25,906.49,0.41
2019-11-26,AXX,富时AIM全股,911.58,915.63,915.63,908.21,0.82
2019-11-27,AXX,富时AIM全股,916.31,920.09,920.09,914.29,0.63
2019-11-28,AXX,富时AIM全股,918.52,923.81,923.81,918.52,0.57
2019-11-29,AXX,富时AIM全股,921.77,922.48,923.95,921.02,0.32
2019-12-02,AXX,富时AIM全股,922.03,911.56,922.03,911.56,1.13
2019-12-03,AXX,富时AIM全股,913.42,906.33,913.42,906.33,0.78
2019-12-04,AXX,富时AIM全股,908.25,907.49,909.2,904.67,0.5
2019-12-05,AXX,富时AIM全股,908.94,906.05,908.97,905.11,0.43
2019-12-06,AXX,富时AIM全股,906.48,908.39,908.85,905.11,0.41
2019-12-09,AXX,富时AIM全股,907.96,905.51,908.54,904.2,0.48
2019-12-10,AXX,富时AIM全股,903.84,900.77,905.07,899.15,0.65
2019-12-11,AXX,富时AIM全股,898.66,895.0,900.62,895.0,0.62
2019-12-12,AXX,富时AIM全股,897.34,899.33,899.69,895.3,0.49
2019-12-13,AXX,富时AIM全股,900.46,917.71,919.06,900.46,2.07
2019-12-16,AXX,富时AIM全股,918.86,929.45,929.45,918.86,1.15
2019-12-17,AXX,富时AIM全股,930.27,927.99,930.27,925.5,0.51
2019-12-18,AXX,富时AIM全股,926.99,935.23,935.23,925.67,1.03
2019-12-19,AXX,富时AIM全股,934.75,938.27,938.75,933.32,0.58
2019-12-20,AXX,富时AIM全股,940.22,940.93,942.96,938.83,0.44
2019-12-23,AXX,富时AIM全股,941.48,946.91,947.46,939.07,0.89
2019-12-24,AXX,富时AIM全股,945.53,950.27,950.27,944.8,0.58
2019-12-27,AXX,富时AIM全股,951.07,954.17,954.66,950.02,0.49
2019-12-30,AXX,富时AIM全股,954.07,958.01,958.58,954.07,0.47
2019-12-31,AXX,富时AIM全股,957.7,958.26,960.18,957.03,0.33
2020-01-02,AXX,富时AIM全股,959.47,963.41,963.48,958.98,0.47
2020-01-03,AXX,富时AIM全股,961.27,964.07,964.07,960.32,0.39
2020-01-06,AXX,富时AIM全股,964.03,960.68,964.03,956.93,0.74
2020-01-07,AXX,富时AIM全股,960.61,957.93,964.24,957.67,0.68
2020-01-08,AXX,富时AIM全股,959.16,958.04,961.03,956.54,0.47
2020-01-09,AXX,富时AIM全股,958.41,963.01,963.01,958.41,0.48
2020-01-10,AXX,富时AIM全股,963.57,961.65,964.74,961.65,0.32
2020-01-13,AXX,富时AIM全股,961.8,966.39,967.14,961.8,0.56
2020-01-14,AXX,富时AIM全股,966.8,969.74,969.74,964.92,0.5
2020-01-15,AXX,富时AIM全股,968.28,970.95,972.88,968.28,0.47
2020-01-16,AXX,富时AIM全股,970.45,970.05,971.12,968.62,0.26
2020-01-17,AXX,富时AIM全股,970.28,974.85,976.24,970.28,0.61
2020-01-20,AXX,富时AIM全股,972.91,963.4,974.25,963.4,1.11
2020-01-21,AXX,富时AIM全股,964.36,962.1,964.36,960.82,0.37
2020-01-22,AXX,富时AIM全股,963.28,968.16,968.3,962.42,0.61
2020-01-23,AXX,富时AIM全股,967.67,963.33,970.68,962.33,0.86
2020-01-24,AXX,富时AIM全股,965.28,965.91,967.6,964.32,0.34
2020-01-27,AXX,富时AIM全股,964.41,953.03,964.64,952.25,1.28
2020-01-28,AXX,富时AIM全股,953.51,953.34,954.43,948.82,0.59
2020-01-29,AXX,富时AIM全股,953.1,958.32,959.3,952.25,0.74
2020-01-30,AXX,富时AIM全股,957.23,951.41,957.23,950.3,0.72
2020-01-31,AXX,富时AIM全股,950.4,950.99,953.47,950.4,0.32
2020-02-03,AXX,富时AIM全股,951.84,951.38,953.2,948.74,0.47
2020-02-04,AXX,富时AIM全股,950.64,960.37,960.96,950.64,1.08
2020-02-05,AXX,富时AIM全股,961.22,960.73,966.46,960.38,0.63
2020-02-06,AXX,富时AIM全股,962.34,964.0,964.86,959.63,0.54
2020-02-07,AXX,富时AIM全股,964.99,961.94,966.12,961.53,0.48
2020-02-10,AXX,富时AIM全股,963.7,961.53,963.7,959.9,0.4
2020-02-11,AXX,富时AIM全股,960.58,969.92,970.36,960.58,1.02
2020-02-12,AXX,富时AIM全股,970.94,969.47,972.59,968.4,0.43
2020-02-13,AXX,富时AIM全股,968.64,965.98,968.64,962.55,0.63
2020-02-14,AXX,富时AIM全股,964.02,965.71,966.21,964.02,0.23
2020-02-17,AXX,富时AIM全股,965.76,968.96,968.96,965.76,0.33
2020-02-18,AXX,富时AIM全股,967.52,964.54,968.5,963.69,0.5
2020-02-19,AXX,富时AIM全股,965.84,973.26,973.87,965.84,0.83
2020-02-20,AXX,富时AIM全股,974.09,975.18,978.05,974.09,0.41
2020-02-21,AXX,富时AIM全股,975.59,972.62,977.32,971.63,0.58
2020-02-24,AXX,富时AIM全股,973.01,942.94,973.01,942.94,3.09
2020-02-25,AXX,富时AIM全股,944.89,929.82,947.39,929.62,1.88
2020-02-26,AXX,富时AIM全股,926.29,911.16,926.29,901.96,2.62
2020-02-27,AXX,富时AIM全股,908.77,886.96,908.77,882.09,2.93
2020-02-28,AXX,富时AIM全股,881.65,856.64,881.65,845.66,4.06
2020-03-02,AXX,富时AIM全股,858.02,861.44,871.7,855.85,1.85
2020-03-03,AXX,富时AIM全股,862.76,882.96,886.82,862.76,2.79
2020-03-04,AXX,富时AIM全股,882.17,885.85,889.21,881.51,0.87
2020-03-05,AXX,富时AIM全股,887.44,875.83,890.28,874.5,1.78
2020-03-06,AXX,富时AIM全股,872.91,850.94,872.91,847.4,2.91
2020-03-09,AXX,富时AIM全股,839.99,800.9,839.99,794.33,5.37
2020-03-10,AXX,富时AIM全股,803.99,806.15,822.01,803.99,2.25
2020-03-11,AXX,富时AIM全股,806.8,797.66,813.77,797.66,2.0
2020-03-12,AXX,富时AIM全股,791.72,735.09,791.72,735.09,7.1
2020-03-13,AXX,富时AIM全股,736.99,741.28,760.71,736.99,3.23
2020-03-16,AXX,富时AIM全股,737.32,663.4,737.32,649.63,11.83
2020-03-17,AXX,富时AIM全股,663.97,625.74,672.07,620.34,7.8
2020-03-18,AXX,富时AIM全股,623.97,589.63,623.97,589.63,5.49
2020-03-19,AXX,富时AIM全股,590.51,589.9,591.5,581.1,1.76
2020-03-20,AXX,富时AIM全股,593.17,623.58,627.61,593.17,5.84
2020-03-23,AXX,富时AIM全股,619.67,596.36,619.67,592.07,4.43
2020-03-24,AXX,富时AIM全股,596.85,631.79,631.79,596.85,5.86
2020-03-25,AXX,富时AIM全股,632.21,661.99,661.99,632.21,4.71
2020-03-26,AXX,富时AIM全股,659.52,678.75,678.75,657.32,3.24
2020-03-27,AXX,富时AIM全股,678.06,664.19,678.06,662.89,2.23
2020-03-30,AXX,富时AIM全股,665.52,663.79,665.52,653.0,1.89
2020-03-31,AXX,富时AIM全股,666.7,682.29,682.29,666.53,2.37
2020-04-01,AXX,富时AIM全股,679.78,666.11,679.78,664.25,2.28
2020-04-02,AXX,富时AIM全股,666.18,664.97,667.45,662.58,0.73
2020-04-03,AXX,富时AIM全股,664.65,659.25,665.74,658.14,1.14
2020-04-06,AXX,富时AIM全股,660.7,680.41,680.64,660.7,3.02
2020-04-07,AXX,富时AIM全股,679.06,712.36,715.8,679.06,5.4
2020-04-08,AXX,富时AIM全股,712.51,727.58,727.89,709.64,2.56
2020-04-09,AXX,富时AIM全股,729.08,745.61,747.52,729.08,2.53
2020-04-14,AXX,富时AIM全股,745.8,754.29,755.11,745.8,1.25
2020-04-15,AXX,富时AIM全股,753.31,733.94,756.1,733.43,3.01
2020-04-16,AXX,富时AIM全股,736.58,743.35,744.27,734.83,1.29
2020-04-17,AXX,富时AIM全股,744.12,759.27,762.17,744.12,2.43
2020-04-20,AXX,富时AIM全股,759.87,763.75,766.7,759.87,0.9
2020-04-21,AXX,富时AIM全股,762.43,753.08,762.43,753.08,1.22
2020-04-22,AXX,富时AIM全股,753.28,765.89,765.89,753.28,1.67
2020-04-23,AXX,富时AIM全股,765.26,775.27,775.27,765.26,1.31
2020-04-24,AXX,富时AIM全股,775.13,782.15,782.19,772.94,1.19
2020-04-27,AXX,富时AIM全股,781.86,794.95,794.95,781.86,1.67
2020-04-28,AXX,富时AIM全股,796.58,804.96,807.03,795.76,1.42
2020-04-29,AXX,富时AIM全股,803.88,813.5,813.5,803.81,1.2
2020-04-30,AXX,富时AIM全股,810.45,810.34,817.94,809.39,1.05
2020-05-01,AXX,富时AIM全股,812.05,797.65,812.05,795.68,2.02
2020-05-04,AXX,富时AIM全股,798.34,799.73,800.1,794.99,0.64
2020-05-05,AXX,富时AIM全股,799.14,802.42,805.82,799.14,0.84
2020-05-06,AXX,富时AIM全股,802.17,807.72,810.1,802.17,0.99
2020-05-07,AXX,富时AIM全股,809.75,815.11,815.56,809.72,0.72
2020-05-11,AXX,富时AIM全股,815.5,826.62,828.29,815.5,1.57
2020-05-12,AXX,富时AIM全股,826.43,824.56,826.43,822.66,0.46
2020-05-13,AXX,富时AIM全股,823.5,819.77,823.5,819.45,0.49
2020-05-14,AXX,富时AIM全股,819.25,800.67,819.25,798.16,2.57
2020-05-15,AXX,富时AIM全股,802.36,808.8,810.25,802.36,0.99
2020-05-18,AXX,富时AIM全股,810.72,825.73,825.73,810.72,1.86
2020-05-19,AXX,富时AIM全股,827.59,826.75,831.18,824.34,0.83
2020-05-20,AXX,富时AIM全股,828.99,835.37,835.37,828.46,0.84
2020-05-21,AXX,富时AIM全股,836.9,839.25,842.99,833.11,1.18
2020-05-22,AXX,富时AIM全股,839.95,843.17,843.72,834.39,1.11
2020-05-26,AXX,富时AIM全股,844.41,854.24,858.5,844.41,1.67
2020-05-27,AXX,富时AIM全股,855.38,852.22,859.86,851.59,0.97
2020-05-28,AXX,富时AIM全股,852.8,875.36,875.36,852.8,2.65
2020-05-29,AXX,富时AIM全股,875.1,875.33,875.37,870.07,0.61
2020-06-01,AXX,富时AIM全股,877.55,883.2,883.85,877.55,0.72
2020-06-02,AXX,富时AIM全股,883.78,891.36,892.08,883.78,0.94
2020-06-03,AXX,富时AIM全股,891.45,895.18,895.66,891.45,0.47
2020-06-04,AXX,富时AIM全股,892.96,896.78,897.38,892.1,0.59
2020-06-05,AXX,富时AIM全股,897.73,903.77,904.4,897.73,0.74
2020-06-08,AXX,富时AIM全股,905.47,892.89,905.47,891.44,1.55
2020-06-09,AXX,富时AIM全股,893.48,883.49,897.31,882.29,1.68
2020-06-10,AXX,富时AIM全股,884.0,887.22,889.54,883.06,0.73
2020-06-11,AXX,富时AIM全股,887.02,865.61,887.05,865.61,2.42
2020-06-12,AXX,富时AIM全股,864.45,866.99,869.96,857.97,1.39
2020-06-15,AXX,富时AIM全股,866.48,862.86,866.48,856.81,1.12
2020-06-16,AXX,富时AIM全股,865.71,877.04,879.8,865.71,1.63
2020-06-17,AXX,富时AIM全股,877.88,887.38,889.9,877.88,1.37
2020-06-18,AXX,富时AIM全股,887.38,887.83,890.65,886.48,0.47
2020-06-19,AXX,富时AIM全股,887.29,890.39,892.07,887.29,0.54
2020-06-22,AXX,富时AIM全股,892.32,890.71,894.59,890.71,0.44
2020-06-23,AXX,富时AIM全股,891.53,896.46,899.42,891.53,0.89
2020-06-24,AXX,富时AIM全股,898.37,886.35,901.22,886.35,1.66
2020-06-25,AXX,富时AIM全股,888.78,883.29,888.78,881.01,0.88
2020-06-26,AXX,富时AIM全股,885.26,883.14,889.94,883.14,0.77
2020-06-29,AXX,富时AIM全股,883.24,883.12,886.93,881.34,0.63
2020-06-30,AXX,富时AIM全股,883.54,883.75,884.95,879.43,0.63
2020-07-01,AXX,富时AIM全股,884.44,883.14,886.75,877.05,1.1
2020-07-02,AXX,富时AIM全股,884.45,891.86,891.86,883.08,0.99
2020-07-03,AXX,富时AIM全股,894.83,893.22,895.77,892.28,0.39
2020-07-06,AXX,富时AIM全股,893.76,890.76,898.53,885.28,1.48
2020-07-07,AXX,富时AIM全股,890.38,883.07,892.64,882.73,1.11
2020-07-08,AXX,富时AIM全股,881.07,874.18,882.29,871.55,1.22
2020-07-09,AXX,富时AIM全股,876.18,880.24,889.2,876.18,1.49
2020-07-10,AXX,富时AIM全股,879.08,882.33,885.57,878.84,0.76
2020-07-13,AXX,富时AIM全股,883.21,881.14,884.39,878.05,0.72
2020-07-14,AXX,富时AIM全股,882.78,866.55,882.78,865.16,2.0
2020-07-15,AXX,富时AIM全股,867.84,875.47,877.64,867.84,1.13
2020-07-16,AXX,富时AIM全股,876.1,875.4,876.53,873.17,0.38
2020-07-17,AXX,富时AIM全股,876.3,877.7,877.92,874.04,0.44
2020-07-20,AXX,富时AIM全股,879.93,886.11,886.11,879.91,0.71
2020-07-21,AXX,富时AIM全股,886.11,892.44,892.44,886.11,0.71
2020-07-22,AXX,富时AIM全股,890.86,888.97,895.06,887.58,0.84
2020-07-23,AXX,富时AIM全股,888.97,890.5,890.5,885.99,0.51
2020-07-24,AXX,富时AIM全股,889.41,883.76,889.41,883.35,0.68
2020-07-27,AXX,富时AIM全股,882.43,889.25,889.25,882.43,0.77
2020-07-28,AXX,富时AIM全股,890.26,891.34,893.95,888.21,0.65
2020-07-29,AXX,富时AIM全股,891.67,896.02,896.16,888.73,0.83
2020-07-30,AXX,富时AIM全股,896.3,882.13,897.64,878.99,2.08
2020-07-31,AXX,富时AIM全股,882.98,885.02,889.84,882.98,0.78
2020-08-03,AXX,富时AIM全股,886.28,892.81,892.81,884.5,0.94
2020-08-04,AXX,富时AIM全股,894.53,894.55,894.66,889.21,0.61
2020-08-05,AXX,富时AIM全股,895.21,911.14,911.43,895.21,1.81
2020-08-06,AXX,富时AIM全股,910.89,917.3,918.1,910.25,0.86
2020-08-07,AXX,富时AIM全股,916.92,932.92,933.44,916.19,1.88
2020-08-10,AXX,富时AIM全股,933.68,938.28,938.4,933.18,0.56
2020-08-11,AXX,富时AIM全股,942.15,945.89,945.89,939.15,0.72
2020-08-12,AXX,富时AIM全股,944.79,954.84,954.84,944.79,1.06
2020-08-13,AXX,富时AIM全股,955.35,956.8,957.37,954.03,0.35
2020-08-14,AXX,富时AIM全股,956.01,948.14,956.6,947.68,0.93
2020-08-17,AXX,富时AIM全股,948.83,959.56,959.72,948.83,1.15
2020-08-18,AXX,富时AIM全股,959.78,960.05,966.24,958.44,0.81
2020-08-19,AXX,富时AIM全股,960.57,960.43,962.78,957.74,0.52
2020-08-20,AXX,富时AIM全股,960.81,957.46,961.07,956.41,0.49
2020-08-21,AXX,富时AIM全股,957.38,956.96,958.85,951.0,0.82
2020-08-24,AXX,富时AIM全股,956.61,960.96,963.35,956.61,0.7
2020-08-25,AXX,富时AIM全股,962.19,961.49,963.79,959.49,0.45
2020-08-26,AXX,富时AIM全股,962.0,965.72,965.72,960.14,0.58
2020-08-27,AXX,富时AIM全股,964.55,963.34,965.68,962.1,0.37
2020-08-28,AXX,富时AIM全股,963.68,964.04,967.25,960.43,0.71
2020-09-01,AXX,富时AIM全股,964.82,964.72,969.69,964.45,0.54
2020-09-02,AXX,富时AIM全股,965.7,968.08,975.08,965.7,0.97
2020-09-03,AXX,富时AIM全股,969.21,953.56,972.93,953.56,2.0
2020-09-04,AXX,富时AIM全股,951.78,946.81,958.8,944.92,1.46
2020-09-07,AXX,富时AIM全股,946.17,957.94,959.29,946.17,1.39
2020-09-08,AXX,富时AIM全股,957.78,952.77,960.2,945.85,1.5
2020-09-09,AXX,富时AIM全股,950.83,952.32,952.32,946.53,0.61
2020-09-10,AXX,富时AIM全股,952.48,955.35,956.09,950.04,0.64
2020-09-11,AXX,富时AIM全股,954.09,954.09,956.44,953.65,0.29
2020-09-14,AXX,富时AIM全股,955.32,960.76,960.84,955.32,0.58
2020-09-15,AXX,富时AIM全股,961.73,968.84,968.84,961.01,0.81
2020-09-16,AXX,富时AIM全股,967.4,973.84,974.14,967.2,0.72
2020-09-17,AXX,富时AIM全股,973.84,969.94,973.84,969.4,0.46
2020-09-18,AXX,富时AIM全股,970.31,973.52,973.52,967.56,0.61
2020-09-21,AXX,富时AIM全股,969.15,944.61,970.05,942.6,2.82
2020-09-22,AXX,富时AIM全股,946.05,944.18,948.33,942.77,0.59
2020-09-23,AXX,富时AIM全股,945.37,949.04,952.09,945.37,0.71
2020-09-24,AXX,富时AIM全股,947.63,940.82,947.63,939.25,0.88
2020-09-25,AXX,富时AIM全股,941.27,954.33,955.05,941.16,1.48
2020-09-28,AXX,富时AIM全股,954.72,955.51,958.99,954.72,0.45
2020-09-29,AXX,富时AIM全股,955.12,956.65,957.84,953.69,0.43
2020-09-30,AXX,富时AIM全股,957.32,959.73,959.73,951.48,0.86
2020-10-01,AXX,富时AIM全股,959.11,964.6,967.23,958.81,0.88
2020-10-02,AXX,富时AIM全股,963.27,964.79,964.98,959.0,0.62
2020-10-05,AXX,富时AIM全股,965.37,973.56,973.56,965.37,0.85
2020-10-06,AXX,富时AIM全股,973.95,972.68,974.45,970.63,0.39
2020-10-07,AXX,富时AIM全股,974.26,973.62,975.68,971.14,0.47
2020-10-08,AXX,富时AIM全股,974.25,978.19,979.29,974.25,0.52
2020-10-09,AXX,富时AIM全股,978.96,990.01,990.01,977.94,1.23
2020-10-12,AXX,富时AIM全股,986.22,993.3,996.58,986.22,1.05
2020-10-13,AXX,富时AIM全股,991.6,989.47,991.98,987.84,0.42
2020-10-14,AXX,富时AIM全股,988.12,981.34,990.42,981.03,0.95
2020-10-15,AXX,富时AIM全股,980.45,971.49,980.45,968.58,1.21
2020-10-16,AXX,富时AIM全股,973.0,977.72,980.62,972.54,0.83
2020-10-19,AXX,富时AIM全股,980.61,975.11,982.24,972.83,0.96
2020-10-20,AXX,富时AIM全股,977.73,972.94,979.47,971.24,0.84
2020-10-21,AXX,富时AIM全股,973.08,972.6,975.23,969.08,0.63
2020-10-22,AXX,富时AIM全股,974.78,969.01,974.78,967.43,0.76
2020-10-23,AXX,富时AIM全股,969.91,980.45,980.45,969.22,1.16
2020-10-26,AXX,富时AIM全股,978.26,976.38,984.45,975.42,0.92
2020-10-27,AXX,富时AIM全股,977.56,972.53,978.1,971.26,0.7
2020-10-28,AXX,富时AIM全股,969.3,949.08,969.3,947.53,2.24
2020-10-29,AXX,富时AIM全股,947.78,949.3,951.08,946.63,0.47
2020-10-30,AXX,富时AIM全股,949.29,948.6,950.64,944.9,0.6
2020-11-02,AXX,富时AIM全股,949.21,946.98,949.21,943.51,0.6
2020-11-03,AXX,富时AIM全股,949.2,959.38,959.38,949.2,1.07
2020-11-04,AXX,富时AIM全股,958.09,974.74,974.74,958.09,1.74
2020-11-05,AXX,富时AIM全股,975.22,978.97,979.49,975.22,0.44
2020-11-06,AXX,富时AIM全股,978.92,982.72,982.72,976.78,0.61
2020-11-09,AXX,富时AIM全股,984.29,984.4,995.54,982.29,1.35
2020-11-10,AXX,富时AIM全股,985.5,985.08,989.44,979.13,1.05
2020-11-11,AXX,富时AIM全股,984.89,995.47,995.47,984.67,1.1
2020-11-12,AXX,富时AIM全股,993.9,994.45,997.92,991.95,0.6
2020-11-13,AXX,富时AIM全股,994.92,999.62,1001.64,990.13,1.16
2020-11-16,AXX,富时AIM全股,1001.74,1007.11,1007.39,1001.5,0.59
2020-11-17,AXX,富时AIM全股,1008.12,1012.28,1014.73,1008.12,0.66
2020-11-18,AXX,富时AIM全股,1012.75,1018.21,1019.45,1012.75,0.66
2020-11-19,AXX,富时AIM全股,1017.55,1019.43,1020.33,1013.86,0.64
2020-11-20,AXX,富时AIM全股,1018.13,1031.03,1031.03,1018.13,1.27
2020-11-23,AXX,富时AIM全股,1030.52,1035.04,1035.67,1030.52,0.5
2020-11-24,AXX,富时AIM全股,1035.32,1031.76,1040.45,1031.76,0.84
2020-11-25,AXX,富时AIM全股,1032.22,1031.76,1035.26,1030.29,0.48
2020-11-26,AXX,富时AIM全股,1033.14,1038.03,1038.07,1031.61,0.63
2020-11-27,AXX,富时AIM全股,1037.3,1039.01,1040.34,1035.97,0.42
2020-11-30,AXX,富时AIM全股,1039.56,1050.54,1051.78,1039.56,1.18
2020-12-01,AXX,富时AIM全股,1051.9,1064.94,1064.94,1051.9,1.24
2020-12-02,AXX,富时AIM全股,1065.03,1067.07,1067.9,1063.44,0.42
2020-12-03,AXX,富时AIM全股,1068.36,1066.21,1068.36,1062.92,0.51
2020-12-04,AXX,富时AIM全股,1065.12,1068.89,1070.3,1065.12,0.49
2020-12-07,AXX,富时AIM全股,1069.67,1073.82,1073.92,1069.62,0.4
2020-12-08,AXX,富时AIM全股,1073.61,1074.48,1074.84,1068.65,0.58
2020-12-09,AXX,富时AIM全股,1072.08,1077.85,1078.92,1072.08,0.64
2020-12-10,AXX,富时AIM全股,1080.03,1069.78,1080.03,1064.06,1.48
2020-12-11,AXX,富时AIM全股,1067.93,1061.18,1068.57,1061.06,0.7
2020-12-14,AXX,富时AIM全股,1062.96,1067.66,1068.72,1062.96,0.54
2020-12-15,AXX,富时AIM全股,1067.85,1070.35,1071.36,1066.33,0.47
2020-12-16,AXX,富时AIM全股,1070.65,1082.03,1082.03,1070.65,1.06
2020-12-17,AXX,富时AIM全股,1081.73,1095.0,1095.0,1081.73,1.23
2020-12-18,AXX,富时AIM全股,1095.59,1094.54,1097.74,1093.8,0.36
2020-12-21,AXX,富时AIM全股,1093.08,1089.21,1093.08,1076.57,1.51
2020-12-22,AXX,富时AIM全股,1088.64,1099.18,1099.18,1088.64,0.97
2020-12-23,AXX,富时AIM全股,1100.49,1113.8,1113.8,1099.72,1.28
2020-12-24,AXX,富时AIM全股,1113.47,1127.91,1127.91,1113.47,1.3
2020-12-29,AXX,富时AIM全股,1128.46,1149.92,1150.55,1128.46,1.96
2020-12-30,AXX,富时AIM全股,1150.2,1153.26,1154.77,1150.2,0.4
2020-12-31,AXX,富时AIM全股,1153.64,1157.04,1157.04,1152.08,0.43
2021-01-04,AXX,富时AIM全股,1155.44,1161.37,1167.15,1155.44,1.01
2021-01-05,AXX,富时AIM全股,1159.42,1168.37,1168.37,1158.64,0.84
2021-01-06,AXX,富时AIM全股,1167.38,1172.47,1172.7,1165.42,0.62
2021-01-07,AXX,富时AIM全股,1172.11,1174.54,1176.28,1167.33,0.76
2021-01-08,AXX,富时AIM全股,1174.37,1179.76,1181.7,1174.37,0.62
2021-01-11,AXX,富时AIM全股,1180.57,1178.76,1182.33,1176.71,0.48
2021-01-12,AXX,富时AIM全股,1180.55,1179.03,1185.0,1175.96,0.77
2021-01-13,AXX,富时AIM全股,1178.78,1185.56,1187.32,1177.19,0.86
2021-01-14,AXX,富时AIM全股,1188.45,1183.62,1188.45,1179.44,0.76
2021-01-15,AXX,富时AIM全股,1182.49,1173.12,1183.53,1168.77,1.25
2021-01-18,AXX,富时AIM全股,1173.81,1174.27,1175.01,1171.08,0.34
2021-01-19,AXX,富时AIM全股,1176.71,1181.13,1181.13,1173.58,0.64
2021-01-20,AXX,富时AIM全股,1179.95,1187.5,1187.5,1179.95,0.64
2021-01-21,AXX,富时AIM全股,1187.67,1198.09,1200.11,1187.67,1.05
2021-01-22,AXX,富时AIM全股,1200.74,1195.31,1200.74,1190.02,0.89
2021-01-25,AXX,富时AIM全股,1196.39,1198.56,1205.64,1196.11,0.8
2021-01-26,AXX,富时AIM全股,1197.93,1198.41,1201.26,1192.79,0.71
2021-01-27,AXX,富时AIM全股,1196.2,1176.15,1202.33,1175.12,2.27
2021-01-28,AXX,富时AIM全股,1176.9,1172.87,1176.9,1150.41,2.25
2021-01-29,AXX,富时AIM全股,1168.97,1160.67,1168.97,1159.04,0.85
2021-02-01,AXX,富时AIM全股,1158.55,1170.97,1176.75,1158.55,1.57
2021-02-02,AXX,富时AIM全股,1170.1,1188.96,1189.5,1170.1,1.66
2021-02-03,AXX,富时AIM全股,1188.3,1198.95,1199.0,1188.3,0.9
2021-02-04,AXX,富时AIM全股,1195.87,1204.07,1204.12,1195.18,0.75
2021-02-05,AXX,富时AIM全股,1204.99,1211.58,1212.16,1204.99,0.6
2021-02-08,AXX,富时AIM全股,1211.63,1210.6,1212.89,1203.75,0.75
2021-02-09,AXX,富时AIM全股,1211.53,1211.82,1213.47,1209.17,0.36
2021-02-10,AXX,富时AIM全股,1209.46,1211.51,1214.93,1208.05,0.57
2021-02-11,AXX,富时AIM全股,1211.7,1218.8,1218.8,1209.71,0.75
2021-02-12,AXX,富时AIM全股,1218.4,1219.85,1220.0,1213.67,0.52
2021-02-15,AXX,富时AIM全股,1220.03,1227.53,1227.53,1220.03,0.61
2021-02-16,AXX,富时AIM全股,1229.47,1228.26,1232.78,1227.42,0.44
2021-02-17,AXX,富时AIM全股,1228.99,1223.12,1229.97,1221.24,0.71
2021-02-18,AXX,富时AIM全股,1222.52,1205.88,1224.45,1205.88,1.52
2021-02-19,AXX,富时AIM全股,1205.3,1214.18,1214.4,1205.3,0.75
2021-02-22,AXX,富时AIM全股,1214.58,1200.63,1214.58,1200.24,1.18
2021-02-23,AXX,富时AIM全股,1201.31,1183.88,1204.22,1173.15,2.59
2021-02-24,AXX,富时AIM全股,1183.46,1188.26,1195.12,1183.16,1.01
2021-02-25,AXX,富时AIM全股,1189.93,1191.86,1198.83,1189.93,0.75
2021-02-26,AXX,富时AIM全股,1188.96,1183.25,1188.96,1179.15,0.82
2021-03-01,AXX,富时AIM全股,1181.23,1192.17,1194.45,1181.23,1.12
2021-03-02,AXX,富时AIM全股,1190.11,1189.54,1191.3,1186.98,0.36
2021-03-03,AXX,富时AIM全股,1189.11,1188.89,1193.43,1184.63,0.74
2021-03-04,AXX,富时AIM全股,1188.63,1173.39,1188.63,1171.31,1.46
2021-03-05,AXX,富时AIM全股,1170.89,1163.26,1170.89,1161.5,0.8
2021-03-08,AXX,富时AIM全股,1162.74,1162.98,1166.54,1156.81,0.84
2021-03-09,AXX,富时AIM全股,1165.15,1183.04,1183.04,1161.15,1.88
2021-03-10,AXX,富时AIM全股,1181.89,1182.7,1184.68,1176.39,0.7
2021-03-11,AXX,富时AIM全股,1183.18,1197.72,1197.98,1183.18,1.25
2021-03-12,AXX,富时AIM全股,1198.04,1191.46,1198.04,1190.51,0.63
2021-03-15,AXX,富时AIM全股,1193.64,1199.34,1199.34,1193.64,0.48
2021-03-16,AXX,富时AIM全股,1199.93,1206.97,1207.08,1199.93,0.6
2021-03-17,AXX,富时AIM全股,1207.09,1201.28,1207.09,1196.05,0.91
2021-03-18,AXX,富时AIM全股,1199.18,1199.08,1201.65,1195.69,0.5
2021-03-19,AXX,富时AIM全股,1198.6,1197.72,1199.13,1191.41,0.64
2021-03-22,AXX,富时AIM全股,1199.29,1202.96,1202.96,1196.36,0.55
2021-03-23,AXX,富时AIM全股,1200.02,1200.21,1203.03,1196.84,0.51
2021-03-24,AXX,富时AIM全股,1197.61,1199.05,1201.09,1195.92,0.43
2021-03-25,AXX,富时AIM全股,1198.73,1184.59,1198.77,1179.84,1.58
2021-03-26,AXX,富时AIM全股,1185.56,1192.5,1192.5,1185.56,0.59
2021-03-29,AXX,富时AIM全股,1196.36,1193.86,1200.85,1193.11,0.65
2021-03-30,AXX,富时AIM全股,1194.02,1194.17,1196.18,1191.61,0.38
2021-03-31,AXX,富时AIM全股,1192.51,1197.87,1198.13,1192.51,0.47
2021-04-01,AXX,富时AIM全股,1195.07,1209.4,1212.54,1195.07,1.46
2021-04-06,AXX,富时AIM全股,1207.89,1223.43,1224.07,1207.89,1.34
2021-04-07,AXX,富时AIM全股,1224.44,1229.86,1229.86,1221.52,0.68
2021-04-08,AXX,富时AIM全股,1230.33,1239.04,1239.04,1230.33,0.71
2021-04-09,AXX,富时AIM全股,1237.82,1236.5,1239.51,1234.24,0.43
2021-04-12,AXX,富时AIM全股,1238.75,1234.69,1239.45,1230.04,0.76
2021-04-13,AXX,富时AIM全股,1232.14,1245.61,1245.61,1232.14,1.09
2021-04-14,AXX,富时AIM全股,1245.81,1243.91,1246.7,1242.64,0.33
2021-04-15,AXX,富时AIM全股,1242.84,1248.13,1249.09,1242.84,0.5
2021-04-16,AXX,富时AIM全股,1248.69,1254.25,1254.25,1247.9,0.51
2021-04-19,AXX,富时AIM全股,1253.05,1251.85,1258.63,1251.47,0.57
2021-04-20,AXX,富时AIM全股,1254.09,1237.87,1255.18,1237.72,1.39
2021-04-21,AXX,富时AIM全股,1237.49,1245.63,1245.63,1236.96,0.7
2021-04-22,AXX,富时AIM全股,1245.88,1263.69,1263.95,1245.88,1.45
2021-04-23,AXX,富时AIM全股,1262.73,1265.62,1265.62,1260.0,0.44
2021-04-26,AXX,富时AIM全股,1265.05,1275.36,1275.36,1264.86,0.83
2021-04-27,AXX,富时AIM全股,1274.6,1276.59,1277.8,1271.66,0.48
2021-04-28,AXX,富时AIM全股,1278.43,1274.01,1278.43,1271.4,0.55
2021-04-29,AXX,富时AIM全股,1273.28,1274.16,1277.35,1272.29,0.4
2021-04-30,AXX,富时AIM全股,1273.27,1284.76,1284.76,1271.35,1.05
2021-05-04,AXX,富时AIM全股,1282.98,1261.67,1284.31,1261.67,1.76
2021-05-05,AXX,富时AIM全股,1262.38,1261.04,1267.03,1258.96,0.64
2021-05-06,AXX,富时AIM全股,1261.97,1252.69,1261.97,1250.18,0.93
2021-05-07,AXX,富时AIM全股,1253.89,1262.6,1262.6,1253.1,0.76
2021-05-10,AXX,富时AIM全股,1263.24,1257.9,1264.97,1257.9,0.56
2021-05-11,AXX,富时AIM全股,1256.26,1235.66,1256.26,1231.3,1.98
2021-05-12,AXX,富时AIM全股,1233.93,1232.56,1240.0,1231.97,0.65
2021-05-13,AXX,富时AIM全股,1232.37,1224.84,1232.37,1213.92,1.5
2021-05-14,AXX,富时AIM全股,1225.42,1236.38,1236.59,1224.88,0.96
2021-05-17,AXX,富时AIM全股,1236.71,1234.09,1240.51,1233.54,0.56
2021-05-18,AXX,富时AIM全股,1234.21,1239.75,1240.28,1234.21,0.49
2021-05-19,AXX,富时AIM全股,1241.32,1228.98,1241.32,1225.15,1.3
2021-05-20,AXX,富时AIM全股,1230.2,1245.83,1247.29,1230.2,1.39
2021-05-21,AXX,富时AIM全股,1245.93,1249.29,1249.91,1243.56,0.51
2021-05-24,AXX,富时AIM全股,1250.01,1249.55,1251.94,1248.62,0.27
2021-05-25,AXX,富时AIM全股,1251.21,1249.09,1254.68,1247.96,0.54
2021-05-26,AXX,富时AIM全股,1249.15,1252.52,1252.99,1249.15,0.31
2021-05-27,AXX,富时AIM全股,1255.76,1250.48,1255.76,1248.05,0.62
2021-05-28,AXX,富时AIM全股,1252.33,1256.11,1257.37,1249.71,0.61
2021-06-01,AXX,富时AIM全股,1255.61,1258.78,1263.72,1255.61,0.65
2021-06-02,AXX,富时AIM全股,1259.24,1256.32,1260.15,1253.57,0.52
2021-06-03,AXX,富时AIM全股,1257.98,1250.62,1257.98,1248.82,0.73
2021-06-04,AXX,富时AIM全股,1249.9,1257.08,1257.08,1248.89,0.65
2021-06-07,AXX,富时AIM全股,1257.66,1257.11,1258.5,1255.34,0.25
2021-06-08,AXX,富时AIM全股,1259.23,1257.87,1261.33,1256.53,0.38
2021-06-09,AXX,富时AIM全股,1257.11,1249.56,1257.11,1249.56,0.6
2021-06-10,AXX,富时AIM全股,1253.16,1246.62,1254.24,1241.18,1.05
2021-06-11,AXX,富时AIM全股,1246.58,1249.65,1249.79,1246.58,0.26
2021-06-14,AXX,富时AIM全股,1249.41,1250.96,1255.1,1249.41,0.46
2021-06-15,AXX,富时AIM全股,1250.89,1244.18,1251.45,1243.33,0.65
2021-06-16,AXX,富时AIM全股,1243.83,1244.49,1245.51,1240.56,0.4
2021-06-17,AXX,富时AIM全股,1242.14,1241.37,1242.55,1236.46,0.49
2021-06-18,AXX,富时AIM全股,1240.42,1229.8,1244.36,1229.8,1.17
2021-06-21,AXX,富时AIM全股,1230.75,1221.01,1231.52,1217.64,1.13
2021-06-22,AXX,富时AIM全股,1220.12,1222.15,1222.82,1218.36,0.37
2021-06-23,AXX,富时AIM全股,1223.25,1231.09,1231.27,1223.17,0.66
2021-06-24,AXX,富时AIM全股,1231.49,1238.48,1238.67,1229.71,0.73
2021-06-25,AXX,富时AIM全股,1240.14,1250.3,1250.74,1238.74,0.97
2021-06-28,AXX,富时AIM全股,1251.37,1251.24,1253.16,1248.6,0.36
2021-06-29,AXX,富时AIM全股,1251.09,1256.06,1256.53,1251.09,0.43
2021-06-30,AXX,富时AIM全股,1258.85,1248.31,1264.81,1248.31,1.31
2021-07-01,AXX,富时AIM全股,1251.43,1259.71,1259.71,1251.43,0.66
2021-07-02,AXX,富时AIM全股,1262.52,1265.93,1266.51,1261.27,0.42
2021-07-05,AXX,富时AIM全股,1265.22,1265.34,1267.6,1264.18,0.27
2021-07-06,AXX,富时AIM全股,1264.61,1264.36,1266.95,1261.17,0.46
2021-07-07,AXX,富时AIM全股,1265.22,1265.34,1267.91,1263.33,0.36
2021-07-08,AXX,富时AIM全股,1263.39,1248.66,1263.39,1246.7,1.32
2021-07-09,AXX,富时AIM全股,1248.76,1248.9,1250.95,1246.91,0.32
2021-07-12,AXX,富时AIM全股,1247.76,1248.37,1252.54,1246.57,0.48
2021-07-13,AXX,富时AIM全股,1247.05,1249.12,1252.8,1246.02,0.54
2021-07-14,AXX,富时AIM全股,1251.64,1242.27,1251.64,1240.26,0.91
2021-07-15,AXX,富时AIM全股,1243.63,1220.84,1243.63,1218.73,2.0
2021-07-16,AXX,富时AIM全股,1218.12,1221.49,1224.32,1218.12,0.51
2021-07-19,AXX,富时AIM全股,1223.0,1199.17,1223.0,1197.47,2.09
2021-07-20,AXX,富时AIM全股,1200.88,1195.72,1203.27,1195.53,0.65
2021-07-21,AXX,富时AIM全股,1193.66,1212.51,1214.26,1193.66,1.72
2021-07-22,AXX,富时AIM全股,1214.92,1228.09,1229.89,1214.92,1.23
2021-07-23,AXX,富时AIM全股,1226.32,1232.54,1233.35,1226.32,0.57
2021-07-26,AXX,富时AIM全股,1232.86,1233.68,1233.96,1230.2,0.31
2021-07-27,AXX,富时AIM全股,1232.41,1231.11,1234.86,1226.44,0.68
2021-07-28,AXX,富时AIM全股,1232.71,1241.77,1244.29,1232.71,0.94
2021-07-29,AXX,富时AIM全股,1246.93,1247.27,1248.71,1243.82,0.39
2021-07-30,AXX,富时AIM全股,1246.65,1251.11,1251.11,1239.81,0.91
2021-08-02,AXX,富时AIM全股,1251.08,1257.61,1258.94,1251.08,0.63
2021-08-03,AXX,富时AIM全股,1258.13,1258.69,1259.95,1256.04,0.31
2021-08-04,AXX,富时AIM全股,1257.88,1258.88,1262.57,1257.87,0.37
2021-08-05,AXX,富时AIM全股,1258.88,1256.1,1258.88,1255.44,0.27
2021-08-06,AXX,富时AIM全股,1258.45,1261.63,1261.63,1255.48,0.49
2021-08-09,AXX,富时AIM全股,1261.08,1261.11,1262.4,1258.57,0.3
2021-08-10,AXX,富时AIM全股,1260.27,1265.38,1265.54,1260.27,0.42
2021-08-11,AXX,富时AIM全股,1264.95,1268.02,1269.3,1264.95,0.34
2021-08-12,AXX,富时AIM全股,1268.49,1270.86,1271.89,1267.24,0.37
2021-08-13,AXX,富时AIM全股,1270.76,1266.26,1273.04,1266.26,0.53
2021-08-16,AXX,富时AIM全股,1266.29,1260.14,1266.29,1259.38,0.55
2021-08-17,AXX,富时AIM全股,1260.22,1258.87,1261.66,1256.31,0.42
2021-08-18,AXX,富时AIM全股,1260.41,1266.35,1268.23,1260.41,0.62
2021-08-19,AXX,富时AIM全股,1266.43,1260.75,1266.43,1257.73,0.69
2021-08-20,AXX,富时AIM全股,1260.2,1261.17,1262.55,1257.76,0.38
2021-08-23,AXX,富时AIM全股,1261.12,1265.97,1265.97,1259.97,0.48
2021-08-24,AXX,富时AIM全股,1267.05,1272.38,1272.38,1267.05,0.42
2021-08-25,AXX,富时AIM全股,1271.64,1279.79,1280.04,1271.64,0.66
2021-08-26,AXX,富时AIM全股,1277.75,1279.52,1281.15,1275.8,0.42
2021-08-27,AXX,富时AIM全股,1279.13,1281.23,1281.72,1276.35,0.42
2021-08-31,AXX,富时AIM全股,1282.42,1292.99,1292.99,1280.87,0.95
2021-09-01,AXX,富时AIM全股,1295.86,1304.37,1304.37,1295.44,0.69
2021-09-02,AXX,富时AIM全股,1304.81,1307.67,1308.2,1303.33,0.37
2021-09-03,AXX,富时AIM全股,1306.94,1310.15,1311.8,1306.94,0.37
2021-09-06,AXX,富时AIM全股,1312.4,1314.06,1315.22,1310.15,0.39
2021-09-07,AXX,富时AIM全股,1317.97,1307.55,1317.97,1307.55,0.79
2021-09-08,AXX,富时AIM全股,1306.86,1300.66,1306.86,1298.62,0.63
2021-09-09,AXX,富时AIM全股,1299.95,1295.85,1299.95,1291.74,0.63
2021-09-10,AXX,富时AIM全股,1296.76,1295.14,1299.43,1295.14,0.33
2021-09-13,AXX,富时AIM全股,1295.86,1285.73,1297.27,1284.07,1.02
2021-09-14,AXX,富时AIM全股,1285.96,1277.95,1285.96,1277.33,0.67
2021-09-15,AXX,富时AIM全股,1277.5,1273.56,1279.55,1273.56,0.47
2021-09-16,AXX,富时AIM全股,1272.65,1272.14,1274.89,1267.62,0.57
2021-09-17,AXX,富时AIM全股,1273.23,1275.74,1281.4,1273.23,0.64
2021-09-20,AXX,富时AIM全股,1277.96,1255.0,1277.96,1252.73,1.98
2021-09-21,AXX,富时AIM全股,1258.63,1260.13,1263.15,1257.01,0.49
2021-09-22,AXX,富时AIM全股,1261.76,1268.13,1270.46,1261.76,0.69
2021-09-23,AXX,富时AIM全股,1269.63,1272.4,1275.47,1269.63,0.46
2021-09-24,AXX,富时AIM全股,1274.82,1266.98,1274.82,1266.98,0.62
2021-09-27,AXX,富时AIM全股,1267.06,1268.23,1272.31,1266.77,0.44
2021-09-28,AXX,富时AIM全股,1265.49,1255.97,1267.96,1255.28,1.0
2021-09-29,AXX,富时AIM全股,1256.13,1253.56,1260.39,1252.5,0.63
2021-09-30,AXX,富时AIM全股,1254.46,1243.82,1254.46,1243.82,0.85
2021-10-01,AXX,富时AIM全股,1243.05,1231.13,1243.05,1230.16,1.04
2021-10-04,AXX,富时AIM全股,1233.37,1221.21,1233.37,1220.79,1.02
2021-10-05,AXX,富时AIM全股,1220.56,1218.2,1222.16,1216.86,0.43
2021-10-06,AXX,富时AIM全股,1218.87,1200.13,1218.87,1197.15,1.78
2021-10-07,AXX,富时AIM全股,1198.92,1209.62,1209.62,1198.92,0.89
2021-10-08,AXX,富时AIM全股,1209.01,1211.53,1213.69,1208.45,0.43
2021-10-11,AXX,富时AIM全股,1212.54,1209.05,1213.56,1204.8,0.72
2021-10-12,AXX,富时AIM全股,1207.04,1206.27,1207.96,1202.11,0.48
2021-10-13,AXX,富时AIM全股,1207.35,1212.1,1212.62,1204.56,0.67
2021-10-14,AXX,富时AIM全股,1215.2,1225.08,1225.08,1214.68,0.86
2021-10-15,AXX,富时AIM全股,1224.4,1229.1,1229.1,1223.24,0.48
2021-10-18,AXX,富时AIM全股,1235.4,1237.46,1237.46,1228.59,0.72
2021-10-19,AXX,富时AIM全股,1240.38,1239.9,1241.39,1236.74,0.38
2021-10-20,AXX,富时AIM全股,1240.02,1238.09,1240.02,1236.06,0.32
2021-10-21,AXX,富时AIM全股,1235.62,1241.37,1241.89,1234.59,0.59
2021-10-22,AXX,富时AIM全股,1238.17,1234.19,1240.92,1234.19,0.54
2021-10-25,AXX,富时AIM全股,1236.05,1229.01,1236.32,1228.2,0.66
2021-10-26,AXX,富时AIM全股,1229.51,1233.32,1233.32,1229.44,0.32
2021-10-27,AXX,富时AIM全股,1233.0,1226.01,1233.49,1226.01,0.61
2021-10-28,AXX,富时AIM全股,1228.66,1224.18,1228.83,1223.07,0.47
2021-10-29,AXX,富时AIM全股,1224.37,1223.18,1225.24,1221.2,0.33
2021-11-01,AXX,富时AIM全股,1223.37,1228.91,1230.62,1223.37,0.59
2021-11-02,AXX,富时AIM全股,1230.86,1227.59,1231.05,1227.59,0.28
2021-11-03,AXX,富时AIM全股,1224.94,1226.77,1230.69,1224.86,0.47
2021-11-04,AXX,富时AIM全股,1226.56,1235.5,1236.22,1226.56,0.79
2021-11-05,AXX,富时AIM全股,1237.67,1237.21,1239.42,1235.06,0.35
2021-11-08,AXX,富时AIM全股,1237.02,1239.61,1239.61,1235.26,0.35
2021-11-09,AXX,富时AIM全股,1239.08,1241.34,1244.5,1239.08,0.44
2021-11-10,AXX,富时AIM全股,1243.9,1243.9,1246.17,1243.9,0.18
2021-11-11,AXX,富时AIM全股,1247.36,1247.36,1248.77,1247.36,0.11
2021-11-12,AXX,富时AIM全股,1247.91,1252.71,1252.82,1247.43,0.43
2021-11-15,AXX,富时AIM全股,1254.17,1254.78,1256.82,1253.54,0.26
2021-11-16,AXX,富时AIM全股,1255.74,1245.21,1257.47,1245.21,0.98
2021-11-17,AXX,富时AIM全股,1245.94,1246.88,1250.7,1244.87,0.47
2021-11-18,AXX,富时AIM全股,1245.92,1236.75,1246.67,1235.88,0.87
2021-11-19,AXX,富时AIM全股,1233.34,1232.14,1235.87,1230.77,0.41
2021-11-22,AXX,富时AIM全股,1234.59,1220.23,1235.83,1220.23,1.27
2021-11-23,AXX,富时AIM全股,1219.12,1206.81,1219.12,1205.97,1.08
2021-11-24,AXX,富时AIM全股,1206.24,1201.17,1208.71,1197.63,0.92
2021-11-25,AXX,富时AIM全股,1202.09,1203.96,1205.59,1201.03,0.38
2021-11-26,AXX,富时AIM全股,1200.56,1181.62,1200.56,1181.62,1.57
2021-11-29,AXX,富时AIM全股,1185.49,1190.51,1195.23,1185.49,0.82
2021-11-30,AXX,富时AIM全股,1189.85,1187.56,1191.38,1182.18,0.77
2021-12-01,AXX,富时AIM全股,1190.87,1196.05,1197.84,1187.5,0.87
2021-12-02,AXX,富时AIM全股,1195.75,1188.74,1195.75,1187.03,0.73
2021-12-03,AXX,富时AIM全股,1189.39,1182.3,1193.59,1181.94,0.98
2021-12-06,AXX,富时AIM全股,1184.63,1180.03,1187.01,1177.22,0.83
2021-12-07,AXX,富时AIM全股,1181.18,1200.05,1200.05,1181.18,1.6
2021-12-08,AXX,富时AIM全股,1200.85,1199.67,1206.36,1197.95,0.7
2021-12-09,AXX,富时AIM全股,1199.6,1196.42,1202.7,1195.84,0.57
2021-12-10,AXX,富时AIM全股,1195.34,1190.95,1195.34,1190.45,0.41
2021-12-13,AXX,富时AIM全股,1191.37,1177.48,1192.19,1177.48,1.24
2021-12-14,AXX,富时AIM全股,1177.39,1164.67,1179.8,1164.67,1.28
2021-12-15,AXX,富时AIM全股,1165.87,1164.11,1166.64,1162.5,0.36
2021-12-16,AXX,富时AIM全股,1166.24,1167.21,1171.62,1166.24,0.46
2021-12-17,AXX,富时AIM全股,1168.01,1168.28,1168.63,1159.23,0.81
2021-12-20,AXX,富时AIM全股,1164.86,1158.85,1164.86,1156.43,0.72
2021-12-21,AXX,富时AIM全股,1158.91,1173.57,1173.57,1158.91,1.27
2021-12-22,AXX,富时AIM全股,1172.58,1183.81,1184.41,1172.58,1.01
2021-12-23,AXX,富时AIM全股,1185.19,1194.88,1194.88,1184.59,0.87
2021-12-24,AXX,富时AIM全股,1193.16,1198.32,1199.73,1193.16,0.55
2021-12-29,AXX,富时AIM全股,1197.23,1201.8,1204.72,1197.23,0.63
2021-12-30,AXX,富时AIM全股,1200.87,1210.48,1210.48,1200.87,0.8
2021-12-31,AXX,富时AIM全股,1209.76,1216.91,1216.91,1208.2,0.72
2022-01-04,AXX,富时AIM全股,1219.0,1212.85,1225.17,1212.0,1.08
2022-01-05,AXX,富时AIM全股,1211.39,1210.94,1215.91,1210.67,0.43
2022-01-06,AXX,富时AIM全股,1211.17,1191.85,1211.17,1190.1,1.74
2022-01-07,AXX,富时AIM全股,1191.49,1187.34,1192.81,1185.63,0.6
2022-01-10,AXX,富时AIM全股,1186.33,1170.27,1188.13,1169.48,1.57
2022-01-11,AXX,富时AIM全股,1171.04,1173.64,1177.04,1170.1,0.59
2022-01-12,AXX,富时AIM全股,1174.82,1174.61,1177.56,1173.16,0.37
2022-01-13,AXX,富时AIM全股,1173.27,1171.74,1176.45,1170.98,0.47
2022-01-14,AXX,富时AIM全股,1172.42,1159.87,1172.42,1159.14,1.13
2022-01-17,AXX,富时AIM全股,1160.59,1166.75,1167.33,1160.59,0.58
2022-01-18,AXX,富时AIM全股,1168.65,1154.2,1168.75,1153.85,1.28
2022-01-19,AXX,富时AIM全股,1153.1,1149.49,1155.66,1149.26,0.55
2022-01-20,AXX,富时AIM全股,1153.11,1156.45,1156.45,1148.72,0.67
2022-01-21,AXX,富时AIM全股,1158.66,1132.08,1158.66,1129.19,2.55
2022-01-24,AXX,富时AIM全股,1132.51,1078.03,1132.51,1077.9,4.82
2022-01-25,AXX,富时AIM全股,1079.04,1084.21,1093.36,1079.04,1.33
2022-01-26,AXX,富时AIM全股,1088.03,1097.29,1100.17,1088.03,1.12
2022-01-27,AXX,富时AIM全股,1091.38,1086.64,1091.38,1082.67,0.79
2022-01-28,AXX,富时AIM全股,1085.37,1082.51,1087.78,1077.2,0.97
2022-01-31,AXX,富时AIM全股,1082.99,1094.97,1095.42,1082.99,1.15
2022-02-01,AXX,富时AIM全股,1097.61,1101.7,1104.95,1097.61,0.67
2022-02-02,AXX,富时AIM全股,1102.57,1105.42,1108.94,1102.57,0.58
2022-02-03,AXX,富时AIM全股,1106.48,1090.22,1106.48,1090.07,1.48
2022-02-04,AXX,富时AIM全股,1091.75,1086.01,1093.15,1083.1,0.92
2022-02-07,AXX,富时AIM全股,1086.71,1085.64,1089.37,1084.18,0.48
2022-02-08,AXX,富时AIM全股,1085.59,1082.48,1087.94,1079.86,0.74
2022-02-09,AXX,富时AIM全股,1081.75,1095.06,1095.06,1081.75,1.23
2022-02-10,AXX,富时AIM全股,1093.57,1091.73,1093.98,1085.03,0.82
2022-02-11,AXX,富时AIM全股,1091.65,1084.27,1091.65,1082.98,0.79
2022-02-14,AXX,富时AIM全股,1085.05,1064.77,1085.05,1062.44,2.09
2022-02-15,AXX,富时AIM全股,1064.32,1078.55,1078.55,1063.21,1.44
2022-02-16,AXX,富时AIM全股,1078.65,1079.17,1082.6,1077.2,0.5
2022-02-17,AXX,富时AIM全股,1081.29,1072.23,1081.29,1072.23,0.84
2022-02-18,AXX,富时AIM全股,1074.16,1060.02,1074.16,1060.02,1.32
2022-02-21,AXX,富时AIM全股,1060.45,1041.53,1061.48,1041.53,1.88
2022-02-22,AXX,富时AIM全股,1040.15,1031.62,1040.15,1026.21,1.34
2022-02-23,AXX,富时AIM全股,1030.88,1031.91,1039.24,1030.74,0.82
2022-02-24,AXX,富时AIM全股,1025.43,1007.62,1025.43,996.7,2.78
2022-02-25,AXX,富时AIM全股,1008.76,1030.3,1030.3,1008.76,2.14
2022-02-28,AXX,富时AIM全股,1029.04,1040.36,1040.36,1023.34,1.65
2022-03-01,AXX,富时AIM全股,1042.89,1027.27,1043.66,1027.27,1.58
2022-03-02,AXX,富时AIM全股,1029.58,1027.69,1032.87,1026.27,0.64
2022-03-03,AXX,富时AIM全股,1027.69,1004.64,1028.18,1004.64,2.29
2022-03-04,AXX,富时AIM全股,1003.59,971.07,1003.59,971.07,3.24
2022-03-07,AXX,富时AIM全股,969.72,958.15,969.72,944.69,2.58
2022-03-08,AXX,富时AIM全股,958.4,963.25,964.13,953.36,1.12
2022-03-09,AXX,富时AIM全股,963.0,986.72,986.72,963.0,2.46
2022-03-10,AXX,富时AIM全股,986.37,983.55,990.68,982.1,0.87
2022-03-11,AXX,富时AIM全股,984.61,995.24,999.9,984.61,1.55
2022-03-14,AXX,富时AIM全股,995.24,999.91,1002.71,996.16,0.66
2022-03-15,AXX,富时AIM全股,999.31,987.7,999.31,985.72,1.36
2022-03-16,AXX,富时AIM全股,990.54,1015.31,1015.69,990.54,2.55
2022-03-17,AXX,富时AIM全股,1016.23,1025.33,1025.33,1015.93,0.93
2022-03-18,AXX,富时AIM全股,1025.21,1035.05,1035.05,1022.87,1.19
2022-03-21,AXX,富时AIM全股,1036.92,1037.86,1038.29,1032.0,0.61
2022-03-22,AXX,富时AIM全股,1038.12,1037.58,1040.7,1033.44,0.7
2022-03-23,AXX,富时AIM全股,1037.52,1036.84,1038.69,1029.01,0.93
2022-03-24,AXX,富时AIM全股,1038.02,1036.36,1038.38,1034.81,0.34
2022-03-25,AXX,富时AIM全股,1036.14,1036.02,1041.32,1034.56,0.65
2022-03-28,AXX,富时AIM全股,1036.68,1037.59,1039.98,1036.32,0.35
2022-03-29,AXX,富时AIM全股,1038.83,1046.39,1046.39,1038.83,0.73
2022-03-30,AXX,富时AIM全股,1046.7,1046.68,1048.16,1042.34,0.56
2022-03-31,AXX,富时AIM全股,1045.36,1042.36,1047.11,1041.23,0.56
2022-04-01,AXX,富时AIM全股,1041.83,1045.09,1046.28,1041.83,0.43
2022-04-04,AXX,富时AIM全股,1045.24,1055.26,1055.26,1045.24,0.96
2022-04-05,AXX,富时AIM全股,1057.53,1056.5,1061.68,1055.32,0.6
2022-04-06,AXX,富时AIM全股,1056.79,1047.77,1058.57,1045.9,1.2
2022-04-07,AXX,富时AIM全股,1048.39,1050.72,1053.22,1046.39,0.65
2022-04-08,AXX,富时AIM全股,1051.48,1055.89,1056.54,1051.48,0.48
2022-04-11,AXX,富时AIM全股,1056.95,1055.53,1058.41,1053.16,0.5
2022-04-12,AXX,富时AIM全股,1055.88,1055.66,1057.07,1052.5,0.43
2022-04-13,AXX,富时AIM全股,1056.36,1056.81,1057.15,1051.87,0.5
2022-04-14,AXX,富时AIM全股,1056.66,1060.16,1060.16,1055.73,0.42
2022-04-19,AXX,富时AIM全股,1060.92,1055.72,1060.92,1051.87,0.85
2022-04-20,AXX,富时AIM全股,1055.64,1056.23,1058.16,1053.96,0.4
2022-04-21,AXX,富时AIM全股,1057.39,1058.62,1061.44,1054.33,0.67
2022-04-22,AXX,富时AIM全股,1057.14,1049.02,1057.14,1049.02,0.77
2022-04-25,AXX,富时AIM全股,1047.48,1033.05,1047.48,1031.22,1.55
2022-04-26,AXX,富时AIM全股,1034.86,1024.29,1034.86,1023.95,1.06
2022-04-27,AXX,富时AIM全股,1023.46,1016.46,1024.01,1016.3,0.75
2022-04-28,AXX,富时AIM全股,1018.19,1014.86,1021.09,1014.17,0.68
2022-04-29,AXX,富时AIM全股,1015.19,1022.26,1024.49,1015.19,0.92
2022-05-03,AXX,富时AIM全股,1020.2,1013.52,1020.32,1013.17,0.7
2022-05-04,AXX,富时AIM全股,1013.87,998.56,1013.87,998.56,1.51
2022-05-05,AXX,富时AIM全股,998.04,993.77,1008.16,993.27,1.49
2022-05-06,AXX,富时AIM全股,993.09,977.42,993.09,972.31,2.09
2022-05-09,AXX,富时AIM全股,978.44,946.01,978.44,946.01,3.32
2022-05-10,AXX,富时AIM全股,946.93,945.25,951.18,945.07,0.65
2022-05-11,AXX,富时AIM全股,945.96,953.9,955.89,945.96,1.05
2022-05-12,AXX,富时AIM全股,953.67,939.07,953.67,931.07,2.37
2022-05-13,AXX,富时AIM全股,939.58,955.6,955.6,939.58,1.71
2022-05-16,AXX,富时AIM全股,956.59,955.58,956.59,950.21,0.67
2022-05-17,AXX,富时AIM全股,955.14,961.72,962.8,955.14,0.8
2022-05-18,AXX,富时AIM全股,962.39,952.95,964.31,952.87,1.19
2022-05-19,AXX,富时AIM全股,953.1,947.17,953.1,937.99,1.59
2022-05-20,AXX,富时AIM全股,948.06,956.64,962.11,948.06,1.48
2022-05-23,AXX,富时AIM全股,957.78,963.85,966.46,957.78,0.91
2022-05-24,AXX,富时AIM全股,964.6,955.29,964.6,955.29,0.97
2022-05-25,AXX,富时AIM全股,955.68,952.93,958.29,951.44,0.72
2022-05-26,AXX,富时AIM全股,951.93,958.0,959.11,951.93,0.75
2022-05-27,AXX,富时AIM全股,957.28,968.25,968.25,957.28,1.15
2022-05-30,AXX,富时AIM全股,969.49,974.21,977.32,969.49,0.81
2022-05-31,AXX,富时AIM全股,974.4,975.74,976.38,970.48,0.61
2022-06-01,AXX,富时AIM全股,975.83,972.6,976.44,971.83,0.47
2022-06-06,AXX,富时AIM全股,973.43,979.6,981.73,973.43,0.85
2022-06-07,AXX,富时AIM全股,979.32,972.99,979.32,972.12,0.73
2022-06-08,AXX,富时AIM全股,973.82,976.63,976.77,973.82,0.3
2022-06-09,AXX,富时AIM全股,977.74,965.22,977.74,965.22,1.28
2022-06-10,AXX,富时AIM全股,966.2,950.92,966.2,950.92,1.58
2022-06-13,AXX,富时AIM全股,951.37,924.06,951.37,921.28,3.16
2022-06-14,AXX,富时AIM全股,924.45,915.04,928.53,914.99,1.47
2022-06-15,AXX,富时AIM全股,916.85,917.77,919.66,914.79,0.53
2022-06-16,AXX,富时AIM全股,917.82,892.71,918.8,892.71,2.84
2022-06-17,AXX,富时AIM全股,894.71,900.97,902.38,892.61,1.09
2022-06-20,AXX,富时AIM全股,901.03,897.17,901.03,895.79,0.58
2022-06-21,AXX,富时AIM全股,898.01,898.4,900.69,896.22,0.5
2022-06-22,AXX,富时AIM全股,897.73,893.87,897.73,888.16,1.07
2022-06-23,AXX,富时AIM全股,893.82,885.86,893.82,883.63,1.14
2022-06-24,AXX,富时AIM全股,886.5,896.27,896.84,886.5,1.17
2022-06-27,AXX,富时AIM全股,897.63,903.49,906.54,897.63,0.99
2022-06-28,AXX,富时AIM全股,904.57,907.61,911.43,904.57,0.76
2022-06-29,AXX,富时AIM全股,905.85,893.32,905.85,893.32,1.38
2022-06-30,AXX,富时AIM全股,892.85,876.22,892.85,871.91,2.34
2022-07-01,AXX,富时AIM全股,875.29,875.21,877.95,872.59,0.61
2022-07-04,AXX,富时AIM全股,877.28,875.02,880.33,875.02,0.61
2022-07-05,AXX,富时AIM全股,875.22,867.46,878.29,865.65,1.44
2022-07-06,AXX,富时AIM全股,866.99,874.45,874.49,866.99,0.86
2022-07-07,AXX,富时AIM全股,873.82,880.47,880.47,872.38,0.93
2022-07-08,AXX,富时AIM全股,879.93,886.74,887.01,879.93,0.8
2022-07-11,AXX,富时AIM全股,884.84,884.12,885.97,882.71,0.37
2022-07-12,AXX,富时AIM全股,883.03,882.08,884.74,878.75,0.68
2022-07-13,AXX,富时AIM全股,882.65,879.17,882.65,874.52,0.92
2022-07-14,AXX,富时AIM全股,878.73,870.25,879.25,869.9,1.06
2022-07-15,AXX,富时AIM全股,868.37,874.35,874.35,864.52,1.13
2022-07-18,AXX,富时AIM全股,874.5,885.97,885.97,874.5,1.31
2022-07-19,AXX,富时AIM全股,885.68,888.7,888.7,881.74,0.79
2022-07-20,AXX,富时AIM全股,889.0,896.78,896.78,889.0,0.88
2022-07-21,AXX,富时AIM全股,897.36,902.33,902.33,895.37,0.78
2022-07-22,AXX,富时AIM全股,902.53,905.09,906.82,899.83,0.77
2022-07-25,AXX,富时AIM全股,902.67,902.14,903.84,900.7,0.35
2022-07-26,AXX,富时AIM全股,902.45,898.52,903.28,898.24,0.56
2022-07-27,AXX,富时AIM全股,898.86,902.88,903.55,897.65,0.66
2022-07-28,AXX,富时AIM全股,902.43,913.12,913.12,902.43,1.18
2022-07-29,AXX,富时AIM全股,912.96,921.8,922.78,912.83,1.09
2022-08-01,AXX,富时AIM全股,921.64,918.63,922.16,917.2,0.54
2022-08-02,AXX,富时AIM全股,917.04,909.34,918.34,905.68,1.38
2022-08-03,AXX,富时AIM全股,909.98,920.31,920.53,909.9,1.17
2022-08-04,AXX,富时AIM全股,922.35,922.72,924.17,920.97,0.35
2022-08-05,AXX,富时AIM全股,921.82,920.38,925.87,918.04,0.85
2022-08-08,AXX,富时AIM全股,920.8,919.91,923.68,919.29,0.48
2022-08-09,AXX,富时AIM全股,919.21,914.75,921.29,913.34,0.86
2022-08-10,AXX,富时AIM全股,914.62,919.78,920.64,910.73,1.08
2022-08-11,AXX,富时AIM全股,920.45,928.36,929.48,920.45,0.98
2022-08-12,AXX,富时AIM全股,927.64,933.2,933.2,927.29,0.64
2022-08-15,AXX,富时AIM全股,933.38,934.11,936.92,929.97,0.74
2022-08-16,AXX,富时AIM全股,934.83,931.54,935.32,928.52,0.73
2022-08-17,AXX,富时AIM全股,931.6,926.67,932.25,924.62,0.82
2022-08-18,AXX,富时AIM全股,925.82,924.56,928.01,921.56,0.7
2022-08-19,AXX,富时AIM全股,924.54,920.17,924.54,919.91,0.5
2022-08-22,AXX,富时AIM全股,919.95,907.28,920.84,907.28,1.47
2022-08-23,AXX,富时AIM全股,906.49,899.69,906.55,899.64,0.76
2022-08-24,AXX,富时AIM全股,899.96,898.62,900.92,895.39,0.61
2022-08-25,AXX,富时AIM全股,898.35,900.76,903.16,898.35,0.54
2022-08-26,AXX,富时AIM全股,900.27,896.78,903.29,896.78,0.72
2022-08-30,AXX,富时AIM全股,895.01,887.31,899.16,887.07,1.35
2022-08-31,AXX,富时AIM全股,886.34,882.73,889.4,880.54,1.0
2022-09-01,AXX,富时AIM全股,882.55,862.02,882.55,861.98,2.33
2022-09-02,AXX,富时AIM全股,863.12,866.19,866.59,859.99,0.77
2022-09-05,AXX,富时AIM全股,865.53,861.14,866.95,859.43,0.87
2022-09-06,AXX,富时AIM全股,860.55,865.38,865.78,860.55,0.61
2022-09-07,AXX,富时AIM全股,865.54,865.97,867.05,862.89,0.48
2022-09-08,AXX,富时AIM全股,865.68,869.36,869.42,862.57,0.79
2022-09-09,AXX,富时AIM全股,872.04,880.6,880.6,870.26,1.19
2022-09-12,AXX,富时AIM全股,880.97,886.63,886.63,880.97,0.64
2022-09-13,AXX,富时AIM全股,886.93,880.65,889.45,879.66,1.1
2022-09-14,AXX,富时AIM全股,880.78,868.34,880.78,866.55,1.62
2022-09-15,AXX,富时AIM全股,868.78,867.38,870.74,865.76,0.57
2022-09-16,AXX,富时AIM全股,868.04,863.28,868.04,860.66,0.85
2022-09-20,AXX,富时AIM全股,861.96,855.32,864.51,853.4,1.29
2022-09-21,AXX,富时AIM全股,854.29,855.34,855.82,851.38,0.52
2022-09-22,AXX,富时AIM全股,854.72,847.42,854.72,847.27,0.87
2022-09-23,AXX,富时AIM全股,847.86,833.59,847.86,832.58,1.8
2022-09-26,AXX,富时AIM全股,834.15,827.89,834.15,825.97,0.98
2022-09-27,AXX,富时AIM全股,829.39,821.35,831.52,821.35,1.23
2022-09-28,AXX,富时AIM全股,821.78,813.98,821.78,799.79,2.68
2022-09-29,AXX,富时AIM全股,815.0,798.39,815.0,798.39,2.04
2022-09-30,AXX,富时AIM全股,799.45,806.38,806.82,798.34,1.06
2022-10-03,AXX,富时AIM全股,805.55,808.73,809.31,801.2,1.01
2022-10-04,AXX,富时AIM全股,809.23,819.84,819.84,809.23,1.31
2022-10-05,AXX,富时AIM全股,818.42,815.44,820.34,812.8,0.92
2022-10-06,AXX,富时AIM全股,816.19,816.2,817.56,814.02,0.43
2022-10-07,AXX,富时AIM全股,814.52,810.22,817.02,809.68,0.9
2022-10-10,AXX,富时AIM全股,808.92,799.63,809.26,799.55,1.2
2022-10-11,AXX,富时AIM全股,799.45,787.7,799.45,787.7,1.47
2022-10-12,AXX,富时AIM全股,786.92,776.27,788.45,776.27,1.55
2022-10-13,AXX,富时AIM全股,775.61,775.77,780.63,767.82,1.65
2022-10-14,AXX,富时AIM全股,775.77,779.8,785.75,775.77,1.29
2022-10-17,AXX,富时AIM全股,779.25,787.66,787.7,778.74,1.15
2022-10-18,AXX,富时AIM全股,787.44,795.48,796.18,787.44,1.11
2022-10-19,AXX,富时AIM全股,793.55,785.97,795.12,784.65,1.32
2022-10-20,AXX,富时AIM全股,785.18,786.44,787.02,781.08,0.76
2022-10-21,AXX,富时AIM全股,787.03,785.4,787.18,781.02,0.78
2022-10-24,AXX,富时AIM全股,784.46,787.54,788.69,784.33,0.56
2022-10-25,AXX,富时AIM全股,787.85,799.44,799.44,787.85,1.47
2022-10-26,AXX,富时AIM全股,798.95,809.67,809.67,797.74,1.49
2022-10-27,AXX,富时AIM全股,809.19,809.46,809.48,805.5,0.49
2022-10-28,AXX,富时AIM全股,808.35,805.37,808.35,803.03,0.66
2022-10-31,AXX,富时AIM全股,804.71,806.13,808.11,803.23,0.61
2022-11-01,AXX,富时AIM全股,807.54,814.54,818.34,807.54,1.34
2022-11-02,AXX,富时AIM全股,813.34,812.02,816.82,812.02,0.59
2022-11-03,AXX,富时AIM全股,810.62,809.87,810.62,805.95,0.58
2022-11-04,AXX,富时AIM全股,809.85,815.05,815.41,809.85,0.69
2022-11-07,AXX,富时AIM全股,815.16,824.81,824.96,815.0,1.22
2022-11-08,AXX,富时AIM全股,824.54,831.13,831.13,823.11,0.97
2022-11-09,AXX,富时AIM全股,831.17,826.35,831.17,823.89,0.88
2022-11-10,AXX,富时AIM全股,826.03,841.57,841.57,821.61,2.42
2022-11-11,AXX,富时AIM全股,843.06,854.84,855.27,843.06,1.45
2022-11-14,AXX,富时AIM全股,855.51,851.55,856.15,849.51,0.78
2022-11-15,AXX,富时AIM全股,852.04,848.46,852.04,847.69,0.51
2022-11-16,AXX,富时AIM全股,849.09,839.88,849.83,838.5,1.34
2022-11-17,AXX,富时AIM全股,839.79,834.93,839.79,834.59,0.62
2022-11-18,AXX,富时AIM全股,835.28,838.25,838.25,832.47,0.69
2022-11-21,AXX,富时AIM全股,838.21,837.59,840.08,836.45,0.43
2022-11-22,AXX,富时AIM全股,837.75,837.94,839.72,835.39,0.52
2022-11-23,AXX,富时AIM全股,838.27,840.3,840.41,835.65,0.57
2022-11-24,AXX,富时AIM全股,841.58,844.39,846.74,841.28,0.65
2022-11-25,AXX,富时AIM全股,844.92,847.07,847.61,843.9,0.44
2022-11-28,AXX,富时AIM全股,846.89,850.92,851.47,844.56,0.82
2022-11-29,AXX,富时AIM全股,850.82,844.22,850.82,844.22,0.78
2022-11-30,AXX,富时AIM全股,845.38,848.59,848.59,844.55,0.48
2022-12-01,AXX,富时AIM全股,848.37,850.56,852.87,848.37,0.53
2022-12-02,AXX,富时AIM全股,851.56,853.32,854.98,849.79,0.61
2022-12-05,AXX,富时AIM全股,854.06,850.72,854.06,849.64,0.52
2022-12-06,AXX,富时AIM全股,851.35,840.19,851.35,838.85,1.47
2022-12-07,AXX,富时AIM全股,840.43,834.53,840.43,833.02,0.88
2022-12-08,AXX,富时AIM全股,833.9,834.41,836.32,831.55,0.57
2022-12-09,AXX,富时AIM全股,835.25,834.59,837.01,833.25,0.45
2022-12-12,AXX,富时AIM全股,835.02,830.57,836.2,830.57,0.67
2022-12-13,AXX,富时AIM全股,831.46,838.59,840.85,828.44,1.49
2022-12-14,AXX,富时AIM全股,838.93,836.55,838.93,834.63,0.51
2022-12-15,AXX,富时AIM全股,836.47,828.45,836.47,828.45,0.96
2022-12-16,AXX,富时AIM全股,829.7,822.47,829.7,820.36,1.13
2022-12-19,AXX,富时AIM全股,822.71,823.54,825.23,822.3,0.36
2022-12-20,AXX,富时AIM全股,823.73,821.74,823.73,819.79,0.48
2022-12-21,AXX,富时AIM全股,822.3,830.44,830.44,821.98,1.03
2022-12-22,AXX,富时AIM全股,830.52,826.18,831.5,825.23,0.76
2022-12-23,AXX,富时AIM全股,826.72,831.96,831.96,826.72,0.63
2022-12-28,AXX,富时AIM全股,833.49,832.28,833.49,830.29,0.38
2022-12-29,AXX,富时AIM全股,832.94,836.45,836.45,830.12,0.76
2022-12-30,AXX,富时AIM全股,836.44,831.33,836.44,830.99,0.65
2023-01-03,AXX,富时AIM全股,831.27,838.63,841.27,831.27,1.2
2023-01-04,AXX,富时AIM全股,839.58,843.93,843.96,839.0,0.59
2023-01-05,AXX,富时AIM全股,843.46,843.74,845.08,842.45,0.31
2023-01-06,AXX,富时AIM全股,843.72,847.46,847.46,842.86,0.55
2023-01-09,AXX,富时AIM全股,848.46,850.04,850.32,847.34,0.35
2023-01-10,AXX,富时AIM全股,850.05,847.25,850.05,846.2,0.45
2023-01-11,AXX,富时AIM全股,848.14,851.62,851.99,848.14,0.45
2023-01-12,AXX,富时AIM全股,852.45,859.47,859.7,850.04,1.13
2023-01-13,AXX,富时AIM全股,860.08,864.6,864.6,859.74,0.57
2023-01-16,AXX,富时AIM全股,863.56,861.59,863.56,860.5,0.35
2023-01-17,AXX,富时AIM全股,862.96,858.19,863.81,858.19,0.65
2023-01-18,AXX,富时AIM全股,859.33,859.1,861.15,858.46,0.31
2023-01-19,AXX,富时AIM全股,861.1,852.09,863.14,851.45,1.36
2023-01-20,AXX,富时AIM全股,853.54,856.02,856.68,853.54,0.37
2023-01-23,AXX,富时AIM全股,856.5,859.08,860.02,856.5,0.41
2023-01-24,AXX,富时AIM全股,860.04,863.47,864.26,860.04,0.49
2023-01-25,AXX,富时AIM全股,862.72,860.78,864.02,858.32,0.66
2023-01-26,AXX,富时AIM全股,861.62,865.41,868.4,861.62,0.79
2023-01-27,AXX,富时AIM全股,864.56,869.24,869.24,864.56,0.54
2023-01-30,AXX,富时AIM全股,867.35,869.16,869.16,865.07,0.47
2023-01-31,AXX,富时AIM全股,867.7,867.82,868.15,863.56,0.53
2023-02-01,AXX,富时AIM全股,868.58,873.22,875.98,868.58,0.85
2023-02-02,AXX,富时AIM全股,873.94,888.76,888.76,873.94,1.7
2023-02-03,AXX,富时AIM全股,887.49,889.79,889.82,884.47,0.6
2023-02-06,AXX,富时AIM全股,888.41,883.79,888.41,882.29,0.69
2023-02-07,AXX,富时AIM全股,882.53,879.13,884.49,878.69,0.66
2023-02-08,AXX,富时AIM全股,880.14,883.23,886.25,880.14,0.7
2023-02-09,AXX,富时AIM全股,881.81,880.84,885.63,880.4,0.59
2023-02-10,AXX,富时AIM全股,880.51,874.39,880.51,873.93,0.75
2023-02-13,AXX,富时AIM全股,873.39,871.11,873.67,871.11,0.29
2023-02-14,AXX,富时AIM全股,870.67,867.3,873.52,867.3,0.71
2023-02-15,AXX,富时AIM全股,868.24,869.53,869.53,865.8,0.43
2023-02-16,AXX,富时AIM全股,869.87,869.59,871.44,866.63,0.55
2023-02-17,AXX,富时AIM全股,870.39,865.7,870.39,865.33,0.58
2023-02-20,AXX,富时AIM全股,867.39,866.24,867.68,865.84,0.21
2023-02-21,AXX,富时AIM全股,865.74,862.16,867.66,861.64,0.69
2023-02-22,AXX,富时AIM全股,860.96,852.28,860.96,851.1,1.14
2023-02-23,AXX,富时AIM全股,853.01,855.51,858.14,852.74,0.63
2023-02-24,AXX,富时AIM全股,856.13,852.63,856.51,851.86,0.54
2023-02-27,AXX,富时AIM全股,853.41,858.47,858.96,851.5,0.87
2023-02-28,AXX,富时AIM全股,859.73,859.37,859.89,857.13,0.32
2023-03-01,AXX,富时AIM全股,859.57,860.54,861.6,858.2,0.4
2023-03-02,AXX,富时AIM全股,860.42,861.29,861.63,859.1,0.29
2023-03-03,AXX,富时AIM全股,860.78,864.97,864.97,860.78,0.49
2023-03-06,AXX,富时AIM全股,865.86,865.31,865.86,860.71,0.6
2023-03-07,AXX,富时AIM全股,864.51,860.06,865.5,859.69,0.67
2023-03-08,AXX,富时AIM全股,859.44,854.73,859.44,853.5,0.69
2023-03-09,AXX,富时AIM全股,854.92,849.67,854.92,847.16,0.91
2023-03-10,AXX,富时AIM全股,847.13,837.44,847.13,833.85,1.56
2023-03-13,AXX,富时AIM全股,836.9,819.16,837.66,819.16,2.21
2023-03-14,AXX,富时AIM全股,819.88,827.69,827.69,818.77,1.09
2023-03-15,AXX,富时AIM全股,828.94,810.4,828.94,809.92,2.3
2023-03-16,AXX,富时AIM全股,812.54,814.07,814.08,806.52,0.93
2023-03-17,AXX,富时AIM全股,813.29,804.03,817.35,803.96,1.64
2023-03-20,AXX,富时AIM全股,801.83,797.22,802.24,793.61,1.07
2023-03-21,AXX,富时AIM全股,798.54,804.96,804.96,798.54,0.81
2023-03-22,AXX,富时AIM全股,805.94,804.15,806.12,802.6,0.44
2023-03-23,AXX,富时AIM全股,805.3,807.44,807.51,802.88,0.58
2023-03-24,AXX,富时AIM全股,806.61,800.42,806.61,798.34,1.02
2023-03-27,AXX,富时AIM全股,799.35,798.48,802.37,798.48,0.49
2023-03-28,AXX,富时AIM全股,799.69,792.45,799.69,790.96,1.09
2023-03-29,AXX,富时AIM全股,793.92,796.2,797.27,792.87,0.56
2023-03-30,AXX,富时AIM全股,796.81,805.84,807.04,796.81,1.28
2023-03-31,AXX,富时AIM全股,805.22,809.26,810.67,803.65,0.87
2023-04-03,AXX,富时AIM全股,812.6,813.39,819.08,810.32,1.08
2023-04-04,AXX,富时AIM全股,811.45,810.22,812.36,809.46,0.36
2023-04-05,AXX,富时AIM全股,809.65,803.69,810.67,803.42,0.89
2023-04-06,AXX,富时AIM全股,803.6,811.2,811.82,803.6,1.02
2023-04-11,AXX,富时AIM全股,812.0,816.85,816.96,812.0,0.61
2023-04-12,AXX,富时AIM全股,816.47,819.71,820.83,815.99,0.59
2023-04-13,AXX,富时AIM全股,820.24,824.8,825.91,820.24,0.69
2023-04-14,AXX,富时AIM全股,826.66,830.35,832.88,826.26,0.8
2023-04-17,AXX,富时AIM全股,831.72,833.37,834.4,831.35,0.37
2023-04-18,AXX,富时AIM全股,835.56,832.44,836.15,831.21,0.59
2023-04-19,AXX,富时AIM全股,830.12,829.22,830.12,827.45,0.32
2023-04-20,AXX,富时AIM全股,830.24,829.23,830.92,828.66,0.27
2023-04-21,AXX,富时AIM全股,827.74,830.3,830.3,826.96,0.4
2023-04-24,AXX,富时AIM全股,827.31,828.85,830.3,827.31,0.36
2023-04-25,AXX,富时AIM全股,828.87,824.26,828.87,824.26,0.56
2023-04-26,AXX,富时AIM全股,823.61,821.84,823.61,819.32,0.52
2023-04-27,AXX,富时AIM全股,822.15,822.63,822.79,819.83,0.36
2023-04-28,AXX,富时AIM全股,821.84,829.94,830.1,821.84,1.0
2023-05-02,AXX,富时AIM全股,828.77,828.2,832.79,828.05,0.57
2023-05-03,AXX,富时AIM全股,826.25,828.28,829.39,826.25,0.38
2023-05-04,AXX,富时AIM全股,827.58,824.98,828.15,824.72,0.41
2023-05-05,AXX,富时AIM全股,827.59,828.79,828.79,825.81,0.36
2023-05-09,AXX,富时AIM全股,827.04,829.35,829.35,826.92,0.29
2023-05-10,AXX,富时AIM全股,829.38,825.19,829.38,825.19,0.51
2023-05-11,AXX,富时AIM全股,810.78,815.23,816.37,810.78,0.68
2023-05-12,AXX,富时AIM全股,815.84,816.96,816.96,814.96,0.25
2023-05-15,AXX,富时AIM全股,817.34,814.85,817.34,813.72,0.44
2023-05-16,AXX,富时AIM全股,815.09,812.04,816.44,811.5,0.61
2023-05-17,AXX,富时AIM全股,811.67,809.2,811.67,807.95,0.46
2023-05-18,AXX,富时AIM全股,808.83,809.94,812.07,808.83,0.4
2023-05-19,AXX,富时AIM全股,812.09,808.97,812.09,808.97,0.39
2023-05-22,AXX,富时AIM全股,811.82,808.21,811.82,807.28,0.56
2023-05-23,AXX,富时AIM全股,809.01,808.04,809.23,806.9,0.29
2023-05-24,AXX,富时AIM全股,807.78,796.47,807.94,795.84,1.5
2023-05-25,AXX,富时AIM全股,797.61,792.54,797.61,792.54,0.64
2023-05-26,AXX,富时AIM全股,793.39,791.71,795.3,790.01,0.67
2023-05-30,AXX,富时AIM全股,791.08,786.76,792.66,786.76,0.75
2023-05-31,AXX,富时AIM全股,786.9,782.77,786.9,780.48,0.82
2023-06-01,AXX,富时AIM全股,783.99,784.45,785.51,781.18,0.55
2023-06-02,AXX,富时AIM全股,782.72,789.58,790.72,782.72,1.02
2023-06-05,AXX,富时AIM全股,790.45,791.81,793.25,789.13,0.52
2023-06-06,AXX,富时AIM全股,791.47,792.57,792.57,790.73,0.23
2023-06-07,AXX,富时AIM全股,792.56,793.05,793.79,791.23,0.32
2023-06-08,AXX,富时AIM全股,793.52,792.9,793.52,791.86,0.21
2023-06-09,AXX,富时AIM全股,792.52,793.34,793.34,789.57,0.48
2023-06-12,AXX,富时AIM全股,794.07,792.48,794.93,792.48,0.31
2023-06-13,AXX,富时AIM全股,791.72,794.72,796.26,791.72,0.57
2023-06-14,AXX,富时AIM全股,794.8,794.19,795.62,792.85,0.35
2023-06-15,AXX,富时AIM全股,793.09,791.56,793.09,788.81,0.54
2023-06-16,AXX,富时AIM全股,792.34,792.59,794.96,791.83,0.4
2023-06-19,AXX,富时AIM全股,792.75,789.53,793.33,789.53,0.48
2023-06-20,AXX,富时AIM全股,788.07,785.18,788.17,785.18,0.38
2023-06-21,AXX,富时AIM全股,785.91,782.62,786.44,782.24,0.53
2023-06-22,AXX,富时AIM全股,782.75,773.44,782.75,773.44,1.19
2023-06-23,AXX,富时AIM全股,774.02,767.07,774.02,766.94,0.92
2023-06-26,AXX,富时AIM全股,767.68,760.86,767.68,760.86,0.89
2023-06-27,AXX,富时AIM全股,762.26,755.61,762.26,755.39,0.9
2023-06-28,AXX,富时AIM全股,757.13,756.6,757.13,754.93,0.29
2023-06-29,AXX,富时AIM全股,754.58,750.73,755.16,749.93,0.69
2023-06-30,AXX,富时AIM全股,751.0,753.51,754.15,750.13,0.54
2023-07-03,AXX,富时AIM全股,752.76,754.31,755.02,752.39,0.35
2023-07-04,AXX,富时AIM全股,754.18,756.44,756.44,753.15,0.44
2023-07-05,AXX,富时AIM全股,756.72,752.37,756.72,752.37,0.58
2023-07-06,AXX,富时AIM全股,752.26,740.86,752.26,740.36,1.58
2023-07-07,AXX,富时AIM全股,740.55,741.71,741.71,738.71,0.4
2023-07-10,AXX,富时AIM全股,741.75,738.72,741.75,738.72,0.41
2023-07-11,AXX,富时AIM全股,740.4,738.62,740.85,738.38,0.33
2023-07-12,AXX,富时AIM全股,739.03,746.39,746.42,738.36,1.09
2023-07-13,AXX,富时AIM全股,747.14,750.29,750.29,747.14,0.42
2023-07-14,AXX,富时AIM全股,749.0,750.78,752.63,749.0,0.48
2023-07-17,AXX,富时AIM全股,751.38,749.31,752.52,748.91,0.48
2023-07-18,AXX,富时AIM全股,749.56,754.36,754.36,749.45,0.66
2023-07-19,AXX,富时AIM全股,753.35,766.12,766.12,753.35,1.69
2023-07-20,AXX,富时AIM全股,765.1,764.29,766.81,764.27,0.33
2023-07-21,AXX,富时AIM全股,765.21,766.55,766.55,764.38,0.28
2023-07-24,AXX,富时AIM全股,766.24,763.6,766.24,763.27,0.39
2023-07-25,AXX,富时AIM全股,764.45,766.0,767.2,763.9,0.43
2023-07-26,AXX,富时AIM全股,765.38,766.15,766.51,764.62,0.25
2023-07-27,AXX,富时AIM全股,766.27,769.29,770.62,766.27,0.57
2023-07-28,AXX,富时AIM全股,768.69,766.23,768.86,765.38,0.45
2023-07-31,AXX,富时AIM全股,765.62,764.72,767.53,764.72,0.37
2023-08-01,AXX,富时AIM全股,765.63,764.63,766.03,762.07,0.52
2023-08-02,AXX,富时AIM全股,764.38,758.09,764.38,758.03,0.83
2023-08-03,AXX,富时AIM全股,758.96,759.54,760.43,757.26,0.42
2023-08-04,AXX,富时AIM全股,759.83,763.41,763.41,759.83,0.47
2023-08-07,AXX,富时AIM全股,763.73,759.63,763.73,759.47,0.56
2023-08-08,AXX,富时AIM全股,760.28,758.84,760.28,757.72,0.34
2023-08-09,AXX,富时AIM全股,759.44,757.98,761.12,757.61,0.46
2023-08-10,AXX,富时AIM全股,758.79,757.39,758.79,755.76,0.4
2023-08-11,AXX,富时AIM全股,757.87,756.57,758.5,755.6,0.38
2023-08-14,AXX,富时AIM全股,757.7,754.96,757.7,754.01,0.49
2023-08-15,AXX,富时AIM全股,756.23,749.93,756.23,749.69,0.87
2023-08-16,AXX,富时AIM全股,748.81,747.84,749.74,746.79,0.39
2023-08-17,AXX,富时AIM全股,747.92,740.12,748.12,740.12,1.07
2023-08-18,AXX,富时AIM全股,738.92,732.24,739.58,729.71,1.33
2023-08-21,AXX,富时AIM全股,733.86,729.21,733.86,729.21,0.64
2023-08-22,AXX,富时AIM全股,729.31,732.18,733.24,729.31,0.54
2023-08-23,AXX,富时AIM全股,732.79,734.47,735.09,732.6,0.34
2023-08-24,AXX,富时AIM全股,735.62,734.52,737.26,734.48,0.38
2023-08-25,AXX,富时AIM全股,735.44,733.67,735.44,733.46,0.27
2023-08-29,AXX,富时AIM全股,734.7,741.21,741.63,734.7,0.94
2023-08-30,AXX,富时AIM全股,740.82,742.04,742.75,740.82,0.26
2023-08-31,AXX,富时AIM全股,740.94,741.93,742.47,739.75,0.37
2023-09-01,AXX,富时AIM全股,740.41,741.43,741.74,739.53,0.3
2023-09-04,AXX,富时AIM全股,741.08,740.59,743.0,740.39,0.35
2023-09-05,AXX,富时AIM全股,739.95,740.05,741.55,738.85,0.36
2023-09-06,AXX,富时AIM全股,739.86,736.98,739.86,736.52,0.45
2023-09-07,AXX,富时AIM全股,737.51,735.68,738.56,731.24,0.99
2023-09-08,AXX,富时AIM全股,735.06,743.44,743.69,734.09,1.3
2023-09-11,AXX,富时AIM全股,746.97,742.35,746.97,739.93,0.95
2023-09-12,AXX,富时AIM全股,741.63,743.21,744.27,740.67,0.48
2023-09-13,AXX,富时AIM全股,743.77,740.75,744.86,739.68,0.7
2023-09-14,AXX,富时AIM全股,741.95,744.77,745.09,741.48,0.49
2023-09-15,AXX,富时AIM全股,744.7,745.35,747.01,743.49,0.47
2023-09-18,AXX,富时AIM全股,745.48,742.06,748.06,742.06,0.8
2023-09-19,AXX,富时AIM全股,743.42,742.41,743.42,740.36,0.41
2023-09-20,AXX,富时AIM全股,741.95,746.7,746.7,741.95,0.64
2023-09-21,AXX,富时AIM全股,744.73,738.91,745.46,738.91,0.88
2023-09-22,AXX,富时AIM全股,739.56,739.43,740.57,737.7,0.39
2023-09-25,AXX,富时AIM全股,737.87,734.52,739.38,733.33,0.82
2023-09-26,AXX,富时AIM全股,734.94,730.15,734.94,729.73,0.71
2023-09-27,AXX,富时AIM全股,730.35,728.53,731.94,728.14,0.52
2023-09-28,AXX,富时AIM全股,728.54,724.98,728.74,723.67,0.7
2023-09-29,AXX,富时AIM全股,724.44,726.18,729.23,724.44,0.66
2023-10-02,AXX,富时AIM全股,725.28,718.57,727.41,717.69,1.34
2023-10-03,AXX,富时AIM全股,717.14,703.44,717.14,703.44,1.91
2023-10-04,AXX,富时AIM全股,703.01,695.21,703.71,694.13,1.36
2023-10-05,AXX,富时AIM全股,694.71,694.74,696.35,694.45,0.27
2023-10-06,AXX,富时AIM全股,696.14,694.71,696.95,691.55,0.78
2023-10-09,AXX,富时AIM全股,694.23,687.83,694.95,686.97,1.15
2023-10-10,AXX,富时AIM全股,689.19,698.09,698.31,689.18,1.33
2023-10-11,AXX,富时AIM全股,697.79,695.69,700.4,695.43,0.71
2023-10-12,AXX,富时AIM全股,696.79,695.57,698.38,695.08,0.47
2023-10-13,AXX,富时AIM全股,696.3,689.67,696.9,689.67,1.04
2023-10-16,AXX,富时AIM全股,691.07,686.81,691.44,686.81,0.67
2023-10-17,AXX,富时AIM全股,687.51,690.58,690.58,686.11,0.65
2023-10-18,AXX,富时AIM全股,689.76,684.8,690.58,684.8,0.84
2023-10-19,AXX,富时AIM全股,685.19,683.24,686.76,683.1,0.53
2023-10-20,AXX,富时AIM全股,682.98,682.93,684.16,681.13,0.44
2023-10-23,AXX,富时AIM全股,682.84,680.41,682.85,677.51,0.78
2023-10-24,AXX,富时AIM全股,680.64,678.45,680.98,677.22,0.55
2023-10-25,AXX,富时AIM全股,679.42,673.82,679.71,672.85,1.01
2023-10-26,AXX,富时AIM全股,675.03,669.84,675.03,669.84,0.77
2023-10-27,AXX,富时AIM全股,673.21,674.46,675.68,672.64,0.45
2023-10-30,AXX,富时AIM全股,675.89,678.57,680.91,675.21,0.85
2023-10-31,AXX,富时AIM全股,678.58,679.85,681.19,678.34,0.42
2023-11-01,AXX,富时AIM全股,680.52,683.57,683.57,679.03,0.67
2023-11-02,AXX,富时AIM全股,683.49,690.34,691.18,683.49,1.12
2023-11-03,AXX,富时AIM全股,690.21,697.25,698.11,690.07,1.16
2023-11-06,AXX,富时AIM全股,697.5,697.88,699.37,696.64,0.39
2023-11-07,AXX,富时AIM全股,698.36,698.63,698.79,695.25,0.51
2023-11-08,AXX,富时AIM全股,698.21,701.68,701.78,697.54,0.61
2023-11-09,AXX,富时AIM全股,702.17,704.26,705.41,700.34,0.72
2023-11-10,AXX,富时AIM全股,703.3,701.09,703.86,700.26,0.51
2023-11-13,AXX,富时AIM全股,701.42,700.82,702.05,699.07,0.43
2023-11-14,AXX,富时AIM全股,701.29,709.72,710.53,699.95,1.51
2023-11-15,AXX,富时AIM全股,710.04,715.57,716.81,709.59,1.02
2023-11-16,AXX,富时AIM全股,717.93,713.29,719.04,712.98,0.85
2023-11-17,AXX,富时AIM全股,713.32,719.05,719.36,713.0,0.89
2023-11-20,AXX,富时AIM全股,719.69,721.95,722.8,718.48,0.6
2023-11-21,AXX,富时AIM全股,721.91,716.31,722.77,716.31,0.89
2023-11-22,AXX,富时AIM全股,716.94,716.9,718.12,716.22,0.27
2023-11-23,AXX,富时AIM全股,718.45,718.08,718.45,715.79,0.37
2023-11-24,AXX,富时AIM全股,717.7,716.9,718.53,715.99,0.35
2023-11-27,AXX,富时AIM全股,717.81,714.95,718.32,714.5,0.53
2023-11-28,AXX,富时AIM全股,715.08,712.57,715.17,711.43,0.52
2023-11-29,AXX,富时AIM全股,713.18,715.53,716.35,712.55,0.53
2023-11-30,AXX,富时AIM全股,715.19,713.78,716.4,712.53,0.54
2023-12-01,AXX,富时AIM全股,713.75,716.29,716.66,713.69,0.42
2023-12-04,AXX,富时AIM全股,715.83,715.24,718.41,714.59,0.53
2023-12-05,AXX,富时AIM全股,715.71,716.68,716.68,713.85,0.4
2023-12-06,AXX,富时AIM全股,716.52,718.12,718.7,715.51,0.45
2023-12-07,AXX,富时AIM全股,717.9,720.86,721.49,717.47,0.56
2023-12-08,AXX,富时AIM全股,721.17,723.45,724.06,719.51,0.63
2023-12-11,AXX,富时AIM全股,723.93,725.33,725.33,722.18,0.44
2023-12-12,AXX,富时AIM全股,726.14,723.91,727.09,722.74,0.6
2023-12-13,AXX,富时AIM全股,724.42,724.1,726.67,723.68,0.41
2023-12-14,AXX,富时AIM全股,725.69,737.84,737.84,725.69,1.68
2023-12-15,AXX,富时AIM全股,737.83,739.31,740.12,736.85,0.44
2023-12-18,AXX,富时AIM全股,738.67,741.19,741.41,736.59,0.65
2023-12-19,AXX,富时AIM全股,740.91,745.39,745.56,740.03,0.75
2023-12-20,AXX,富时AIM全股,745.93,751.44,751.44,745.93,0.74
2023-12-21,AXX,富时AIM全股,752.54,752.45,752.54,748.48,0.54
2023-12-22,AXX,富时AIM全股,751.7,754.4,754.4,750.67,0.5
2023-12-27,AXX,富时AIM全股,754.56,763.03,763.17,753.65,1.26
2023-12-28,AXX,富时AIM全股,763.43,763.66,764.62,762.23,0.31
2023-12-29,AXX,富时AIM全股,763.03,763.32,764.79,762.97,0.24
2024-01-02,AXX,富时AIM全股,764.65,761.55,766.09,761.42,0.61
2024-01-03,AXX,富时AIM全股,761.67,754.15,762.4,753.53,1.16
2024-01-04,AXX,富时AIM全股,754.18,755.94,756.01,752.97,0.4
2024-01-05,AXX,富时AIM全股,755.88,751.24,755.88,749.53,0.84
2024-01-08,AXX,富时AIM全股,750.22,750.82,751.31,748.07,0.43
2024-01-09,AXX,富时AIM全股,750.94,752.66,753.54,749.43,0.55
2024-01-10,AXX,富时AIM全股,753.08,749.71,753.76,749.71,0.54
2024-01-11,AXX,富时AIM全股,750.54,744.72,751.53,744.72,0.91
2024-01-12,AXX,富时AIM全股,745.06,749.06,749.93,745.06,0.65
2024-01-15,AXX,富时AIM全股,749.81,747.37,751.75,745.78,0.8
2024-01-16,AXX,富时AIM全股,748.34,747.81,750.65,746.78,0.52
2024-01-17,AXX,富时AIM全股,746.4,738.8,746.4,736.66,1.3
2024-01-18,AXX,富时AIM全股,738.95,741.01,741.01,738.23,0.38
2024-01-19,AXX,富时AIM全股,740.84,735.83,740.84,735.83,0.68
2024-01-22,AXX,富时AIM全股,735.3,735.34,737.78,735.3,0.34
2024-01-23,AXX,富时AIM全股,736.27,738.92,740.26,735.12,0.7
2024-01-24,AXX,富时AIM全股,738.59,744.85,744.85,738.49,0.86
2024-01-25,AXX,富时AIM全股,744.5,748.1,748.1,743.44,0.63
2024-01-26,AXX,富时AIM全股,746.67,750.7,751.39,746.67,0.63
2024-01-29,AXX,富时AIM全股,749.52,750.28,750.92,748.8,0.28
2024-01-30,AXX,富时AIM全股,750.14,754.89,754.89,749.48,0.72
2024-01-31,AXX,富时AIM全股,753.73,754.75,756.61,753.59,0.4
2024-02-01,AXX,富时AIM全股,756.06,752.7,756.07,752.7,0.45
2024-02-02,AXX,富时AIM全股,753.92,754.17,757.36,753.39,0.53
2024-02-05,AXX,富时AIM全股,754.78,750.37,756.1,750.37,0.76
2024-02-06,AXX,富时AIM全股,751.26,754.17,754.58,750.35,0.56
2024-02-07,AXX,富时AIM全股,754.25,751.46,755.34,750.52,0.64
2024-02-08,AXX,富时AIM全股,751.96,751.1,754.87,751.1,0.5
2024-02-09,AXX,富时AIM全股,751.14,747.41,752.17,747.31,0.65
2024-02-12,AXX,富时AIM全股,747.5,750.18,751.06,746.99,0.54
2024-02-13,AXX,富时AIM全股,750.23,747.33,751.04,746.5,0.61
2024-02-14,AXX,富时AIM全股,747.23,750.45,751.08,746.21,0.65
2024-02-15,AXX,富时AIM全股,749.26,752.98,753.68,749.26,0.59
2024-02-16,AXX,富时AIM全股,753.14,758.78,758.78,753.14,0.75
2024-02-19,AXX,富时AIM全股,758.28,756.33,758.28,754.87,0.45
2024-02-20,AXX,富时AIM全股,756.07,753.05,756.07,752.84,0.43
2024-02-21,AXX,富时AIM全股,752.23,750.02,753.14,749.04,0.54
2024-02-22,AXX,富时AIM全股,749.68,749.96,751.54,748.49,0.41
2024-02-23,AXX,富时AIM全股,750.1,747.77,750.3,747.77,0.34
2024-02-26,AXX,富时AIM全股,746.94,745.81,750.06,745.71,0.58
2024-02-27,AXX,富时AIM全股,747.89,745.65,747.89,743.83,0.54
2024-02-28,AXX,富时AIM全股,743.75,738.04,743.76,738.04,0.77
2024-02-29,AXX,富时AIM全股,737.12,736.5,738.9,735.84,0.41
2024-03-01,AXX,富时AIM全股,735.88,741.31,741.97,735.88,0.83
2024-03-04,AXX,富时AIM全股,741.87,737.69,743.86,737.69,0.83
2024-03-05,AXX,富时AIM全股,737.32,734.89,737.32,733.83,0.47
2024-03-06,AXX,富时AIM全股,733.95,737.63,738.59,733.87,0.64
2024-03-07,AXX,富时AIM全股,737.39,737.9,740.29,737.25,0.41
2024-03-08,AXX,富时AIM全股,738.41,740.56,740.95,738.41,0.34
2024-03-11,AXX,富时AIM全股,740.51,738.27,740.51,737.35,0.43
2024-03-12,AXX,富时AIM全股,738.58,738.04,739.6,734.93,0.63
2024-03-13,AXX,富时AIM全股,738.2,738.82,743.01,738.2,0.65
2024-03-14,AXX,富时AIM全股,738.18,738.1,740.13,736.52,0.49
2024-03-15,AXX,富时AIM全股,739.58,738.31,740.94,738.21,0.37
2024-03-18,AXX,富时AIM全股,738.07,736.63,738.07,735.71,0.32
2024-03-19,AXX,富时AIM全股,737.4,735.56,737.4,734.75,0.36
2024-03-20,AXX,富时AIM全股,735.86,735.59,736.96,734.18,0.38
2024-03-21,AXX,富时AIM全股,736.79,740.64,741.34,736.79,0.62
2024-03-22,AXX,富时AIM全股,740.2,739.52,742.74,739.52,0.43
2024-03-25,AXX,富时AIM全股,739.92,737.26,741.79,736.74,0.68
2024-03-26,AXX,富时AIM全股,737.61,739.52,739.58,735.7,0.53
2024-03-27,AXX,富时AIM全股,739.5,742.11,742.11,738.66,0.47
2024-03-28,AXX,富时AIM全股,742.86,743.26,744.76,741.2,0.48
2024-04-02,AXX,富时AIM全股,744.06,742.4,747.31,742.4,0.66
2024-04-03,AXX,富时AIM全股,742.65,742.08,744.02,740.31,0.5
2024-04-04,AXX,富时AIM全股,741.5,742.58,743.39,740.92,0.33
2024-04-05,AXX,富时AIM全股,741.41,740.05,741.41,737.19,0.57
2024-04-08,AXX,富时AIM全股,740.33,748.83,748.83,740.33,1.15
2024-04-09,AXX,富时AIM全股,748.7,750.98,752.9,748.7,0.56
2024-04-10,AXX,富时AIM全股,750.91,755.19,756.18,750.91,0.7
2024-04-11,AXX,富时AIM全股,755.1,758.83,760.27,755.1,0.68
2024-04-12,AXX,富时AIM全股,757.58,755.91,763.17,755.91,0.96
2024-04-15,AXX,富时AIM全股,756.41,750.28,756.41,750.01,0.85
2024-04-16,AXX,富时AIM全股,750.51,738.28,750.51,738.28,1.63
2024-04-17,AXX,富时AIM全股,738.37,743.12,743.85,738.37,0.74
2024-04-18,AXX,富时AIM全股,743.42,745.29,745.53,742.62,0.39
2024-04-19,AXX,富时AIM全股,744.52,745.67,745.67,740.42,0.7
2024-04-22,AXX,富时AIM全股,745.11,749.18,750.31,745.11,0.7
2024-04-23,AXX,富时AIM全股,749.58,754.87,755.92,749.58,0.85
2024-04-24,AXX,富时AIM全股,755.15,754.69,756.56,753.83,0.36
2024-04-25,AXX,富时AIM全股,755.15,753.12,755.96,752.14,0.51
2024-04-26,AXX,富时AIM全股,753.48,755.28,756.23,753.48,0.37
2024-04-29,AXX,富时AIM全股,756.14,763.33,763.33,756.11,0.96
2024-04-30,AXX,富时AIM全股,763.76,760.74,765.14,760.74,0.58
2024-05-01,AXX,富时AIM全股,760.94,764.98,765.04,760.76,0.56
2024-05-02,AXX,富时AIM全股,765.23,768.11,768.54,765.23,0.43
2024-05-03,AXX,富时AIM全股,768.51,771.53,771.98,768.51,0.45
2024-05-07,AXX,富时AIM全股,771.75,776.42,778.0,771.75,0.81
2024-05-08,AXX,富时AIM全股,775.83,779.83,779.83,775.83,0.52
2024-05-09,AXX,富时AIM全股,779.98,783.7,783.7,779.98,0.48
2024-05-10,AXX,富时AIM全股,784.47,789.87,790.9,784.47,0.82
2024-05-13,AXX,富时AIM全股,789.37,786.66,790.94,784.32,0.84
2024-05-14,AXX,富时AIM全股,785.74,789.73,789.98,785.51,0.57
2024-05-15,AXX,富时AIM全股,789.17,791.61,792.07,789.17,0.37
2024-05-16,AXX,富时AIM全股,791.48,792.5,793.92,791.24,0.34
2024-05-17,AXX,富时AIM全股,791.42,794.02,794.91,791.09,0.48
2024-05-20,AXX,富时AIM全股,794.0,809.94,810.95,794.0,2.13
2024-05-21,AXX,富时AIM全股,809.29,807.09,809.73,806.25,0.43
2024-05-22,AXX,富时AIM全股,807.17,803.87,807.84,803.37,0.55
2024-05-23,AXX,富时AIM全股,803.92,805.02,805.32,801.62,0.46
2024-05-24,AXX,富时AIM全股,804.69,810.02,810.02,802.41,0.95
2024-05-28,AXX,富时AIM全股,811.26,808.36,812.27,807.88,0.54
2024-05-29,AXX,富时AIM全股,807.92,800.27,808.01,800.27,0.96
2024-05-30,AXX,富时AIM全股,799.87,802.69,803.76,799.76,0.5
2024-05-31,AXX,富时AIM全股,802.68,805.79,806.2,802.52,0.46
2024-06-03,AXX,富时AIM全股,806.28,805.16,808.47,804.67,0.47
2024-06-04,AXX,富时AIM全股,804.71,798.2,804.89,798.2,0.83
2024-06-05,AXX,富时AIM全股,798.55,798.97,801.94,798.55,0.42
2024-06-06,AXX,富时AIM全股,797.69,796.54,800.17,795.25,0.62
2024-06-07,AXX,富时AIM全股,796.12,793.53,796.85,791.5,0.67
2024-06-10,AXX,富时AIM全股,792.78,788.28,792.78,787.16,0.71
2024-06-11,AXX,富时AIM全股,787.79,781.51,789.49,781.51,1.01
2024-06-12,AXX,富时AIM全股,782.61,787.36,787.44,782.61,0.62
2024-06-13,AXX,富时AIM全股,785.84,780.43,788.44,780.43,1.02
2024-06-14,AXX,富时AIM全股,779.96,776.04,781.97,775.51,0.83
2024-06-17,AXX,富时AIM全股,777.1,774.93,778.79,774.93,0.5
2024-06-18,AXX,富时AIM全股,773.35,778.32,778.78,773.35,0.7
2024-06-19,AXX,富时AIM全股,777.41,777.5,780.69,777.41,0.42
2024-06-20,AXX,富时AIM全股,777.86,772.38,779.33,772.32,0.9
2024-06-21,AXX,富时AIM全股,773.45,772.57,775.29,771.91,0.44
2024-06-24,AXX,富时AIM全股,774.18,771.86,774.18,771.86,0.3
2024-06-25,AXX,富时AIM全股,771.39,768.03,772.23,768.03,0.54
2024-06-26,AXX,富时AIM全股,770.08,765.92,770.08,765.08,0.65
2024-06-27,AXX,富时AIM全股,766.9,764.47,766.9,762.48,0.58
2024-06-28,AXX,富时AIM全股,765.07,764.38,766.49,763.98,0.33
2024-07-01,AXX,富时AIM全股,763.37,765.18,767.78,763.37,0.58
2024-07-02,AXX,富时AIM全股,765.19,764.37,765.47,762.85,0.34
2024-07-03,AXX,富时AIM全股,765.32,770.12,770.64,765.32,0.7
2024-07-04,AXX,富时AIM全股,769.86,769.42,771.17,769.41,0.23
2024-07-05,AXX,富时AIM全股,768.29,774.39,775.48,768.29,0.93
2024-07-08,AXX,富时AIM全股,772.06,775.16,775.99,772.06,0.51
2024-07-09,AXX,富时AIM全股,775.34,771.94,775.93,771.94,0.51
2024-07-10,AXX,富时AIM全股,771.98,772.85,775.54,771.98,0.46
2024-07-11,AXX,富时AIM全股,776.41,781.53,781.53,775.28,0.81
2024-07-12,AXX,富时AIM全股,785.19,786.17,787.31,780.68,0.85
2024-07-15,AXX,富时AIM全股,786.11,785.48,786.81,784.21,0.33
2024-07-16,AXX,富时AIM全股,785.32,786.98,787.04,783.03,0.51
2024-07-17,AXX,富时AIM全股,787.06,786.8,787.86,785.5,0.3
2024-07-18,AXX,富时AIM全股,786.38,787.67,790.36,786.38,0.51
2024-07-19,AXX,富时AIM全股,784.25,784.13,784.59,783.61,0.12
2024-07-22,AXX,富时AIM全股,784.6,783.24,786.04,783.24,0.36
2024-07-23,AXX,富时AIM全股,783.05,780.17,783.48,779.4,0.52
2024-07-24,AXX,富时AIM全股,779.87,776.64,779.89,776.64,0.42
2024-07-25,AXX,富时AIM全股,776.33,773.03,776.33,769.01,0.94
2024-07-26,AXX,富时AIM全股,773.41,779.67,779.67,773.4,0.81
2024-07-29,AXX,富时AIM全股,780.1,777.32,782.32,777.32,0.64
2024-07-30,AXX,富时AIM全股,777.9,778.16,778.16,774.64,0.45
2024-07-31,AXX,富时AIM全股,778.84,787.02,787.02,778.84,1.05
2024-08-01,AXX,富时AIM全股,786.4,783.08,787.96,782.61,0.68
2024-08-02,AXX,富时AIM全股,782.97,771.27,782.97,770.99,1.53
2024-08-05,AXX,富时AIM全股,771.0,748.62,771.0,742.82,3.65
2024-08-06,AXX,富时AIM全股,749.67,759.67,759.67,749.67,1.34
2024-08-07,AXX,富时AIM全股,760.24,767.32,767.32,760.24,0.93
2024-08-08,AXX,富时AIM全股,767.64,765.21,767.64,759.64,1.04
2024-08-09,AXX,富时AIM全股,765.03,766.24,768.52,763.7,0.63
2024-08-12,AXX,富时AIM全股,766.35,766.99,769.48,766.35,0.41
2024-08-13,AXX,富时AIM全股,767.17,767.98,768.84,766.04,0.37
2024-08-14,AXX,富时AIM全股,768.27,771.51,771.51,768.27,0.42
2024-08-15,AXX,富时AIM全股,771.62,774.79,774.79,769.71,0.66
2024-08-16,AXX,富时AIM全股,774.61,774.27,774.61,772.1,0.32
2024-08-19,AXX,富时AIM全股,772.8,776.59,776.96,772.8,0.54
2024-08-20,AXX,富时AIM全股,775.79,774.04,777.08,773.71,0.43
2024-08-21,AXX,富时AIM全股,773.75,776.81,776.81,773.75,0.4
2024-08-22,AXX,富时AIM全股,776.59,774.73,777.53,774.58,0.38
2024-08-23,AXX,富时AIM全股,775.06,777.69,777.87,774.45,0.44
2024-08-27,AXX,富时AIM全股,777.34,779.18,780.23,777.34,0.37
2024-08-28,AXX,富时AIM全股,777.79,770.3,777.79,770.3,0.96
2024-08-29,AXX,富时AIM全股,770.79,772.49,772.95,770.79,0.28
2024-08-30,AXX,富时AIM全股,771.35,772.51,774.14,771.35,0.36
2024-09-02,AXX,富时AIM全股,772.81,766.9,774.28,766.9,0.96
2024-09-03,AXX,富时AIM全股,767.45,762.39,770.11,762.37,1.01
2024-09-04,AXX,富时AIM全股,762.86,759.66,762.86,755.93,0.91
2024-09-05,AXX,富时AIM全股,759.76,759.12,761.24,758.11,0.41
2024-09-06,AXX,富时AIM全股,759.43,744.0,759.49,744.0,2.04
2024-09-09,AXX,富时AIM全股,744.73,746.73,747.51,744.73,0.37
2024-09-10,AXX,富时AIM全股,746.61,743.86,747.91,742.79,0.69
2024-09-11,AXX,富时AIM全股,743.65,738.09,743.65,737.98,0.76
2024-09-12,AXX,富时AIM全股,739.03,741.36,742.42,739.02,0.46
2024-09-13,AXX,富时AIM全股,740.86,745.23,745.63,740.86,0.64
2024-09-16,AXX,富时AIM全股,745.07,743.73,745.07,743.1,0.26
2024-09-17,AXX,富时AIM全股,744.07,744.74,745.99,743.56,0.33
2024-09-18,AXX,富时AIM全股,744.61,742.56,745.24,742.56,0.36
2024-09-19,AXX,富时AIM全股,742.68,748.08,748.08,742.68,0.73
2024-09-20,AXX,富时AIM全股,747.68,745.62,747.68,744.82,0.38
2024-09-23,AXX,富时AIM全股,745.84,744.32,745.84,743.57,0.3
2024-09-24,AXX,富时AIM全股,746.85,742.8,746.85,742.15,0.63
2024-09-25,AXX,富时AIM全股,743.04,741.48,744.43,741.32,0.42
2024-09-26,AXX,富时AIM全股,742.27,741.65,745.2,741.24,0.53
2024-09-27,AXX,富时AIM全股,741.9,745.65,745.65,741.9,0.51
2024-09-30,AXX,富时AIM全股,745.94,740.43,747.56,739.05,1.14
2024-10-01,AXX,富时AIM全股,741.06,736.8,741.96,736.8,0.7
2024-10-02,AXX,富时AIM全股,737.92,734.3,738.25,733.15,0.69
2024-10-03,AXX,富时AIM全股,734.43,733.84,736.58,733.13,0.47
2024-10-04,AXX,富时AIM全股,735.12,738.36,738.98,734.79,0.57
2024-10-07,AXX,富时AIM全股,739.03,738.61,740.77,737.69,0.42
2024-10-08,AXX,富时AIM全股,739.33,735.07,739.33,734.41,0.67
2024-10-09,AXX,富时AIM全股,734.6,736.66,737.0,734.21,0.38
2024-10-10,AXX,富时AIM全股,736.93,734.53,736.93,733.34,0.49
2024-10-11,AXX,富时AIM全股,734.61,733.85,735.08,733.54,0.21
2024-10-14,AXX,富时AIM全股,733.99,733.77,735.16,732.45,0.37
2024-10-15,AXX,富时AIM全股,733.79,733.86,734.73,732.49,0.31
2024-10-16,AXX,富时AIM全股,733.37,739.43,740.25,733.37,0.94
2024-10-17,AXX,富时AIM全股,739.33,742.39,744.09,738.89,0.7
2024-10-18,AXX,富时AIM全股,739.86,740.69,744.74,738.97,0.78
2024-10-21,AXX,富时AIM全股,741.34,734.95,743.4,734.95,1.14
2024-10-22,AXX,富时AIM全股,733.99,734.16,736.1,730.9,0.71
2024-10-23,AXX,富时AIM全股,732.39,729.13,735.79,728.49,0.99
2024-10-24,AXX,富时AIM全股,728.34,725.69,731.28,725.69,0.77
2024-10-25,AXX,富时AIM全股,725.89,722.67,727.63,722.36,0.73
2024-10-28,AXX,富时AIM全股,723.09,721.1,724.65,719.01,0.78
2024-10-29,AXX,富时AIM全股,720.75,715.79,722.11,715.36,0.94
2024-10-30,AXX,富时AIM全股,716.11,744.52,745.29,715.47,4.17
2024-10-31,AXX,富时AIM全股,745.09,737.1,745.09,735.92,1.23
2024-11-01,AXX,富时AIM全股,737.29,739.0,739.33,736.39,0.4
2024-11-04,AXX,富时AIM全股,738.6,735.37,740.31,735.37,0.67
2024-11-05,AXX,富时AIM全股,734.82,736.29,737.06,733.98,0.42
2024-11-06,AXX,富时AIM全股,736.41,739.04,742.43,736.41,0.82
2024-11-07,AXX,富时AIM全股,740.87,738.23,740.87,728.72,1.64
2024-11-08,AXX,富时AIM全股,738.17,734.36,740.23,733.97,0.85
2024-11-11,AXX,富时AIM全股,733.15,737.93,739.56,733.15,0.87
2024-11-12,AXX,富时AIM全股,738.61,730.86,738.61,730.6,1.09
2024-11-13,AXX,富时AIM全股,730.3,729.29,733.0,729.29,0.51
2024-11-14,AXX,富时AIM全股,729.69,729.38,730.75,728.37,0.33
2024-11-15,AXX,富时AIM全股,729.19,727.14,731.28,727.14,0.57
2024-11-18,AXX,富时AIM全股,726.96,727.55,729.44,725.64,0.52
2024-11-19,AXX,富时AIM全股,727.5,724.23,728.78,723.18,0.77
2024-11-20,AXX,富时AIM全股,724.15,722.34,727.14,721.8,0.74
2024-11-21,AXX,富时AIM全股,721.69,725.82,726.83,721.36,0.76
2024-11-22,AXX,富时AIM全股,725.66,732.2,732.2,725.66,0.9
2024-11-25,AXX,富时AIM全股,732.61,733.53,735.53,731.76,0.51
2024-11-26,AXX,富时AIM全股,731.9,730.59,733.27,729.34,0.54
2024-11-27,AXX,富时AIM全股,731.43,731.4,733.39,731.07,0.32
2024-11-28,AXX,富时AIM全股,732.22,730.91,732.67,730.88,0.24
2024-11-29,AXX,富时AIM全股,731.47,732.49,732.53,729.26,0.45
2024-12-02,AXX,富时AIM全股,730.15,733.04,734.99,730.15,0.66
2024-12-03,AXX,富时AIM全股,733.99,735.09,736.93,733.99,0.4
2024-12-04,AXX,富时AIM全股,735.07,738.22,738.56,735.07,0.47
2024-12-05,AXX,富时AIM全股,738.34,736.92,738.42,735.87,0.35
2024-12-06,AXX,富时AIM全股,736.35,738.22,739.11,735.79,0.45
2024-12-09,AXX,富时AIM全股,739.83,740.85,742.19,736.97,0.71
2024-12-10,AXX,富时AIM全股,743.07,737.57,743.07,737.57,0.74
2024-12-11,AXX,富时AIM全股,740.12,737.54,740.12,736.58,0.48
2024-12-12,AXX,富时AIM全股,739.75,737.56,740.81,737.56,0.44
2024-12-13,AXX,富时AIM全股,736.72,733.36,738.49,733.21,0.72
2024-12-16,AXX,富时AIM全股,733.62,729.49,733.96,729.49,0.61
2024-12-17,AXX,富时AIM全股,730.72,722.04,730.72,721.93,1.2
2024-12-18,AXX,富时AIM全股,723.74,719.42,723.74,719.42,0.6
2024-12-19,AXX,富时AIM全股,721.6,711.78,721.6,711.22,1.44
2024-12-20,AXX,富时AIM全股,712.28,710.6,713.02,707.73,0.74
2024-12-23,AXX,富时AIM全股,710.77,712.44,713.33,710.09,0.46
2024-12-24,AXX,富时AIM全股,712.7,717.4,717.46,712.7,0.67
2024-12-27,AXX,富时AIM全股,717.21,715.19,718.14,714.14,0.56
2024-12-30,AXX,富时AIM全股,714.78,714.23,717.46,713.04,0.62
2024-12-31,AXX,富时AIM全股,714.15,719.63,719.63,713.85,0.81
2025-01-02,AXX,富时AIM全股,717.04,723.7,724.22,717.04,1.0
2025-01-03,AXX,富时AIM全股,723.72,725.4,725.73,722.88,0.39
2025-01-06,AXX,富时AIM全股,727.08,728.95,729.41,725.95,0.48
2025-01-07,AXX,富时AIM全股,728.35,725.28,728.47,724.39,0.56
2025-01-08,AXX,富时AIM全股,726.2,720.11,726.2,718.84,1.01
2025-01-09,AXX,富时AIM全股,721.35,719.96,721.35,718.72,0.37
2025-01-10,AXX,富时AIM全股,719.1,713.38,720.8,713.38,1.03
2025-01-13,AXX,富时AIM全股,713.66,709.39,715.08,709.39,0.8
2025-01-14,AXX,富时AIM全股,709.59,707.81,712.74,707.81,0.69
2025-01-15,AXX,富时AIM全股,707.32,714.53,714.53,707.32,1.02
2025-01-16,AXX,富时AIM全股,716.72,717.31,717.31,714.58,0.38
2025-01-17,AXX,富时AIM全股,715.85,719.07,719.77,715.85,0.55
2025-01-20,AXX,富时AIM全股,718.02,718.29,720.47,718.02,0.34
2025-01-21,AXX,富时AIM全股,720.58,719.11,720.58,716.99,0.5
2025-01-22,AXX,富时AIM全股,719.42,721.0,723.6,719.42,0.58
2025-01-23,AXX,富时AIM全股,720.53,720.86,723.48,720.34,0.44
2025-01-24,AXX,富时AIM全股,723.0,715.05,723.0,714.61,1.16
2025-01-27,AXX,富时AIM全股,715.64,711.39,715.64,709.78,0.82
2025-01-28,AXX,富时AIM全股,712.34,715.32,715.74,710.89,0.68
2025-01-29,AXX,富时AIM全股,715.32,712.19,716.62,712.19,0.62
2025-01-30,AXX,富时AIM全股,711.49,718.23,718.74,711.49,1.02
2025-01-31,AXX,富时AIM全股,717.7,718.13,719.21,716.09,0.43
2025-02-03,AXX,富时AIM全股,719.42,712.13,719.42,709.82,1.34
2025-02-04,AXX,富时AIM全股,712.04,712.37,712.78,710.56,0.31
2025-02-05,AXX,富时AIM全股,712.7,715.58,715.69,711.43,0.6
2025-02-06,AXX,富时AIM全股,715.77,720.84,722.6,715.61,0.98
2025-02-07,AXX,富时AIM全股,723.25,719.04,723.25,719.04,0.58
2025-02-10,AXX,富时AIM全股,718.14,724.6,725.55,718.14,1.03
2025-02-11,AXX,富时AIM全股,723.23,724.54,726.01,723.23,0.38
2025-02-12,AXX,富时AIM全股,723.71,723.39,725.71,722.66,0.42
2025-02-13,AXX,富时AIM全股,723.62,723.2,724.23,722.01,0.31
2025-02-14,AXX,富时AIM全股,725.98,726.06,726.72,719.85,0.95
2025-02-17,AXX,富时AIM全股,726.89,725.22,728.15,725.03,0.43
2025-02-18,AXX,富时AIM全股,725.23,724.52,726.96,724.52,0.34
2025-02-19,AXX,富时AIM全股,723.24,719.43,725.06,718.65,0.88
2025-02-20,AXX,富时AIM全股,719.57,716.54,723.31,716.54,0.94
2025-02-21,AXX,富时AIM全股,717.17,718.02,721.05,717.17,0.54
2025-02-24,AXX,富时AIM全股,716.69,710.88,719.2,709.69,1.32
2025-02-25,AXX,富时AIM全股,710.73,708.06,711.82,708.06,0.53
2025-02-26,AXX,富时AIM全股,708.94,711.5,713.3,708.94,0.62
2025-02-27,AXX,富时AIM全股,711.44,707.72,711.82,707.36,0.63
2025-02-28,AXX,富时AIM全股,707.65,703.83,707.65,702.54,0.72
2025-03-03,AXX,富时AIM全股,704.1,701.8,706.05,699.14,0.98
2025-03-04,AXX,富时AIM全股,700.19,686.87,700.3,686.87,1.91
2025-03-05,AXX,富时AIM全股,688.24,690.48,695.81,688.24,1.1
2025-03-06,AXX,富时AIM全股,690.97,692.46,694.39,690.11,0.62
2025-03-07,AXX,富时AIM全股,693.26,694.23,694.23,689.5,0.68
2025-03-10,AXX,富时AIM全股,692.58,682.63,696.14,682.63,1.95
2025-03-11,AXX,富时AIM全股,682.61,678.49,686.05,678.49,1.11
2025-03-12,AXX,富时AIM全股,677.99,680.92,682.5,677.99,0.66
2025-03-13,AXX,富时AIM全股,680.11,679.46,681.3,679.16,0.31
2025-03-14,AXX,富时AIM全股,681.94,687.74,687.74,680.6,1.05
2025-03-17,AXX,富时AIM全股,686.71,688.96,690.92,686.71,0.61
2025-03-18,AXX,富时AIM全股,689.9,694.28,694.28,689.9,0.64
2025-03-19,AXX,富时AIM全股,694.45,694.62,695.47,692.03,0.5
2025-03-20,AXX,富时AIM全股,694.75,695.84,697.58,694.09,0.5
2025-03-21,AXX,富时AIM全股,695.16,689.12,695.94,689.12,0.98
2025-03-24,AXX,富时AIM全股,689.54,689.12,692.76,689.12,0.53
2025-03-25,AXX,富时AIM全股,689.19,693.44,696.09,689.19,1.0
2025-03-26,AXX,富时AIM全股,693.71,693.81,697.23,693.71,0.51
2025-03-27,AXX,富时AIM全股,694.7,696.76,696.76,692.74,0.58
2025-03-28,AXX,富时AIM全股,699.14,696.62,699.14,695.06,0.59
2025-03-31,AXX,富时AIM全股,695.89,681.99,695.89,680.98,2.14
2025-04-01,AXX,富时AIM全股,683.17,688.38,690.72,683.17,1.11
2025-04-02,AXX,富时AIM全股,687.75,685.77,689.11,683.22,0.86
2025-04-03,AXX,富时AIM全股,683.21,667.67,683.21,667.01,2.36
2025-04-04,AXX,富时AIM全股,670.38,640.54,670.38,636.26,5.11
2025-04-07,AXX,富时AIM全股,639.12,624.42,639.12,612.89,4.09
2025-04-08,AXX,富时AIM全股,623.86,641.66,643.49,623.86,3.14
2025-04-09,AXX,富时AIM全股,640.26,627.01,640.26,623.06,2.68
2025-04-10,AXX,富时AIM全股,629.84,644.97,655.53,629.84,4.1
2025-04-11,AXX,富时AIM全股,645.98,647.83,649.34,644.63,0.73
2025-04-14,AXX,富时AIM全股,648.97,659.02,660.04,648.97,1.71
2025-04-15,AXX,富时AIM全股,658.02,666.01,666.01,658.02,1.21
2025-04-16,AXX,富时AIM全股,665.72,669.88,669.88,664.37,0.83
2025-04-17,AXX,富时AIM全股,669.74,668.94,669.92,667.13,0.42
2025-04-22,AXX,富时AIM全股,668.22,671.79,673.07,668.22,0.73
2025-04-23,AXX,富时AIM全股,668.09,676.48,677.22,668.09,1.36
2025-04-24,AXX,富时AIM全股,676.32,669.78,676.32,668.72,1.12
2025-04-25,AXX,富时AIM全股,668.31,672.85,672.85,668.31,0.68
2025-04-28,AXX,富时AIM全股,671.53,675.75,677.67,671.53,0.91
2025-04-29,AXX,富时AIM全股,671.88,681.31,682.85,671.88,1.62
2025-04-30,AXX,富时AIM全股,681.38,690.72,690.72,681.38,1.37
2025-05-01,AXX,富时AIM全股,692.46,699.98,699.98,690.12,1.43
2025-05-02,AXX,富时AIM全股,699.97,707.75,708.12,699.97,1.16
2025-05-06,AXX,富时AIM全股,707.19,710.34,710.67,707.19,0.49
2025-05-07,AXX,富时AIM全股,706.4,713.26,713.26,706.4,0.97
2025-05-08,AXX,富时AIM全股,711.57,720.42,720.59,711.57,1.26
2025-05-09,AXX,富时AIM全股,718.63,726.91,726.91,718.63,1.15
2025-05-12,AXX,富时AIM全股,722.06,729.3,730.62,722.06,1.18
2025-05-13,AXX,富时AIM全股,727.69,731.09,731.81,727.69,0.56
2025-05-14,AXX,富时AIM全股,730.32,731.62,732.36,727.08,0.72
2025-05-15,AXX,富时AIM全股,728.79,731.85,732.07,728.52,0.49
2025-05-16,AXX,富时AIM全股,728.19,734.73,734.73,728.19,0.89
2025-05-19,AXX,富时AIM全股,735.0,733.56,735.0,730.57,0.6
2025-05-20,AXX,富时AIM全股,734.23,737.58,737.58,732.32,0.72
2025-05-21,AXX,富时AIM全股,737.96,737.2,737.96,733.71,0.58
2025-05-22,AXX,富时AIM全股,736.75,736.74,736.75,733.19,0.48
2025-05-23,AXX,富时AIM全股,736.99,736.04,741.69,731.4,1.4
2025-05-27,AXX,富时AIM全股,736.35,739.91,740.29,736.35,0.54
2025-05-28,AXX,富时AIM全股,740.11,741.58,742.36,738.23,0.56
2025-05-29,AXX,富时AIM全股,741.54,744.84,745.32,741.54,0.51
2025-05-30,AXX,富时AIM全股,745.68,746.68,747.71,744.28,0.46
2025-06-02,AXX,富时AIM全股,746.68,748.13,748.27,744.86,0.46
2025-06-03,AXX,富时AIM全股,748.67,753.51,753.51,747.38,0.82
2025-06-04,AXX,富时AIM全股,752.85,754.35,757.53,752.85,0.62
2025-06-05,AXX,富时AIM全股,754.65,754.46,754.91,752.25,0.35
2025-06-06,AXX,富时AIM全股,755.04,756.88,757.92,754.08,0.51
2025-06-09,AXX,富时AIM全股,756.27,763.89,763.91,756.27,1.01
2025-06-10,AXX,富时AIM全股,764.66,766.32,767.8,762.38,0.71
2025-06-11,AXX,富时AIM全股,767.34,768.83,769.41,766.05,0.44
2025-06-12,AXX,富时AIM全股,769.24,765.88,769.24,763.92,0.69
2025-06-13,AXX,富时AIM全股,765.77,761.43,765.77,760.81,0.65
2025-06-16,AXX,富时AIM全股,763.83,764.14,765.27,760.95,0.57
2025-06-17,AXX,富时AIM全股,766.06,760.65,766.06,760.65,0.71
2025-06-18,AXX,富时AIM全股,758.92,763.36,763.75,758.92,0.63
2025-06-19,AXX,富时AIM全股,765.02,758.19,765.02,758.19,0.89
2025-06-20,AXX,富时AIM全股,760.14,759.14,761.98,758.4,0.47
2025-06-23,AXX,富时AIM全股,759.72,759.29,759.72,757.1,0.35
2025-06-24,AXX,富时AIM全股,759.77,762.54,762.91,758.89,0.53
2025-06-25,AXX,富时AIM全股,762.91,760.45,762.91,759.96,0.39
2025-06-26,AXX,富时AIM全股,759.44,767.04,767.04,759.44,1.0
2025-06-27,AXX,富时AIM全股,767.01,769.33,769.78,765.85,0.51
2025-06-30,AXX,富时AIM全股,768.53,770.65,772.21,768.53,0.48
2025-07-01,AXX,富时AIM全股,772.06,772.94,775.61,770.65,0.64
2025-07-02,AXX,富时AIM全股,774.89,767.76,774.89,767.76,0.92
2025-07-03,AXX,富时AIM全股,768.21,776.25,777.36,768.21,1.19
2025-07-04,AXX,富时AIM全股,776.33,773.49,776.33,773.49,0.37
2025-07-07,AXX,富时AIM全股,774.09,771.96,774.79,771.96,0.37
2025-07-08,AXX,富时AIM全股,775.3,775.5,776.06,772.7,0.44
2025-07-09,AXX,富时AIM全股,775.61,770.43,775.61,770.43,0.67
2025-07-10,AXX,富时AIM全股,767.01,773.13,774.04,767.01,0.91
2025-07-11,AXX,富时AIM全股,772.61,773.55,774.65,771.92,0.35
2025-07-14,AXX,富时AIM全股,770.83,774.05,777.34,770.83,0.84
2025-07-15,AXX,富时AIM全股,773.88,771.03,777.26,771.03,0.8
2025-07-16,AXX,富时AIM全股,771.96,772.1,775.77,771.96,0.49
2025-07-17,AXX,富时AIM全股,772.47,768.93,773.92,767.09,0.88
2025-07-18,AXX,富时AIM全股,772.44,772.78,772.78,770.57,0.29
2025-07-21,AXX,富时AIM全股,773.53,770.88,775.3,770.76,0.59
2025-07-22,AXX,富时AIM全股,771.65,770.14,772.6,767.78,0.63
2025-07-23,AXX,富时AIM全股,770.33,773.99,774.53,770.33,0.55
2025-07-24,AXX,富时AIM全股,774.61,776.87,776.87,773.32,0.46
2025-07-25,AXX,富时AIM全股,777.27,776.64,777.27,775.29,0.25
2025-07-28,AXX,富时AIM全股,776.99,773.02,780.46,772.42,1.04
2025-07-29,AXX,富时AIM全股,771.78,765.75,771.78,765.19,0.85
2025-07-30,AXX,富时AIM全股,766.49,762.72,766.69,762.54,0.54
2025-07-31,AXX,富时AIM全股,762.18,761.5,763.0,760.4,0.34
2025-08-01,AXX,富时AIM全股,762.34,757.16,762.34,755.72,0.87
2025-08-04,AXX,富时AIM全股,757.05,758.89,759.17,756.57,0.34
2025-08-05,AXX,富时AIM全股,758.77,763.48,764.82,758.77,0.8
2025-08-06,AXX,富时AIM全股,763.6,764.35,766.38,763.34,0.4
2025-08-07,AXX,富时AIM全股,764.36,763.51,765.62,761.82,0.5
2025-08-08,AXX,富时AIM全股,763.18,762.46,763.18,759.35,0.5
2025-08-11,AXX,富时AIM全股,762.57,758.21,762.57,758.21,0.57
2025-08-12,AXX,富时AIM全股,758.19,759.27,760.99,757.51,0.46
2025-08-13,AXX,富时AIM全股,759.25,757.54,761.23,757.54,0.49
2025-08-14,AXX,富时AIM全股,757.72,759.71,759.81,757.72,0.28
2025-08-15,AXX,富时AIM全股,760.06,760.57,761.68,759.53,0.28
2025-08-18,AXX,富时AIM全股,760.39,761.16,762.94,760.39,0.34
2025-08-19,AXX,富时AIM全股,761.12,763.22,764.74,761.12,0.48
2025-08-20,AXX,富时AIM全股,762.7,759.74,762.7,757.68,0.66
2025-08-21,AXX,富时AIM全股,760.44,758.86,760.44,757.22,0.42
2025-08-22,AXX,富时AIM全股,761.01,765.03,765.03,758.52,0.86
2025-08-26,AXX,富时AIM全股,765.39,765.11,767.57,763.64,0.51
2025-08-27,AXX,富时AIM全股,765.36,762.37,766.03,760.15,0.77
2025-08-28,AXX,富时AIM全股,762.87,761.21,764.57,760.72,0.51
2025-08-29,AXX,富时AIM全股,761.82,764.1,765.76,761.82,0.52
2025-09-01,AXX,富时AIM全股,764.14,768.64,770.36,764.14,0.81
2025-09-02,AXX,富时AIM全股,769.36,765.57,770.44,762.67,1.01
2025-09-03,AXX,富时AIM全股,765.74,768.47,770.06,765.74,0.56
2025-09-04,AXX,富时AIM全股,768.26,762.0,768.26,756.05,1.59
2025-09-05,AXX,富时AIM全股,762.03,765.63,768.27,762.03,0.82
2025-09-08,AXX,富时AIM全股,765.85,769.73,773.38,765.85,0.98
2025-09-09,AXX,富时AIM全股,770.64,768.3,772.15,768.25,0.51
2025-09-10,AXX,富时AIM全股,768.44,762.01,768.44,761.43,0.91
2025-09-11,AXX,富时AIM全股,761.7,767.1,767.1,761.7,0.71
2025-09-12,AXX,富时AIM全股,769.66,768.44,770.74,767.43,0.43
2025-09-15,AXX,富时AIM全股,767.81,767.39,771.63,767.02,0.6
2025-09-16,AXX,富时AIM全股,765.54,767.87,770.82,765.54,0.69
2025-09-17,AXX,富时AIM全股,768.99,771.86,771.86,766.68,0.67
2025-09-18,AXX,富时AIM全股,772.74,772.34,772.74,770.48,0.29
2025-09-19,AXX,富时AIM全股,773.03,773.6,773.6,770.22,0.44
2025-09-22,AXX,富时AIM全股,774.1,777.53,779.34,774.1,0.68
2025-09-23,AXX,富时AIM全股,778.49,781.25,782.99,778.49,0.58
2025-09-24,AXX,富时AIM全股,781.43,782.42,782.73,780.46,0.29
2025-09-25,AXX,富时AIM全股,780.53,773.62,780.98,773.62,0.94
2025-09-26,AXX,富时AIM全股,773.68,777.53,777.84,773.68,0.54
2025-09-29,AXX,富时AIM全股,779.96,780.18,782.85,778.82,0.52
2025-09-30,AXX,富时AIM全股,779.86,783.17,783.42,779.32,0.53
2025-10-01,AXX,富时AIM全股,782.96,786.41,787.93,782.96,0.63
2025-10-02,AXX,富时AIM全股,786.04,788.95,793.06,786.04,0.89
2025-10-03,AXX,富时AIM全股,788.96,796.52,796.52,788.96,0.96
2025-10-06,AXX,富时AIM全股,796.65,795.63,799.66,795.58,0.51
2025-10-07,AXX,富时AIM全股,796.19,796.32,800.0,795.61,0.55
2025-10-08,AXX,富时AIM全股,796.34,796.02,798.79,794.04,0.6
2025-10-09,AXX,富时AIM全股,797.15,793.7,798.48,793.7,0.6
2025-10-10,AXX,富时AIM全股,793.87,786.33,793.87,786.33,0.95
2025-10-13,AXX,富时AIM全股,786.3,792.38,792.79,786.3,0.83
