代码,名称,最新价,涨跌额,涨跌幅,买入,卖出,昨收,今开,最高,最低,成交量,成交额
sz169201,浙商鼎盈LOF,1.757,-0.032,-1.789,1.744,1.789,1.789,1.699,1.791,1.699,9300,16500
sz169106,东方红创优定开,1.103,0.0,0.0,1.096,1.103,1.103,1.102,1.103,1.102,117200,129155
sz169105,东方红睿华LOF,1.803,0.043,2.443,1.803,1.805,1.76,1.775,1.803,1.775,321429,577596
sz169104,东方红睿满LOF,2.367,0.021,0.895,2.367,2.368,2.346,2.325,2.368,2.311,172014,403571
sz169101,东方红睿丰LOF,2.05,0.012,0.589,2.05,2.06,2.038,2.02,2.065,2.0,532765,1085779
sz168701,金融科技LOF,1.311,0.016,1.236,1.309,1.311,1.295,1.297,1.311,1.296,516528,674528
sz168401,红土创新精选LOF,3.561,0.013,0.366,3.561,3.564,3.548,3.525,3.574,3.445,579748,2046836
sz168301,东海祥龙LOF,0.934,0.037,4.125,0.913,0.934,0.897,0.888,0.937,0.888,104224,95068
sz168204,煤炭LOF,1.767,-0.007,-0.395,1.76,1.767,1.774,1.774,1.774,1.759,143912,253813
sz168203,钢铁LOF,1.246,0.01,0.809,1.244,1.254,1.236,1.239,1.254,1.239,4700,5870
sz168105,九泰泰富LOF,1.86,0.025,1.362,1.848,1.858,1.835,1.839,1.869,1.839,21754,40483
sz168104,九泰锐丰LOF,0.946,-0.002,-0.211,0.945,0.949,0.948,0.952,0.952,0.946,2600,2463
sz168103,九泰锐益LOF,1.481,0.024,1.647,1.481,1.487,1.457,1.458,1.497,1.457,390503,576548
sz168102,九泰锐富LOF,1.206,0.007,0.584,1.205,1.208,1.199,1.202,1.206,1.202,119171,143617
sz168101,九泰锐智LOF,1.488,0.008,0.541,1.489,1.509,1.48,1.467,1.512,1.467,46771,69742
sz168002,国寿精选LOF,1.818,0.017,0.944,1.804,1.833,1.801,1.803,1.84,1.803,173653,315275
sz167508,安信价值发现定开,1.657,-0.007,-0.421,1.65,1.657,1.664,1.649,1.658,1.649,53400,88488
sz167506,安信深圳科技LOF,1.882,0.026,1.401,1.87,1.882,1.856,1.856,1.885,1.856,74800,139802
sz167503,安信一带一路,0.0,0.0,0.0,0.0,0.0,1.0,0.0,0.0,0.0,0,0
sz167302,大湾区LOF,1.094,-0.004,-0.364,1.067,1.095,1.098,1.048,1.098,1.048,14658,15553
sz167301,保险主题LOF,1.058,-0.005,-0.47,1.057,1.058,1.063,1.061,1.061,1.053,3215078,3398468
sz167003,鼎弘LOF,1.14,0.003,0.264,1.129,1.138,1.137,1.139,1.14,1.139,200,228
sz167002,鼎越LOF,3.909,0.016,0.411,3.842,3.909,3.893,3.863,4.049,3.854,105291,410314
sz167001,鼎泰LOF,1.609,0.013,0.815,1.599,1.612,1.596,1.596,1.609,1.591,46801,75069
sz166802,浙商沪深300,0.0,0.0,0.0,0.0,0.0,1.0,0.0,0.0,0.0,0,0
sz166107,多因子LOF,1.394,0.03,2.199,1.374,1.392,1.364,1.377,1.394,1.377,6800,9398
sz166027,中欧创业定开,0.904,0.007,0.78,0.903,0.907,0.897,0.899,0.908,0.897,57000,51462
sz166025,中欧远见定开,0.735,-0.002,-0.271,0.734,0.735,0.737,0.736,0.736,0.733,466403,342325
sz166024,中欧恒利定开,1.11,0.004,0.362,1.106,1.111,1.106,1.105,1.113,1.103,220401,244112
sz166023,中欧瑞丰LOF,1.392,0.033,2.428,1.384,1.391,1.359,1.356,1.395,1.355,626987,866820
sz166016,中欧纯债LOF,0.0,0.0,0.0,1.098,1.1,1.099,0.0,0.0,0.0,0,0
sz166011,中欧盛世LOF,2.421,-0.025,-1.022,2.421,2.44,2.446,2.447,2.452,2.41,399807,975268
sz166009,中欧动力LOF,3.54,0.049,1.404,3.529,3.54,3.491,3.495,3.544,3.495,12300,43464
sz166008,中欧强债LOF,1.116,0.006,0.541,1.106,1.117,1.11,1.116,1.116,1.116,200,223
sz166006,中欧成长LOF,2.221,0.032,1.462,2.218,2.223,2.189,2.2,2.233,2.2,389199,864545
sz166001,中欧趋势LOF,1.595,0.005,0.314,1.59,1.595,1.59,1.589,1.6,1.574,287662,456115
sz165528,中信保诚鼎利LOF,1.957,-0.049,-2.443,1.938,1.957,2.006,1.92,1.974,1.881,1320065,2557683
sz165526,中信保诚新旺,0.0,0.0,0.0,0.0,0.0,1.0,0.0,0.0,0.0,0,0
sz165525,基建工程LOF,0.752,0.0,0.0,0.75,0.751,0.752,0.753,0.756,0.75,941133,708302
sz165524,智能家居,0.0,0.0,0.0,0.0,0.0,1.0,0.0,0.0,0.0,0,0
sz165523,信息安全,0.0,0.0,0.0,0.0,0.0,1.0,0.0,0.0,0.0,0,0
sz165522,TMTLOF,1.199,0.026,2.217,1.184,1.198,1.173,1.173,1.199,1.169,97566,116457
sz165521,金融LOF,1.279,-0.009,-0.699,1.279,1.284,1.288,1.279,1.288,1.278,24849,31786
sz165520,有色LOF,2.307,0.037,1.63,2.305,2.307,2.27,2.299,2.325,2.287,253784,586674
sz165517,中信保诚双盈LOF,1.006,0.004,0.399,1.0,1.007,1.002,1.006,1.006,1.006,300,302
sz165516,中信保诚周期LOF,6.646,0.0,0.0,6.616,6.645,6.646,6.602,6.685,6.586,61210,406732
sz165515,中信保诚300LOF,1.243,0.01,0.811,1.231,1.243,1.233,1.236,1.244,1.236,96666,120003
sz165513,中信保诚商品LOF,0.946,-0.007,-0.735,0.945,0.946,0.953,0.95,0.95,0.942,1182509,1117032
sz165512,中信保诚机遇LOF,1.243,-0.002,-0.161,1.242,1.245,1.245,1.249,1.255,1.232,11900,14703
sz165511,中信保诚500LOF,2.005,0.012,0.602,1.988,2.005,1.993,1.991,2.01,1.991,85614,171356
sz165509,中信保诚增强LOF,1.195,0.0,0.0,1.192,1.202,1.195,1.196,1.196,1.195,700,837
sz165508,中信保诚深度LOF,2.054,0.01,0.489,2.044,2.063,2.044,2.069,2.069,2.054,7300,15101
sz165313,建信优势LOF,3.417,-0.011,-0.321,3.417,3.429,3.428,3.428,3.43,3.385,151000,516767
sz165312,央视50财经,0.0,0.0,0.0,0.0,0.0,1.0,0.0,0.0,0.0,0,0
sz165310,沪深300增强,0.0,0.0,0.0,0.0,0.0,1.0,0.0,0.0,0.0,0,0
sz165309,沪深300LOF建信,1.877,0.019,1.023,1.866,1.89,1.858,1.863,1.877,1.863,2200,4111
sz164908,环境治理,0.0,0.0,0.0,0.0,0.0,1.0,0.0,0.0,0.0,0,0
sz164906,中概互联网LOF,1.439,0.005,0.349,1.439,1.44,1.434,1.435,1.455,1.429,19828277,28551803
sz164905,交银新能,0.0,0.0,0.0,0.0,0.0,1.0,0.0,0.0,0.0,0,0
sz164902,交银添利LOF,0.0,0.0,0.0,1.106,1.12,1.112,0.0,0.0,0.0,0,0
sz164824,印度基金LOF,1.473,-0.002,-0.136,1.472,1.473,1.475,1.473,1.475,1.472,23825418,35102351
sz164818,传媒基金,0.0,0.0,0.0,0.0,0.0,1.0,0.0,0.0,0.0,0,0
sz164814,工银双债LOF,1.143,0.012,1.061,1.142,1.143,1.131,1.132,1.144,1.132,20100,22896
sz164810,工银纯债定开,1.01,-0.002,-0.198,1.009,1.01,1.012,1.01,1.01,1.009,175200,176802
sz164705,恒生LOF,1.232,-0.007,-0.565,1.23,1.238,1.239,1.231,1.238,1.219,255758,315011
sz164701,黄金LOF,1.538,-0.014,-0.902,1.538,1.539,1.552,1.548,1.548,1.534,8234989,12657930
sz164606,信用增利LOF,1.235,0.021,1.73,1.221,1.239,1.214,1.234,1.235,1.234,5300,6545
sz164509,国富恒利债券LOF,0.715,-0.001,-0.14,0.714,0.715,0.716,0.716,0.716,0.715,75200,53770
sz164508,国富中证A100LOF,1.266,0.007,0.556,1.258,1.272,1.259,1.259,1.266,1.259,16560,20955
sz164403,农业精选LOF,1.197,-0.006,-0.499,1.192,1.197,1.203,1.2,1.205,1.193,200600,240714
sz164402,中航军工,0.0,0.0,0.0,0.0,0.0,1.0,0.0,0.0,0.0,0,0
sz164401,中证健康,0.0,0.0,0.0,0.0,0.0,1.0,0.0,0.0,0.0,0,0
sz163907,中海惠裕LOF,0.792,0.002,0.253,0.788,0.796,0.79,0.792,0.792,0.792,100,79
sz163821,沪深300等权LOF,2.067,0.017,0.829,2.05,2.067,2.05,2.055,2.068,2.055,5162,10645
sz163801,中银中国LOF,0.917,0.001,0.109,0.917,0.922,0.916,0.918,0.922,0.914,69200,63568
sz163503,天治核心LOF,0.41,0.0,0.0,0.408,0.409,0.41,0.409,0.41,0.408,401746,164530
sz163418,兴全合兴LOF,0.741,0.003,0.407,0.741,0.742,0.738,0.731,0.744,0.731,1638877,1214404
sz163417,兴全合宜LOF,2.086,0.021,1.017,2.085,2.086,2.065,2.061,2.09,2.053,17776706,36918518
sz163415,兴全商业模式LOF,4.82,0.032,0.668,4.82,4.824,4.788,4.789,4.834,4.765,1383649,6648544
sz163412,兴全轻资产LOF,3.058,0.034,1.124,3.057,3.083,3.024,3.051,3.088,3.03,735200,2252679
sz163409,兴全绿色LOF,1.489,0.03,2.056,1.48,1.489,1.459,1.475,1.49,1.46,339856,502919
sz163407,兴全沪深300LOF,2.646,0.008,0.303,2.644,2.646,2.638,2.633,2.651,2.624,348704,920671
sz163406,兴全合润LOF,2.149,0.019,0.892,2.148,2.149,2.13,2.125,2.153,2.12,8075085,17274690
sz163402,兴全趋势LOF,0.72,0.005,0.699,0.719,0.72,0.715,0.714,0.722,0.711,12107261,8675352
sz163302,大摩资源LOF,1.018,0.003,0.296,1.02,1.039,1.015,1.029,1.039,1.018,201300,208293
sz163209,创业板增强LOF,0.0,0.0,0.0,0.0,0.0,1.0,0.0,0.0,0.0,0,0
sz163208,全球油气能源LOF,1.047,0.009,0.867,1.042,1.047,1.038,1.047,1.05,1.04,996986,1043452
sz163116,申万电子LOF,1.531,0.002,0.131,1.531,1.541,1.529,1.525,1.546,1.506,136802,209194
sz163115,申万军工LOF,1.15,-0.008,-0.691,1.15,1.159,1.158,1.153,1.159,1.15,37744,43617
sz163114,申万环保LOF,1.279,0.023,1.831,1.279,1.28,1.256,1.256,1.288,1.25,205195,261708
sz163113,申万证券LOF,1.036,0.001,0.097,1.033,1.036,1.035,1.031,1.041,1.031,583899,605857
sz163111,申万中小LOF,1.482,0.017,1.16,1.475,1.482,1.465,1.476,1.482,1.472,6800,10035
sz163110,申万量化LOF,2.366,0.029,1.241,2.359,2.366,2.337,2.358,2.366,2.32,87798,207191
sz163109,申万深成LOF,0.738,0.01,1.374,0.729,0.739,0.728,0.73,0.738,0.726,566235,416552
sz163005,长信利众LOF,0.0,0.0,0.0,1.003,1.007,1.008,0.0,0.0,0.0,0,0
sz163001,长信医疗LOF,1.545,0.016,1.046,1.533,1.545,1.529,1.522,1.548,1.522,15100,23112
sz162721,广发积极FOF-LOF,1.23,0.01,0.82,1.213,1.23,1.22,1.203,1.23,1.203,2100,2553
sz162720,广发创业板定开,1.117,0.01,0.903,1.116,1.117,1.107,1.098,1.12,1.082,1945434,2165565
sz162719,石油LOF,2.291,0.03,1.327,2.291,2.292,2.261,2.291,2.295,2.287,2618986,6001479
sz162715,广发聚源LOF,1.195,0.001,0.084,1.192,1.196,1.194,1.196,1.196,1.192,4000,4770
sz162711,中证500LOF,1.713,0.003,0.175,1.713,1.725,1.71,1.718,1.723,1.713,16800,28868
sz162703,广发小盘LOF,1.682,-0.016,-0.942,1.68,1.682,1.698,1.686,1.689,1.664,3801491,6374815
sz162607,景顺资源LOF,0.509,0.006,1.193,0.505,0.509,0.503,0.502,0.509,0.502,147500,74735
sz162605,景顺鼎益LOF,1.884,0.003,0.159,1.884,1.885,1.881,1.881,1.885,1.872,1949027,3663886
sz162509,中证A100LOF,0.978,0.009,0.929,0.978,0.98,0.969,0.975,0.978,0.975,55162,53931
sz162415,美国消费LOF,3.089,-0.003,-0.097,3.089,3.09,3.092,3.086,3.095,3.083,2742197,8470883
sz162414,新机遇LOF,1.847,0.013,0.709,1.835,1.847,1.834,1.839,1.847,1.829,1100,2023
sz162412,医疗基金LOF,0.67,0.005,0.752,0.67,0.671,0.665,0.665,0.672,0.661,1571733,1052338
sz162411,华宝油气LOF,0.751,0.01,1.35,0.751,0.752,0.741,0.752,0.752,0.75,49367631,37069044
sz162307,海富通A100LOF,1.518,0.026,1.743,1.513,1.524,1.492,1.504,1.518,1.5,25328,38327
sz162216,宏利500增强LOF,1.568,0.019,1.227,1.568,1.572,1.549,1.563,1.568,1.554,8473,13276
sz162207,宏利效率混合LOF,1.579,0.011,0.702,1.579,1.583,1.568,1.582,1.584,1.555,238755,377024
sz162108,金鹰元盛债券LOF,1.351,0.001,0.074,1.332,1.35,1.35,1.351,1.351,1.351,1100,1486
sz162107,金鹰先进制造,0.0,0.0,0.0,0.0,0.0,1.0,0.0,0.0,0.0,0,0
sz162006,长城久富LOF,1.676,0.024,1.453,1.66,1.676,1.652,1.637,1.68,1.636,601391,1005041
sz161914,创业板2年定开,0.73,0.006,0.829,0.728,0.73,0.724,0.726,0.733,0.724,608107,443741
sz161912,社会责任定开,3.132,0.052,1.688,3.122,3.132,3.08,3.05,3.143,3.05,1650412,5134108
sz161903,万家行业优选LOF,1.482,0.019,1.299,1.481,1.482,1.463,1.468,1.498,1.456,9188621,13646096
sz161837,银华大盘定开,1.2,0.001,0.083,1.2,1.201,1.199,1.199,1.202,1.196,505953,606826
sz161834,银华鑫锐LOF,1.719,0.001,0.058,1.715,1.719,1.718,1.718,1.722,1.715,27700,47606
sz161831,恒生国企LOF,0.876,0.003,0.344,0.874,0.876,0.873,0.873,0.878,0.872,336552,294470
sz161820,银华纯债LOF,1.15,-0.002,-0.174,1.149,1.15,1.152,1.151,1.151,1.15,2400,2761
sz161816,中证90LOF,0.968,0.016,1.681,0.957,0.968,0.952,0.954,0.968,0.954,70481,67849
sz161815,抗通胀LOF,0.905,-0.002,-0.221,0.904,0.905,0.907,0.907,0.908,0.904,1929252,1745897
sz161812,深证100LOF,1.332,0.009,0.68,1.332,1.343,1.323,1.322,1.345,1.317,508525,679277
sz161811,沪深300LOF银华,1.007,0.008,0.801,1.01,1.014,0.999,0.999,1.01,0.999,30780,30785
sz161810,银华内需LOF,3.656,-0.052,-1.402,3.646,3.656,3.708,3.7,3.7,3.623,339563,1239665
sz161728,招商优选LOF,1.345,0.003,0.224,1.343,1.345,1.342,1.345,1.348,1.342,125300,168498
sz161727,招商增荣LOF,1.7,0.024,1.432,1.689,1.704,1.676,1.7,1.7,1.7,100,170
sz161726,生物医药LOF,0.455,0.004,0.887,0.454,0.455,0.451,0.454,0.458,0.451,5742574,2616880
sz161725,白酒基金LOF,0.783,-0.007,-0.886,0.783,0.784,0.79,0.789,0.79,0.782,57092542,44852167
sz161724,煤炭等权LOF,1.937,-0.013,-0.667,1.93,1.937,1.95,1.95,1.95,1.931,39200,75920
sz161723,银行基金,0.0,0.0,0.0,0.0,0.0,1.0,0.0,0.0,0.0,0,0
sz161722,招商丰泰LOF,1.507,-0.002,-0.133,1.499,1.506,1.509,1.489,1.507,1.489,8300,12494
sz161721,地产基金,0.0,0.0,0.0,0.0,0.0,1.0,0.0,0.0,0.0,0,0
sz161720,证券基金LOF,1.291,0.0,0.0,1.29,1.291,1.291,1.286,1.298,1.286,148992,192845
sz161716,招商双债LOF,1.597,-0.002,-0.125,1.596,1.597,1.599,1.598,1.599,1.595,17265165,27577494
sz161715,大宗商品LOF,1.854,0.005,0.27,1.841,1.854,1.849,1.835,1.858,1.835,59343,109702
sz161706,招商成长LOF,4.049,0.002,0.049,4.02,4.05,4.047,4.044,4.049,4.033,15000,60659
sz161631,人工智能LOF,2.434,0.064,2.7,2.434,2.435,2.37,2.38,2.46,2.35,8891629,21449946
sz161628,云计算LOF,0.0,0.0,0.0,0.0,0.0,1.0,0.0,0.0,0.0,0,0
sz161610,融通领先成长LOF,1.631,0.013,0.803,1.631,1.636,1.618,1.621,1.638,1.621,200831,327300
sz161607,巨潮100LOF,1.156,0.006,0.522,1.151,1.156,1.15,1.152,1.156,1.152,215166,248690
sz161233,国投瑞泰LOF,1.68,0.004,0.239,1.68,1.687,1.676,1.68,1.68,1.68,200,336
sz161232,国投瑞盛LOF,1.262,-0.002,-0.158,1.259,1.264,1.264,1.262,1.262,1.262,3700,4669
sz161229,国投中国价值LOF,1.608,0.014,0.878,1.595,1.608,1.594,1.589,1.608,1.583,109369,173565
sz161227,国投深证100LOF,1.561,0.021,1.364,1.545,1.559,1.54,1.541,1.566,1.537,333224,518237
sz161226,国投白银LOF,1.195,-0.001,-0.084,1.194,1.195,1.196,1.191,1.197,1.188,96767993,115378316
sz161225,国投瑞盈LOF,2.421,0.021,0.875,2.401,2.422,2.4,2.42,2.421,2.42,1500,3631
sz161224,国投新丝路LOF,1.302,0.002,0.154,1.303,1.329,1.3,1.288,1.33,1.288,43200,56326
sz161222,国投瑞利LOF,2.627,0.007,0.267,2.624,2.633,2.62,2.627,2.627,2.627,200,525
sz161219,国投新兴产业LOF,2.906,0.018,0.623,2.906,2.939,2.888,2.908,2.915,2.906,51800,150586
sz161217,国投资源LOF,1.777,0.064,3.736,1.748,1.777,1.713,1.728,1.779,1.728,67179,118483
sz161133,优势回报FOF-LOF,1.242,0.004,0.323,1.24,1.258,1.238,1.238,1.249,1.232,108700,134826
sz161132,易方达科顺定开,2.031,0.011,0.545,2.017,2.032,2.02,2.02,2.038,1.983,87000,175974
sz161131,易方达科润LOF,1.036,0.008,0.778,1.034,1.036,1.028,1.031,1.038,1.031,189977,196753
sz161130,纳斯达克100LOF,3.929,-0.016,-0.406,3.928,3.929,3.945,3.937,3.941,3.926,1363546,5361405
sz161129,原油LOF易方达,1.187,0.015,1.28,1.186,1.187,1.172,1.187,1.188,1.184,39779539,47183197
sz161128,标普信息科技LOF,5.786,-0.036,-0.618,5.786,5.787,5.822,5.822,5.823,5.783,14819475,85918608
sz161127,标普生物科技LOF,1.391,0.004,0.288,1.391,1.393,1.387,1.393,1.4,1.389,6515090,9081311
sz161126,标普医疗保健LOF,1.782,-0.003,-0.168,1.782,1.783,1.785,1.782,1.785,1.78,726526,1294669
sz161125,标普500LOF,2.869,-0.008,-0.278,2.869,2.87,2.877,2.875,2.875,2.864,1617835,4645070
sz161124,港股小盘LOF,1.221,-0.007,-0.57,1.221,1.223,1.228,1.228,1.228,1.219,2215580,2710246
sz161123,并购重组LOF,1.506,-0.008,-0.528,1.507,1.509,1.514,1.514,1.524,1.503,580201,876783
sz161122,生物科技LOF,0.624,0.006,0.971,0.621,0.624,0.618,0.618,0.626,0.618,75600,46993
sz161121,银行LOF易方达,1.578,-0.022,-1.375,1.574,1.578,1.6,1.587,1.594,1.573,109315,172283
sz161119,易方达新综债LOF,1.737,-0.006,-0.344,1.736,1.737,1.743,1.742,1.743,1.735,22008300,38236081
sz161118,中小企业100LOF,1.472,0.003,0.204,1.472,1.487,1.469,1.473,1.49,1.472,35231,52329
sz161116,黄金主题LOF,1.458,-0.011,-0.749,1.457,1.458,1.469,1.46,1.463,1.453,12606337,18373732
sz161040,创业富国定开,1.617,0.017,1.062,1.614,1.617,1.6,1.593,1.624,1.592,1292522,2081006
sz161039,1000增强LOF,2.467,0.008,0.325,2.46,2.467,2.459,2.465,2.471,2.452,14700,36158
sz161038,成长LOF,1.469,0.01,0.685,1.469,1.472,1.459,1.456,1.471,1.456,19370,28441
sz161037,高端制造LOF,2.401,0.037,1.565,2.401,2.404,2.364,2.358,2.417,2.358,325171,783447
sz161036,娱乐增强LOF,0.846,0.017,2.051,0.845,0.85,0.829,0.836,0.853,0.831,196007,165957
sz161035,医药增强LOF,1.326,0.013,0.99,1.318,1.326,1.313,1.307,1.329,1.307,3800,5022
sz161033,智能汽车LOF,2.269,0.006,0.265,2.271,2.287,2.263,2.281,2.303,2.269,25800,58832
sz161032,煤炭龙头LOF,1.916,-0.011,-0.571,1.915,1.916,1.927,1.921,1.932,1.909,712904,1365230
sz161031,工业40LOF,1.409,0.001,0.071,1.409,1.415,1.408,1.408,1.419,1.394,564138,794969
sz161030,体育LOF,1.241,0.019,1.555,1.241,1.243,1.222,1.222,1.252,1.222,378796,471069
sz161029,银行龙头LOF,1.719,-0.011,-0.636,1.718,1.719,1.73,1.717,1.724,1.717,12900,22159
sz161028,新能源车LOF,1.128,0.013,1.166,1.127,1.128,1.115,1.115,1.143,1.114,2008481,2264858
sz161027,证券LOF,1.16,-0.002,-0.172,1.156,1.161,1.162,1.158,1.163,1.155,346619,401507
sz161026,国企改革LOF,1.129,0.009,0.804,1.126,1.129,1.12,1.123,1.13,1.116,932835,1050257
sz161025,互联网LOF,1.327,0.02,1.53,1.312,1.327,1.307,1.296,1.333,1.296,301046,398217
sz161024,军工LOF,1.163,-0.004,-0.343,1.162,1.163,1.167,1.165,1.168,1.157,1061653,1234767
sz161017,500增强LOF,2.432,0.007,0.289,2.428,2.44,2.425,2.424,2.445,2.418,1018432,2476685
sz161014,富国汇利定开,1.395,0.003,0.216,1.395,1.397,1.392,1.395,1.395,1.395,200,279
sz161005,富国天惠LOF,2.849,0.023,0.814,2.848,2.849,2.826,2.834,2.853,2.831,5434940,15458583
sz160926,创业板定开,1.015,0.006,0.595,1.011,1.015,1.009,1.001,1.015,1.001,674035,682808
sz160925,沪深港300LOF,1.378,0.003,0.218,1.375,1.378,1.375,1.374,1.387,1.372,121322,167857
sz160924,恒生指数LOF,1.093,0.0,0.0,1.093,1.094,1.093,1.093,1.096,1.081,752385,819584
sz160921,多策略LOF,1.403,0.001,0.071,1.391,1.404,1.402,1.406,1.406,1.392,700,980
sz160919,产业升级LOF,3.258,0.039,1.212,3.259,3.268,3.219,3.233,3.282,3.233,158400,516406
sz160918,中小盘LOF,2.661,0.02,0.757,2.645,2.661,2.641,2.648,2.661,2.645,46200,122708
sz160916,优选LOF,4.365,0.026,0.599,4.362,4.363,4.339,4.354,4.365,4.319,23125,100641
sz160910,创新成长LOF,0.984,0.0,0.0,0.979,0.984,0.984,0.984,0.984,0.984,2000,1968
sz160813,长盛同盛LOF,1.717,-0.008,-0.464,1.717,1.727,1.725,1.723,1.73,1.717,178359,307346
sz160812,长盛同益LOF,2.448,0.011,0.451,2.448,2.48,2.437,2.46,2.47,2.445,18100,44414
sz160807,长盛沪深300LOF,1.774,0.016,0.91,1.765,1.776,1.758,1.762,1.776,1.762,42631,75608
sz160805,长盛同智LOF,0.738,0.008,1.096,0.733,0.737,0.73,0.732,0.738,0.732,32200,23660
sz160726,嘉实瑞享定开,0.987,-0.001,-0.101,0.986,0.988,0.988,0.991,0.997,0.981,168500,166896
sz160723,嘉实原油LOF,1.436,0.019,1.341,1.435,1.436,1.417,1.434,1.436,1.433,22524572,32317266
sz160722,嘉实惠泽LOF,1.751,0.037,2.159,1.718,1.759,1.714,1.748,1.751,1.748,51200,89498
sz160719,嘉实黄金LOF,1.782,-0.014,-0.78,1.781,1.782,1.796,1.789,1.789,1.777,3468705,6176407
sz160717,H股LOF,0.84,0.003,0.358,0.839,0.841,0.837,0.838,0.843,0.837,404100,339429
sz160716,基本面50LOF,2.129,-0.009,-0.421,2.129,2.137,2.138,2.132,2.136,2.121,43046,91519
sz160706,沪深300LOF,1.192,0.007,0.591,1.191,1.192,1.185,1.184,1.194,1.18,4805270,5726280
sz160644,港美互联网LOF,1.551,0.015,0.977,1.55,1.551,1.536,1.537,1.553,1.534,606665,937432
sz160643,空天军工LOF,1.218,-0.007,-0.571,1.219,1.22,1.225,1.226,1.227,1.212,691720,844885
sz160642,鹏华增瑞LOF,2.104,0.105,5.253,2.037,2.104,1.999,2.104,2.104,2.029,20000,41414
sz160639,高铁LOF,0.968,0.001,0.103,0.964,0.968,0.967,0.969,0.97,0.963,3352,3240
sz160638,带路LOF,2.473,0.058,2.402,2.469,2.473,2.415,2.421,2.475,2.421,92407,227569
sz160637,创业板LOF基金,1.489,0.022,1.5,1.489,1.498,1.467,1.455,1.499,1.455,145959,216360
sz160636,移动互联网,0.0,0.0,0.0,0.0,0.0,1.0,0.0,0.0,0.0,0,0
sz160635,医药LOF基金,1.02,0.007,0.691,1.017,1.022,1.013,1.016,1.022,1.016,9200,9386
sz160634,环保产业基金,0.0,0.0,0.0,0.0,0.0,1.0,0.0,0.0,0.0,0,0
sz160633,券商LOF,1.192,-0.008,-0.667,1.192,1.201,1.2,1.2,1.209,1.19,17688,21279
sz160632,酒LOF,0.367,-0.002,-0.542,0.366,0.367,0.369,0.37,0.37,0.366,3127704,1149761
sz160631,银行LOF基金,1.333,-0.009,-0.671,1.328,1.333,1.342,1.337,1.338,1.328,65755,87567
sz160630,国防LOF,1.022,-0.007,-0.68,1.022,1.027,1.029,1.029,1.029,1.016,228816,233816
sz160629,传媒LOF,1.37,0.037,2.776,1.362,1.37,1.333,1.343,1.374,1.336,310656,424193
sz160628,地产LOF,0.684,-0.001,-0.146,0.684,0.688,0.685,0.687,0.69,0.668,158249,108427
sz160625,证保LOF,0.918,0.001,0.109,0.911,0.918,0.917,0.912,0.918,0.911,34541,31644
sz160620,资源LOF,2.268,0.019,0.845,2.269,2.279,2.249,2.265,2.283,2.265,16903,38383
sz160616,鹏华500LOF,2.101,-0.008,-0.379,2.105,2.12,2.109,2.114,2.123,2.101,2193,4637
sz160615,鹏华300LOF,1.366,0.011,0.812,1.353,1.369,1.355,1.358,1.366,1.358,13673,18654
sz160613,鹏华盛世创新LOF,1.284,-0.007,-0.542,1.284,1.285,1.291,1.291,1.291,1.28,21883,28096
sz160611,鹏华优质治理LOF,1.324,0.0,0.0,1.317,1.324,1.324,1.326,1.327,1.317,53862,71150
sz160610,鹏华动力LOF,1.091,0.006,0.553,1.086,1.094,1.085,1.078,1.095,1.078,124900,135562
sz160607,鹏华价值优势LOF,0.817,0.01,1.239,0.81,0.816,0.807,0.812,0.818,0.81,578200,470042
sz160529,创业板博时定开,1.265,0.026,2.098,1.257,1.266,1.239,1.239,1.27,1.239,376260,471988
sz160527,博时研究优选LOF,1.05,0.016,1.547,1.034,1.05,1.034,1.037,1.051,1.037,119500,125261
sz160526,博时优势企业,1.378,0.02,1.473,1.365,1.378,1.358,1.369,1.378,1.361,12000,16457
sz160518,博时睿远LOF,2.552,0.046,1.836,2.535,2.554,2.506,2.536,2.552,2.532,64711,164294
sz160516,证券指数基金,0.0,0.0,0.0,0.0,0.0,1.0,0.0,0.0,0.0,0,0
sz160515,安丰18定开,1.035,0.001,0.097,1.008,1.032,1.034,1.007,1.035,1.007,10100,10451
sz160512,博时卓越LOF,2.42,0.042,1.766,2.42,2.421,2.378,2.382,2.42,2.381,4000,9616
sz160505,博时主题LOF,1.157,0.008,0.696,1.157,1.159,1.149,1.15,1.16,1.147,4518500,5222442
sz160421,华安智增LOF,2.07,0.059,2.934,2.053,2.07,2.011,2.016,2.08,2.016,123681,254894
sz160420,创业50,0.0,0.0,0.0,0.0,0.0,1.0,0.0,0.0,0.0,0,0
sz160416,石油基金LOF,1.727,0.008,0.465,1.726,1.727,1.719,1.729,1.733,1.726,1349136,2332856
sz160326,优选配置FOF-LOF,0.839,0.009,1.084,0.838,0.843,0.83,0.833,0.839,0.828,156404,131009
sz160325,华夏创业板定开,1.137,0.023,2.065,1.137,1.138,1.114,1.113,1.138,1.113,1232211,1394676
sz160324,华夏磐晟LOF,2.039,0.068,3.45,2.026,2.039,1.971,1.991,2.096,1.991,52012,106738
sz160323,华夏磐泰LOF,1.692,-0.003,-0.177,1.691,1.692,1.695,1.693,1.695,1.691,397576,672952
sz160322,港股精选LOF,1.241,-0.003,-0.241,1.241,1.248,1.244,1.243,1.26,1.241,565102,705406
sz160314,华夏行业LOF,1.402,0.0,0.0,1.402,1.406,1.402,1.392,1.406,1.392,44900,62696
sz160311,华夏蓝筹LOF,1.441,0.017,1.194,1.441,1.442,1.424,1.412,1.442,1.411,572085,818497
sz160225,新能源汽车LOF,1.986,0.038,1.951,1.986,1.992,1.948,1.948,1.999,1.932,715805,1416366
sz160223,创业板LOF,1.776,0.013,0.737,1.776,1.796,1.763,1.763,1.799,1.747,409259,731689
sz160222,食品LOF,0.815,-0.003,-0.367,0.813,0.815,0.818,0.818,0.825,0.812,220416,179585
sz160221,有色金属LOF,1.868,0.038,2.077,1.859,1.868,1.83,1.832,1.87,1.832,493479,920446
sz160220,国泰民益LOF,2.89,0.016,0.557,2.824,2.895,2.874,2.852,2.896,2.828,25006,71850
sz160218,房地产LOF,0.752,-0.002,-0.265,0.75,0.752,0.754,0.749,0.755,0.746,153789,114912
sz160216,国泰商品LOF,0.601,-0.004,-0.661,0.601,0.602,0.605,0.605,0.605,0.596,3165126,1903492
sz160215,国泰价值LOF,2.941,0.046,1.589,2.941,2.948,2.895,2.92,2.972,2.908,216623,637195
sz160212,国泰估值LOF,4.398,0.053,1.22,4.375,4.398,4.345,4.345,4.43,4.345,142384,624816
sz160211,国泰小盘LOF,2.8,0.013,0.466,2.788,2.795,2.787,2.794,2.8,2.785,33490,93465
sz160143,创业板定开南方,1.206,0.009,0.752,1.205,1.209,1.197,1.198,1.21,1.182,101100,121958
sz160142,南方优势产业LOF,1.321,0.013,0.994,1.319,1.321,1.308,1.313,1.323,1.312,91524,120758
sz160140,美国REIT精选LOF,1.297,-0.006,-0.46,1.296,1.297,1.303,1.298,1.298,1.295,1517565,1967275
sz160137,互联基金,0.0,0.0,0.0,0.0,0.0,1.0,0.0,0.0,0.0,0,0
sz160135,高铁基金LOF,1.137,-0.006,-0.525,1.132,1.139,1.143,1.148,1.148,1.13,65100,74685
sz160133,南方天元LOF,4.05,0.06,1.504,4.046,4.05,3.99,4.0,4.055,4.0,562674,2269610
sz160127,南方消费LOF,0.896,0.007,0.787,0.891,0.896,0.889,0.891,0.898,0.891,42379,37874
sz160125,南方香港LOF,1.897,0.003,0.158,1.896,1.897,1.894,1.894,1.905,1.885,1346954,2554802
sz160119,500ETF联接LOF,2.047,0.01,0.491,2.046,2.047,2.037,2.038,2.052,2.038,349138,713757
sz160106,南方高增LOF,1.769,0.019,1.086,1.757,1.77,1.75,1.759,1.772,1.753,83700,147632
sz160105,南方积配LOF,1.442,0.016,1.122,1.442,1.45,1.426,1.439,1.449,1.432,33110,47637
sh506008,科创板长城,1.035,0.012,1.173,1.031,1.035,1.023,1.024,1.039,1.0,6251117,6442786
sh506006,汇添富科创板,1.012,0.011,1.099,1.004,1.012,1.001,1.0,1.016,0.993,3449221,3466984
sh506005,科创板博时,1.186,0.013,1.108,1.186,1.187,1.173,1.167,1.188,1.162,15394733,18162875
sh506003,富国科创板,0.895,0.009,1.016,0.892,0.895,0.886,0.887,0.897,0.88,1183173,1056100
sh506002,易方达科创板,1.366,0.01,0.737,1.366,1.367,1.356,1.356,1.369,1.346,5218021,7100687
sh506001,万家科创板,1.24,0.011,0.895,1.241,1.242,1.229,1.22,1.241,1.22,1580758,1948671
sh506000,科创板基金,0.968,0.018,1.895,0.966,0.967,0.95,0.945,0.972,0.939,29416026,28084074
sh502056,医疗基金LOF,0.756,0.007,0.935,0.755,0.758,0.749,0.751,0.76,0.75,151137,114318
sh502053,券商LOF,1.207,-0.003,-0.248,1.207,1.21,1.21,1.209,1.212,1.205,37087,44787
sh502048,上证50LOF,1.216,0.007,0.579,1.209,1.216,1.209,1.209,1.216,1.209,97400,117964
sh502023,钢铁LOF,1.678,0.008,0.479,1.678,1.688,1.67,1.685,1.712,1.67,74896,126096
sh502013,一带一路LOF,1.405,0.015,1.079,1.391,1.406,1.39,1.39,1.407,1.39,110182,154252
sh502010,证券LOF,1.404,0.006,0.429,1.399,1.404,1.398,1.401,1.408,1.398,68017,95541
sh502006,国企改革LOF,1.504,0.015,1.007,1.492,1.504,1.489,1.493,1.504,1.491,32713,49122
sh502003,军工LOF,1.428,0.001,0.07,1.425,1.427,1.427,1.426,1.43,1.415,93799,133445
sh502000,500增强LOF,1.955,0.018,0.929,1.942,1.955,1.937,1.93,1.958,1.93,215599,420947
sh501312,海外科技LOF,2.015,-0.059,-2.845,2.013,2.014,2.074,2.058,2.068,2.014,37335502,76174356
sh501311,港股通新经济LOF,1.342,0.013,0.978,1.341,1.343,1.329,1.333,1.346,1.322,986150,1320754
sh501310,价值基金LOF,1.274,-0.02,-1.546,1.273,1.277,1.294,1.283,1.294,1.273,6946851,8924233
sh501307,沪港深红利LOF,1.223,-0.01,-0.811,1.222,1.224,1.233,1.235,1.235,1.222,87484,107643
sh501306,港股高股息LOFC,1.206,-0.011,-0.904,1.205,1.208,1.217,1.22,1.22,1.206,313231,379893
sh501305,港股高股息LOF,1.244,-0.013,-1.034,1.244,1.246,1.257,1.26,1.261,1.242,893739,1117858
sh501303,恒生中型股LOF,1.134,0.0,0.0,1.13,1.134,1.134,1.134,1.137,1.13,236000,267457
sh501302,恒生指数基金LOF,1.253,0.001,0.08,1.25,1.253,1.252,1.255,1.258,1.25,387288,485277
sh501301,香港大盘LOF,1.456,-0.002,-0.137,1.457,1.46,1.458,1.469,1.469,1.446,2804325,4079752
sh501300,美元债LOF,0.981,0.0,0.0,0.981,0.982,0.981,0.982,0.982,0.98,7719195,7568316
sh501227,泓德红利优选LOF,1.016,-0.004,-0.392,1.016,1.017,1.02,1.017,1.018,1.015,1025661,1041631
sh501225,全球芯片LOF,1.895,-0.046,-2.37,1.894,1.895,1.941,1.935,1.935,1.866,5225646,9874029
sh501222,如意招享FOF,1.048,0.0,0.0,1.025,1.039,1.048,0.0,0.0,0.0,0,0
sh501220,行业轮动FOF,1.305,0.003,0.23,1.305,1.309,1.302,1.307,1.35,1.301,265657,349243
sh501219,智胜先锋LOF,1.51,0.0,0.0,1.511,1.512,1.51,1.51,1.518,1.506,1355700,2052971
sh501218,工银睿智进取FOF,1.05,0.017,1.646,1.046,1.05,1.033,1.038,1.05,1.038,849600,889083
sh501217,行业配置FOF,0.975,0.012,1.246,0.967,0.975,0.963,0.969,0.975,0.948,75858,73736
sh501216,富国行业精选FOF,0.874,0.011,1.275,0.863,0.872,0.863,0.86,0.874,0.86,51494,44989
sh501215,积极配置FOF,1.038,0.007,0.679,1.038,1.039,1.031,1.034,1.038,1.031,2306050,2389356
sh501213,中欧汇选FOF,0.988,0.0,0.0,0.988,0.998,0.988,0.985,0.988,0.985,263515,260124
sh501212,广发优选配置FOF,0.967,0.003,0.311,0.96,0.967,0.964,0.964,0.968,0.964,50914,49200
sh501211,民生加银优享FOF,1.014,0.003,0.297,1.007,1.014,1.011,1.007,1.016,1.007,43460,43835
sh501210,交银智选星光FOF,1.035,0.006,0.583,1.03,1.035,1.029,1.03,1.036,1.028,119191,122990
sh501209,富久食品饮料LOF,0.61,0.0,0.0,0.6,0.61,0.61,0.615,0.615,0.6,93800,56536
sh501208,中欧创新未来LOF,1.284,0.025,1.986,1.284,1.285,1.259,1.259,1.289,1.259,2676167,3426994
sh501207,华夏创新未来LOF,0.758,0.015,2.019,0.758,0.76,0.743,0.749,0.763,0.747,1017971,769853
sh501206,添富创新未来LOF,0.868,0.011,1.284,0.868,0.87,0.857,0.862,0.876,0.859,876817,761269
sh501205,鹏华创新未来LOF,0.745,-0.005,-0.667,0.742,0.744,0.75,0.741,0.749,0.73,2259097,1676833
sh501203,易基创新未来LOF,1.317,0.002,0.152,1.312,1.317,1.315,1.303,1.317,1.289,4963145,6458475
sh501202,华泰创新先锋LOF,1.202,0.009,0.754,1.194,1.208,1.193,1.198,1.208,1.189,839956,1008100
sh501201,科创红土LOF,1.374,-0.015,-1.08,1.363,1.376,1.389,1.367,1.378,1.34,599004,810635
sh501200,科创加银LOF,0.964,-0.001,-0.104,0.964,0.969,0.965,0.965,0.969,0.943,7104,6843
sh501189,嘉实产业优选LOF,0.976,-0.007,-0.712,0.974,0.985,0.983,0.978,0.978,0.975,39000,38067
sh501188,添富核心精选LOF,1.037,0.016,1.567,1.037,1.044,1.021,1.027,1.044,1.025,842140,873949
sh501186,华夏兴融LOF,0.758,0.001,0.132,0.751,0.758,0.757,0.751,0.759,0.751,17400,13109
sh501099,平安新兴产业LOF,2.532,-0.023,-0.9,2.532,2.552,2.555,2.548,2.567,2.403,428873,1087646
sh501098,科创建信LOF,1.523,0.015,0.995,1.524,1.527,1.508,1.512,1.523,1.512,6000,9092
sh501097,科创国寿LOF,1.64,0.021,1.297,1.618,1.64,1.619,1.604,1.64,1.59,32248,52313
sh501096,国联安科创LOF,1.11,0.004,0.362,1.103,1.11,1.106,1.095,1.122,1.076,516397,570697
sh501095,中银证券科技创新LOF,0.855,0.006,0.707,0.851,0.854,0.849,0.847,0.856,0.831,626579,531644
sh501093,华夏翔阳LOF,1.291,0.002,0.155,1.291,1.293,1.289,1.277,1.295,1.277,236500,305317
sh501092,交银瑞思LOF,1.312,-0.006,-0.455,1.311,1.318,1.318,1.312,1.312,1.312,26000,34112
sh501091,嘉实欣荣LOF,0.984,0.002,0.204,0.979,0.99,0.982,0.977,0.984,0.977,5154,5045
sh501090,消费龙头LOF,1.273,-0.003,-0.235,1.273,1.276,1.276,1.276,1.277,1.269,835128,1062706
sh501089,消费红利增强LOF,1.202,-0.006,-0.497,1.202,1.206,1.208,1.209,1.211,1.2,891285,1072628
sh501088,嘉实瑞虹,0.811,0.009,1.122,0.811,0.812,0.802,0.809,0.814,0.803,250400,202841
sh501087,交银瑞丰LOF,1.202,-0.008,-0.661,1.202,1.211,1.21,1.205,1.205,1.202,22200,26691
sh501085,财通科创LOF,2.173,0.013,0.602,2.161,2.173,2.16,2.165,2.18,2.165,30206,65746
sh501083,科创银华LOF,1.876,0.021,1.132,1.87,1.878,1.855,1.86,1.884,1.856,137776,258568
sh501082,科创投资LOF,2.695,0.04,1.507,2.607,2.695,2.655,2.642,2.698,2.615,344257,917897
sh501081,科创中欧LOF,3.016,0.03,1.005,3.014,3.026,2.986,2.986,3.047,2.971,195000,586240
sh501080,科创主题投资基金LOF,1.428,0.001,0.07,1.427,1.428,1.427,1.414,1.434,1.404,110083,156669
sh501079,科创大成LOF,2.979,0.037,1.258,2.964,2.978,2.942,2.941,2.981,2.932,412600,1221661
sh501073,华安智联LOF,1.58,0.02,1.282,1.569,1.58,1.56,1.555,1.58,1.552,45562,71360
sh501071,泓德丰泽LOF,1.138,0.0,0.0,1.138,1.142,1.138,1.14,1.141,1.138,13000,14805
sh501070,广发睿阳,1.098,0.008,0.734,1.09,1.098,1.09,1.09,1.099,1.09,41600,45353
sh501065,经典成长,1.307,0.023,1.791,1.291,1.307,1.284,1.284,1.308,1.265,219900,281065
sh501064,国泰价值LOF,2.37,0.021,0.894,2.356,2.37,2.349,2.351,2.37,2.351,20575,48680
sh501062,南方瑞合LOF,1.97,0.008,0.408,1.964,1.97,1.962,1.968,1.971,1.961,1141327,2242980
sh501061,金选300C类LOF,2.249,-0.006,-0.266,2.25,2.269,2.255,2.249,2.249,2.249,2200,4948
sh501060,金选300A类LOF,2.302,0.005,0.218,2.3,2.302,2.297,2.295,2.31,2.294,215895,496180
sh501059,国企红利LOF,2.11,0.003,0.142,2.09,2.11,2.107,2.11,2.111,2.088,81761,171441
sh501058,新能源车LOFC,2.348,0.028,1.207,2.344,2.348,2.32,2.326,2.37,2.32,524734,1229806
sh501057,新能源车LOF,2.389,0.025,1.058,2.389,2.39,2.364,2.364,2.425,2.364,2533990,6061664
sh501053,东方红目标优选,1.07,0.0,0.0,1.06,1.075,1.07,1.074,1.074,1.07,20900,22404
sh501051,圆信永丰汇利LOF,2.008,-0.007,-0.347,2.005,2.025,2.015,2.055,2.055,2.003,42900,86401
sh501050,50AHLOF,1.692,0.004,0.237,1.691,1.692,1.688,1.688,1.696,1.686,868755,1470010
sh501048,证券公司LOFC,1.234,0.003,0.244,1.233,1.245,1.231,1.231,1.248,1.231,16043,19872
sh501047,证券公司LOF,1.242,0.002,0.161,1.234,1.247,1.24,1.243,1.249,1.24,9001,11185
sh501046,财通福鑫定开混合,3.891,-0.003,-0.077,3.894,3.895,3.894,3.831,3.928,3.82,1721797,6687816
sh501045,沪深300LOFC,1.536,0.015,0.986,1.534,1.536,1.521,1.517,1.536,1.517,272190,417078
sh501043,沪深300LOF,1.557,0.005,0.322,1.556,1.56,1.552,1.552,1.565,1.542,297284,463071
sh501038,银华明择,1.91,0.013,0.685,1.9,1.91,1.897,1.897,1.91,1.896,119335,226564
sh501037,中证500LOFC,1.367,-0.003,-0.219,1.366,1.375,1.37,1.373,1.374,1.367,23895,32815
sh501036,中证500LOF,1.394,0.002,0.144,1.39,1.399,1.392,1.385,1.399,1.385,50926,71001
sh501032,财通福盛混合LOF,1.594,0.006,0.378,1.578,1.592,1.588,1.601,1.601,1.576,18888,29890
sh501031,环境治理LOFC,0.563,-0.001,-0.177,0.561,0.565,0.564,0.567,0.568,0.561,44200,24853
sh501030,环境治理LOF,0.575,0.0,0.0,0.575,0.576,0.575,0.575,0.579,0.575,103000,59392
sh501029,红利基金LOF,1.72,-0.003,-0.174,1.719,1.72,1.723,1.727,1.727,1.715,88866,152812
sh501028,财通福瑞混合LOF,1.444,0.018,1.262,1.425,1.444,1.426,1.46,1.46,1.413,36901,52691
sh501026,财通福享混合LOF,1.395,-0.003,-0.215,1.378,1.394,1.398,1.397,1.4,1.356,120402,166185
sh501025,香港银行LOF,1.559,-0.029,-1.826,1.558,1.559,1.588,1.588,1.589,1.556,15044544,23553597
sh501023,港中小企LOF,1.185,0.0,0.0,0.0,0.0,1.185,0.0,0.0,0.0,0,0
sh501022,银华鑫盛LOF,2.648,0.024,0.915,2.624,2.648,2.624,2.629,2.648,2.612,29919,78575
sh501021,香港中小LOF,1.555,0.003,0.193,1.555,1.559,1.552,1.555,1.564,1.551,344600,536328
sh501019,军工基金LOF,1.303,-0.004,-0.306,1.304,1.31,1.307,1.307,1.312,1.296,2354593,3068044
sh501018,南方原油LOF,1.217,0.015,1.248,1.217,1.218,1.202,1.217,1.22,1.215,37140663,45179817
sh501017,国泰融丰LOF,1.307,0.0,0.0,1.309,1.319,1.307,1.308,1.318,1.306,26477,34655
sh501016,券商基金LOF,1.334,-0.004,-0.299,1.333,1.334,1.338,1.331,1.345,1.327,169276,226128
sh501015,财通升级混合LOF,2.145,0.018,0.846,2.145,2.146,2.127,2.127,2.148,2.106,488800,1042367
sh501012,中药基金LOFC,1.093,-0.005,-0.455,1.091,1.093,1.098,1.097,1.097,1.092,275600,301765
sh501011,中药基金LOF,1.126,-0.002,-0.177,1.125,1.126,1.128,1.149,1.149,1.123,321300,362698
sh501010,生物科技LOFC,1.41,0.018,1.293,1.41,1.416,1.392,1.395,1.416,1.395,43201,60926
sh501009,生物科技LOF,1.44,0.017,1.195,1.432,1.441,1.423,1.423,1.444,1.423,244400,351873
sh501008,互联网医疗LOFC,0.946,0.005,0.531,0.941,0.942,0.941,0.936,0.95,0.936,52252,49466
sh501007,互联网医疗LOF,0.964,-0.004,-0.413,0.962,0.97,0.968,0.969,0.972,0.961,103100,99840
sh501005,精准医疗LOF,1.11,0.017,1.555,1.106,1.11,1.093,1.102,1.12,1.098,466200,518465
sh501001,财通精选混合LOF,1.494,-0.002,-0.134,1.474,1.495,1.496,1.483,1.495,1.483,30765,45690
