商品,日期,总库存,增持/减持,总价值,单价
白银,2014-12-02,10891.14,68.54,5505643206,505515.79
白银,2014-12-03,10806.2,-84.94,5614273871,519541.92
白银,2014-12-05,10737.66,-68.54,5626921446,524036.1
白银,2014-12-11,10648.28,-89.38,5839725280,548419.58
白银,2014-12-13,10606.57,-41.71,5820097631,548725.71
白银,2014-12-18,10544.01,-62.56,5405691548,512678.91
白银,2014-12-20,10517.2,-26.81,5361361676,509770.82
白银,2014-12-25,10281.87,-235.33,5211246923,506838.44
白银,2014-12-27,10268.46,-13.41,5204307855,506824.57
白银,2014-12-30,10250.59,-17.87,5270832262,514197.94
白银,2015-01-06,10245.96,-4.63,5230759004,510519.17
白银,2015-01-07,10216.18,-29.78,5350149359,523693.72
白银,2015-01-09,10260.85,44.67,5399790967,526251.82
白银,2015-01-10,10201.29,-59.56,5325731148,522064.48
白银,2015-01-16,10150.66,-50.63,5429469240,534888.3
白银,2015-01-17,10108.97,-41.69,5563096006,550312.84
白银,2015-01-22,9899.04,-209.93,5797177434,585630.27
白银,2015-01-23,9931.8,32.76,5771581247,581121.37
白银,2015-02-03,9967.53,35.73,5515899119,553386.76
白银,2015-02-05,9963.31,-4.22,5634344896,565509.34
白银,2015-02-19,10086.84,123.53,5323651452,527781.89
白银,2015-02-24,10131.48,44.64,5275194062,520673.59
白银,2015-03-03,10143.39,11.91,5421110015,534447.56
白银,2015-03-04,10139.5,-3.89,5352577300,527893.61
白银,2015-03-06,10181.17,41.67,5299139146,520484.3
白银,2015-03-21,10163.32,-17.85,5282252929,519736.95
白银,2015-03-24,10118.69,-44.63,5441015207,537719.33
白银,2015-03-27,10074.06,-44.63,5546341098,550556.69
白银,2015-04-02,10014.56,-59.5,5342548189,533478.07
白银,2015-04-03,10010.34,-4.22,5419638149,541404.0
白银,2015-04-11,10084.7,74.36,5365280371,532021.81
白银,2015-04-14,10105.52,20.82,5285166598,522997.99
白银,2015-04-21,10150.14,44.62,5249255033,517160.85
白银,2015-04-24,10209.61,59.47,5204311301,509746.34
白银,2015-04-25,10239.35,29.74,5209528001,508775.26
白银,2015-04-28,10283.96,44.61,5235323047,509076.57
白银,2015-04-29,10191.78,-92.18,5345587676,524499.91
白银,2015-05-07,10125.13,-66.65,5341516791,527550.44
白银,2015-05-08,10035.93,-89.2,5275022047,525613.67
白银,2015-05-14,10065.66,29.73,5387302519,535216.02
白银,2015-05-15,9976.46,-89.2,5580046132,559321.26
白银,2015-05-16,9925.92,-50.54,5503826371,554490.3
白银,2015-05-19,9888.76,-37.16,5626058636,568934.69
白银,2015-05-27,9857.54,-31.22,5319289544,539616.33
白银,2015-05-28,9862.0,4.46,5280404392,535429.36
白银,2015-06-03,9900.65,38.65,5313387803,536670.6
白银,2015-06-04,9896.37,-4.28,5313387803,536902.7
白银,2015-06-05,9940.95,44.58,5263670041,529493.66
白银,2015-06-09,10046.46,105.51,5186825405,516283.89
白银,2015-06-10,10082.12,35.66,5227859466,518527.8
白银,2015-06-11,10168.31,86.19,5272483584,518521.13
白银,2015-06-12,10198.03,29.72,5202576152,510155.02
白银,2015-06-26,10206.94,8.91,5212751615,510706.6
白银,2015-06-27,10236.66,29.72,5188366094,506841.69
白银,2015-06-28,10088.09,-148.57,5132430690,508761.39
白银,2015-06-30,10068.78,-19.31,5122390423,508739.93
白银,2015-07-01,10119.29,50.51,5105731730,504554.34
白银,2015-07-03,10115.01,-4.28,5076314071,501859.52
白银,2015-07-09,10156.6,41.59,4894314054,481885.08
白银,2015-07-14,10189.28,32.68,5060412183,496640.8
白银,2015-07-18,10227.9,38.62,4934632715,482467.83
白银,2015-07-28,10165.53,-62.37,4799282891,472113.4
白银,2015-08-04,10150.68,-14.85,4804866766,473354.18
白银,2015-08-05,10146.24,-4.44,4742821188,467446.19
白银,2015-08-13,10107.64,-38.6,4990722322,493757.43
白银,2015-08-29,10137.33,29.69,4704452116,464072.11
白银,2015-09-02,10110.61,-26.72,4769806415,471762.48
白银,2015-09-03,10106.24,-4.37,4730750305,468101.92
白银,2015-09-05,10058.74,-47.5,4750428890,472268.78
白银,2015-09-10,10017.19,-41.55,4756242706,474808.08
白银,2015-09-15,9981.57,-35.62,4629895477,463844.41
白银,2015-09-23,9928.16,-53.41,4767380700,480187.74
白银,2015-09-26,9898.48,-29.68,4705260023,475351.77
白银,2015-09-29,9871.77,-26.71,4663735312,472431.52
白银,2015-10-01,9907.38,35.61,4664510365,470811.69
白银,2015-10-03,9903.21,-4.17,4594322560,463922.56
白银,2015-10-07,9855.74,-47.47,4964960912,503763.38
白银,2015-10-08,9802.33,-53.41,4985259445,508579.03
白银,2015-10-21,9814.2,11.87,5003022767,509773.88
白银,2015-10-30,9783.06,-31.14,4973941550,508423.9
白银,2015-11-01,9760.81,-22.25,4902933426,502308.05
白银,2015-11-04,9756.57,-4.24,4824214161,494458.01
白银,2015-11-13,9801.05,44.48,4533671117,462569.94
白银,2015-11-17,9867.78,66.73,4554773885,461580.4
白银,2015-11-21,9897.43,29.65,4545941326,459305.23
白银,2015-12-02,9928.86,31.43,4513652798,454599.3
白银,2015-12-04,10000.01,71.15,4542660786,454265.62
白银,2015-12-11,10062.27,62.26,4502565255,447470.13
白银,2015-12-18,10017.81,-44.46,4450029541,444211.81
白银,2015-12-22,9988.17,-29.64,4571488137,457690.26
白银,2015-12-23,9962.97,-25.2,4588720164,460577.54
白银,2015-12-24,9918.52,-44.45,4526719595,456390.63
白银,2015-12-31,9888.88,-29.64,4391943604,444129.53
白银,2016-01-05,9884.62,-4.26,4452049092,450401.64
白银,2016-01-07,9840.17,-44.45,4438233920,451032.24
白银,2016-01-15,9795.73,-44.44,4345267031,443587.87
白银,2016-01-19,9754.25,-41.48,4398755274,450957.82
白银,2016-01-21,9692.04,-62.21,4364338888,450301.37
白银,2016-01-25,9662.41,-29.63,4415991204,457027.93
白银,2016-01-28,9626.86,-35.55,4201469886,436432.01
白银,2016-02-02,9622.82,-4.04,4411649801,458457.06
白银,2016-02-03,9610.97,-11.85,4452507278,463273.46
白银,2016-02-10,9591.72,-19.25,4662098603,486054.49
白银,2016-02-12,9710.19,118.47,4881899533,502760.45
白银,2016-02-17,9671.69,-38.5,4740936362,490186.96
白银,2016-02-22,9692.42,20.73,4672870454,482115.97
白银,2016-03-02,9777.39,84.97,4658547063,476461.21
白银,2016-03-03,9946.17,168.78,4786867002,481277.42
白银,2016-03-04,10035.0,88.83,4977965205,496060.31
白银,2016-03-10,10076.45,41.45,4946284024,490875.66
白银,2016-03-11,10135.66,59.21,5050236452,498264.19
白银,2016-03-18,10218.55,82.89,5235616223,512363.91
白银,2016-03-21,10274.8,56.25,5221282618,508163.92
白银,2016-03-22,10230.39,-44.41,5224954082,510728.73
白银,2016-03-28,10257.03,26.64,5036987758,491076.63
白银,2016-03-29,10276.27,19.24,4973684809,483997.09
白银,2016-03-31,10344.35,68.08,5112934270,494273.13
白银,2016-04-04,10378.53,34.18,4991536293,480948.29
白银,2016-04-05,10411.09,32.56,5084113278,488336.31
白银,2016-04-08,10455.48,44.39,5095500850,487352.17
白银,2016-04-13,10396.29,-59.19,5340383216,513681.63
白银,2016-04-15,10366.7,-29.59,5388359324,519775.76
白银,2016-04-19,10411.09,44.39,5561766190,534215.55
白银,2016-04-27,10437.72,26.63,5816990240,557304.68
白银,2016-04-29,10482.1,44.38,6015132285,573848.02
白银,2016-05-02,10538.31,56.21,6047156697,573826.04
白银,2016-05-04,10490.0,-48.31,5793820167,552318.41
白银,2016-05-05,10454.5,-35.5,5841355378,558740.77
白银,2016-05-10,10421.95,-32.55,5708849064,547771.68
白银,2016-05-20,10451.53,29.58,5562978907,532264.55
白银,2016-05-23,10442.66,-8.87,5474091699,524204.72
白银,2016-06-02,10491.18,48.52,5389897054,513755.08
白银,2016-06-07,10535.54,44.36,5524093765,524329.44
白银,2016-06-10,10587.29,51.75,5894790275,556779.9
白银,2016-06-14,10661.21,73.92,5911637602,554499.69
白银,2016-06-17,10492.67,-168.54,5858405051,558333.11
白银,2016-06-20,10403.97,-88.7,5796922054,557183.66
白银,2016-06-21,10359.63,-44.34,5780452767,557978.69
白银,2016-06-23,10333.02,-26.61,5742189518,555712.61
白银,2016-06-27,10350.76,17.74,5888167836,568863.33
白银,2016-06-28,10374.41,23.65,5858185230,564676.47
白银,2016-07-05,10471.1,96.69,6641742983,634292.77
白银,2016-07-06,10620.38,149.28,6975364020,656790.44
白银,2016-07-12,10679.5,59.12,6986166314,654166.05
白银,2016-07-13,10842.07,162.57,7071519818,652229.68
白银,2016-07-28,10877.53,35.46,7135203336,655958.05
白银,2016-08-01,10915.95,38.42,7195123110,659138.52
白银,2016-08-02,10911.57,-4.38,7265187847,665824.24
白银,2016-08-08,10941.12,29.55,6914923885,632012.43
白银,2016-08-17,10988.39,47.27,6912145024,629040.74
白银,2016-08-18,11056.34,67.95,7029452832,635784.79
白银,2016-08-22,11159.74,103.4,6782679331,607781.12
白银,2016-08-25,11100.66,-59.08,6600155197,594573.22
白银,2016-08-29,11130.2,29.54,6678195342,600006.77
白银,2016-08-31,11189.28,59.08,6738655006,602242.06
白银,2016-09-02,11184.37,-4.91,6742053011,602810.26
白银,2016-09-06,11246.4,62.03,7086419291,630105.57
白银,2016-09-07,11281.84,35.44,7224726860,640385.51
白银,2016-09-12,11231.64,-50.2,6758759212,601760.67
白银,2016-09-13,11272.98,41.34,6943022487,615899.48
白银,2016-09-19,11305.47,32.49,6947929993,614563.57
白银,2016-09-23,11337.95,32.48,7222678534,637035.67
白银,2016-09-28,11287.75,-50.2,6936166418,614486.18
白银,2016-09-30,11270.04,-17.71,7008425684,621863.43
白银,2016-10-04,11265.41,-4.63,6787081602,602470.89
白银,2016-10-05,11206.36,-59.05,6412737268,572240.88
白银,2016-10-10,11232.93,26.57,6420289056,571559.61
白银,2016-10-14,11268.35,35.42,6327883429,561562.56
白银,2016-10-19,11294.92,26.57,6422263002,568597.48
白银,2016-10-21,11395.28,100.36,6413220436,562796.21
白银,2016-10-27,11218.19,-177.09,6367099501,567569.23
白银,2016-11-01,11235.9,17.71,6586239594,586178.2
白银,2016-11-02,11148.6,-87.3,6645220278,596058.72
白银,2016-11-09,11178.11,29.51,6759217527,604683.4
白银,2016-11-10,11136.79,-41.32,6712657250,602746.15
白银,2016-11-11,11095.48,-41.31,6630584555,597593.3
白银,2016-11-14,11080.73,-14.75,6124520611,552718.15
白银,2016-11-18,10891.89,-188.84,5779918553,530662.59
白银,2016-11-22,10796.0,-95.89,5815478439,538669.73
白银,2016-11-25,10766.5,-29.5,5697229795,529162.66
白银,2016-12-02,10761.66,-4.84,5656868307,525650.16
白银,2016-12-08,10664.32,-97.34,5872665668,550683.56
白银,2016-12-13,10608.28,-56.04,5800476389,546787.64
白银,2016-12-15,10534.54,-73.74,5465328877,518800.9
白银,2016-12-16,10575.83,41.29,5456078997,515900.78
白银,2016-12-20,10552.24,-23.59,5358790669,507834.42
白银,2016-12-22,10581.73,29.49,5363417979,506856.44
白银,2016-12-27,10617.12,35.39,5370754336,505857.93
白银,2017-01-04,10612.51,-4.61,5602201375,527886.56
白银,2017-01-11,10524.06,-88.45,5680158952,539730.76
白银,2017-01-24,10494.58,-29.48,5769512166,549761.13
白银,2017-01-26,10420.88,-73.7,5646743382,541868.19
白银,2017-01-27,10444.47,23.59,5605721122,536716.67
白银,2017-02-01,10414.99,-29.48,5890871556,565614.71
白银,2017-02-02,10410.74,-4.25,5927609303,569374.44
白银,2017-02-21,10428.42,17.68,5996482827,575013.55
白银,2017-03-02,10424.54,-3.88,6143255348,589307.09
白银,2017-03-03,10350.88,-73.66,5876793762,567757.89
白银,2017-03-08,10303.74,-47.14,5763494935,559359.51
白银,2017-03-09,10268.39,-35.35,5657803018,550992.22
白银,2017-03-14,10303.74,35.35,5630521821,546454.18
白银,2017-03-20,10342.04,38.3,5727458438,553803.55
白银,2017-03-28,10377.38,35.34,5983282879,576569.7
白银,2017-03-29,10291.97,-85.41,5996804742,582668.31
白银,2017-03-31,10274.29,-17.68,5963217209,580401.88
白银,2017-04-04,10241.9,-32.39,6036279020,589371.02
白银,2017-04-05,10237.66,-4.24,6009839938,587032.58
白银,2017-04-06,10208.21,-29.45,5979340021,585738.34
白银,2017-04-18,10178.76,-29.45,6026551323,592071.27
白银,2017-04-19,10149.32,-29.44,5943769197,585632.26
白银,2017-04-21,10119.87,-29.45,5848271656,577899.88
白银,2017-04-25,10181.7,61.83,5837864690,573368.37
白银,2017-04-26,10272.97,91.27,5807563732,565324.7
白银,2017-05-01,10308.3,35.33,5767492983,559499.92
白银,2017-05-02,10417.23,108.93,5674320645,544705.32
白银,2017-05-03,10412.74,-4.49,5640765166,541717.66
白银,2017-05-10,10531.96,119.22,5515200566,523663.27
白银,2017-05-12,10605.55,73.59,5556999242,523970.87
白银,2017-05-16,10649.7,44.15,5723636814,537445.83
白银,2017-05-18,10693.85,44.15,5778155369,540325.08
白银,2017-05-24,10634.99,-58.86,5821090144,547352.67
白银,2017-05-26,10605.56,-29.43,5893470432,555696.3
白银,2017-06-02,10601.17,-4.39,5858799952,552655.98
白银,2017-06-05,10562.91,-38.26,5949486901,563243.17
白银,2017-06-15,10457.0,-105.91,5667127707,541945.85
白银,2017-06-20,10504.07,47.07,5601074509,533228.98
白银,2017-06-22,10571.73,67.66,5633612399,532894.09
白银,2017-06-28,10551.14,-20.59,5690016425,539279.78
白银,2017-06-30,10562.9,11.76,5590930271,529298.8
白银,2017-07-05,10558.43,-4.47,5414028675,512768.34
白银,2017-07-06,10629.03,70.6,5470657481,514690.19
白银,2017-07-10,10720.2,91.17,5245008495,489264.05
白银,2017-07-11,10793.73,73.53,5381553236,498581.42
白银,2017-07-12,10855.49,61.76,5523961209,508863.37
白银,2017-07-18,10826.08,-29.41,5626882756,519752.56
白银,2017-07-20,10796.67,-29.41,5614911351,520059.55
白银,2017-07-24,10752.56,-44.11,5702279185,530318.29
白银,2017-07-25,10693.75,-58.81,5605678406,524201.37
白银,2017-07-28,10658.47,-35.28,5725070395,537138.11
白银,2017-07-29,10693.75,35.28,5626230346,526123.24
白银,2017-07-31,10629.07,-64.68,5718157322,537973.44
白银,2017-08-02,10592.33,-36.74,5676833528,535938.13
白银,2017-08-04,10562.93,-29.4,5671109298,536887.9
白银,2017-08-11,10445.33,-117.6,5738401568,549374.85
白银,2017-08-18,10401.24,-44.09,5690296841,547078.7
白银,2017-08-25,10363.03,-38.21,5638853508,544131.74
白银,2017-08-31,10318.94,-44.09,5750331209,557259.87
白银,2017-09-01,10304.24,-14.7,5795066173,562396.27
白银,2017-09-05,10299.95,-4.29,5920586069,574816.97
白银,2017-09-06,10202.97,-96.98,5828670338,571271.93
白银,2017-09-07,10173.58,-29.39,5818342194,571907.06
白银,2017-09-18,10141.26,-32.32,5714200346,563460.59
白银,2017-09-19,10173.58,32.32,5818342194,571907.06
白银,2017-09-20,10141.26,-32.32,5714200346,563460.59
白银,2017-09-21,10106.0,-35.26,5505644903,544789.72
白银,2017-09-25,10163.29,57.29,5536565483,544761.14
白银,2017-10-03,10158.88,-4.41,5424860434,534001.82
白银,2017-10-05,10129.51,-29.37,5425306753,535594.19
白银,2017-10-09,10167.69,38.18,5530458428,543924.77
白银,2017-10-11,10132.44,-35.25,5586057108,551304.24
白银,2017-10-16,10023.77,-108.67,5609540042,559623.78
白银,2017-10-19,9994.39,-29.38,5469161816,547223.17
白银,2017-10-23,9962.09,-32.3,5441569106,546227.66
白银,2017-10-30,9926.85,-35.24,5338815562,537815.68
白银,2017-11-02,9922.58,-4.27,5448684338,549119.72
白银,2017-11-07,9893.21,-29.37,5408331995,546671.1
白银,2017-11-24,9863.86,-29.35,5405292039,547989.53
白银,2017-11-30,9904.95,41.09,5274518500,532513.39
白银,2017-12-01,9928.44,23.49,5239075232,527683.63
白银,2017-12-04,9924.22,-4.22,5210143528,524992.75
白银,2017-12-05,10006.4,82.18,5238743242,523539.26
白银,2017-12-07,10041.63,35.23,5135973914,511468.15
白银,2017-12-08,10088.59,46.96,5132354262,508728.6
白银,2017-12-11,10117.94,29.35,5150328992,509029.41
白银,2017-12-12,10161.96,44.02,5154701365,507254.64
白银,2017-12-13,10194.24,32.28,5146427632,504836.81
白银,2017-12-14,10150.22,-44.02,5223662362,514635.38
白银,2017-12-22,10126.74,-23.48,5264725277,519883.52
白银,2017-12-27,10101.8,-24.94,5356947985,530296.38
白银,2017-12-28,10060.72,-41.08,5412712910,538004.53
白银,2017-12-29,9972.7,-88.02,5405341943,542013.89
白银,2018-01-03,9968.64,-4.06,5488326095,550559.16
白银,2018-01-04,9904.09,-64.55,5454304202,550712.3
白银,2018-01-08,9877.69,-26.4,5452165553,551967.67
白银,2018-01-10,9839.55,-38.14,5419890819,550827.1
白银,2018-01-18,9813.15,-26.4,5390555703,549319.61
白银,2018-01-22,9772.08,-41.07,5350416684,547520.76
白银,2018-01-23,9736.88,-35.2,5313847863,545744.41
白银,2018-01-25,9763.28,26.4,5497617005,563091.2
白银,2018-01-31,9736.88,-26.4,5391516026,553721.11
白银,2018-02-02,9732.72,-4.16,5361636284,550887.76
白银,2018-02-05,9767.91,35.19,5299152245,542506.25
白银,2018-02-21,9806.03,38.12,5179968256,528243.16
白银,2018-02-23,9847.08,41.05,5256919034,533855.62
白银,2018-03-02,9893.07,45.99,5230513727,528704.81
白银,2018-03-12,9922.39,29.32,5248483412,528953.55
白银,2018-03-19,9942.9,20.51,5204489100,523437.74
白银,2018-03-23,9893.08,-49.82,5256043644,531284.86
白银,2018-03-29,9922.39,29.31,5191432801,523203.87
白银,2018-04-03,9918.19,-4.2,5267640131,531109.02
白银,2018-04-05,9959.22,41.03,5220443187,524181.93
白银,2018-04-19,9885.97,-73.25,5463913570,552693.72
白银,2018-04-20,9850.82,-35.15,5417482391,549952.43
白银,2018-04-23,9806.87,-43.95,5337908167,544302.94
白银,2018-04-24,9856.67,49.8,5257205463,533365.27
白银,2018-05-02,10045.85,189.18,5280604591,525650.35
白银,2018-05-04,10083.92,38.07,5321549381,527726.26
白银,2018-05-07,10054.63,-29.29,5305872301,527704.38
白银,2018-05-11,9966.77,-87.86,5369760562,538766.38
白银,2018-05-14,9940.41,-26.36,5318583232,535046.67
白银,2018-05-16,9998.98,58.57,5224408602,522494.15
白银,2018-05-17,10013.62,14.64,5273842516,526666.93
白银,2018-05-18,9984.34,-29.28,5259947933,526819.79
白银,2018-05-25,9952.13,-32.21,5332059258,535770.66
白银,2018-05-30,10016.55,64.42,5269607984,526090.12
白银,2018-06-04,10032.78,16.23,5302618789,528529.36
白银,2018-06-07,9974.23,-58.55,5369257872,538313.02
白银,2018-06-08,9930.31,-43.92,5337559946,537501.84
白银,2018-06-12,9868.83,-61.48,5347052931,541812.24
白银,2018-06-13,9824.92,-43.91,5338977197,543411.77
白银,2018-06-15,9769.3,-55.62,5409108032,553684.3
白银,2018-06-20,9842.48,73.18,5151814627,523426.48
白银,2018-06-21,9933.22,90.74,5186480051,522134.82
白银,2018-06-22,9962.49,29.27,5259351350,527915.35
白银,2018-06-25,9933.22,-29.27,5227709877,526285.52
白银,2018-06-28,9965.42,32.2,5159541648,517744.53
白银,2018-06-29,10029.81,64.39,5167024388,515166.73
白银,2018-07-03,10072.4,42.59,5158484535,512140.56
白银,2018-07-05,10087.04,14.64,5172323852,512769.24
白银,2018-07-09,10113.38,26.34,5268460290,520939.62
白银,2018-07-11,10130.93,17.55,5183007026,511602.29
白银,2018-07-12,10163.12,32.19,5174900253,509184.21
白银,2018-07-16,10198.24,35.12,5182663447,508191.95
白银,2018-07-17,10164.59,-33.65,5152415988,506898.56
白银,2018-07-19,10188.0,23.41,4997093230,490488.15
白银,2018-07-20,10231.89,43.89,5054743687,494018.57
白银,2018-07-25,10211.41,-20.48,5108295137,500253.65
白银,2018-07-26,10246.51,35.1,5115911541,499283.32
白银,2018-08-02,10242.13,-4.38,5087426085,496715.63
白银,2018-08-06,10274.31,32.18,5068448488,493312.79
白银,2018-08-07,10215.81,-58.5,5078928959,497163.61
白银,2018-08-10,10177.78,-38.03,5030363319,494249.56
白银,2018-08-16,10236.28,58.5,4805460882,469453.83
白银,2018-08-30,10259.67,23.39,4835310612,471293.0
白银,2018-09-05,10255.1,-4.57,4671648222,455543.9
白银,2018-09-06,10348.67,93.57,4745819330,458592.2
白银,2018-09-10,10377.9,29.23,4742287379,456960.21
白银,2018-09-13,10418.84,40.94,4764149637,457262.96
白银,2018-09-20,10471.46,52.62,4789442906,457380.62
白银,2018-09-25,10420.3,-51.16,4785810021,459277.57
白银,2018-09-26,10374.99,-45.31,4826637124,465218.48
白银,2018-09-27,10358.91,-16.08,4800771326,463443.68
白银,2018-10-02,10354.72,-4.19,4828758536,466334.05
白银,2018-10-03,10413.18,58.46,4932956323,473722.37
白银,2018-10-04,10372.26,-40.92,4878488119,470339.94
白银,2018-10-08,10354.73,-17.53,4815041529,465008.89
白银,2018-10-18,10389.79,35.06,4847388714,466553.1
白银,2018-10-22,10404.4,14.61,4892408962,470225.0
白银,2018-10-23,10316.74,-87.66,4879301714,472949.95
白银,2018-10-24,10275.83,-40.91,4868073476,473740.17
白银,2018-10-29,10217.39,-58.44,4736570528,463579.3
白银,2018-11-01,10185.25,-32.14,4729722443,464369.79
白银,2018-11-02,10180.82,-4.43,4803367167,471805.53
白银,2018-11-05,10139.92,-40.9,4791891163,472576.82
白银,2018-11-08,10131.15,-8.77,4670292521,460983.45
白银,2018-11-12,10101.94,-29.21,4548029037,450213.43
白银,2018-11-13,10091.71,-10.23,4531743932,449056.1
白银,2018-11-20,10109.24,17.53,4685431023,463480.05
白银,2018-11-27,10037.68,-71.56,4567333625,455018.85
白银,2018-11-28,10043.52,5.84,4604405333,458445.38
白银,2018-11-30,10005.56,-37.96,4625343453,462277.32
白银,2018-12-04,10001.4,-4.16,4583038943,458239.74
白银,2018-12-06,9913.79,-87.61,4616443404,465658.78
白银,2018-12-17,9884.59,-29.2,4656170776,471053.51
白银,2018-12-19,9907.95,23.36,4682884323,472639.07
白银,2018-12-20,9864.15,-43.8,4657448995,472159.18
白银,2018-12-24,9867.07,2.92,4653750549,471644.63
白银,2019-01-03,9863.08,-3.99,4979869781,504900.07
白银,2019-01-07,9790.1,-72.98,4922288185,502782.22
白银,2019-01-09,9755.07,-35.03,4924926109,504858.1
白银,2019-01-15,9740.47,-14.6,4831941239,496068.59
白银,2019-01-16,9673.34,-67.13,4782106179,494359.36
白银,2019-01-17,9552.22,-121.12,4782106179,500627.73
白银,2019-01-22,9585.78,33.56,4725531296,492973.06
白银,2019-01-23,9556.6,-29.18,4699350170,491738.71
白银,2019-01-29,9600.37,43.77,4925248630,513026.96
白银,2019-01-30,9629.55,29.18,4992815003,518488.92
白银,2019-01-31,9664.57,35.02,4992815003,516610.15
白银,2019-02-04,9660.57,-4.0,4927242063,510036.37
白银,2019-02-06,9631.39,-29.18,4864227432,505038.99
白银,2019-02-08,9610.96,-20.43,4834419386,503011.08
白银,2019-02-11,9575.95,-35.01,4866679926,508219.02
白银,2019-02-13,9546.77,-29.18,4787697976,501499.25
白银,2019-02-14,9559.9,13.13,4816831402,503857.93
白银,2019-02-19,9589.08,29.18,4863641941,507206.32
白银,2019-02-21,9641.59,52.51,4917980399,510079.81
白银,2019-02-27,9622.63,-18.96,4890885902,508269.14
白银,2019-03-04,9595.55,-27.08,4661165638,485763.26
白银,2019-03-07,9573.67,-21.88,4672438704,488050.95
白银,2019-03-08,9615.96,42.29,4735784051,492492.07
白银,2019-03-11,9632.0,16.04,4782170594,496487.81
白银,2019-03-14,9668.46,36.46,4772101137,493574.07
白银,2019-03-22,9626.18,-42.28,4803184137,498970.95
白银,2019-03-28,9640.76,14.58,4668559543,484252.23
白银,2019-03-29,9620.34,-20.42,4659088647,484295.63
白银,2019-04-02,9616.18,-4.16,4688332095,487546.21
白银,2019-04-11,9639.5,23.32,4668133058,484271.29
白银,2019-04-15,9616.18,-23.32,4619481740,480386.36
白银,2019-04-17,9703.64,87.46,4664494916,480695.38
白银,2019-05-02,9792.89,89.25,4620276454,471799.08
白银,2019-05-03,9819.12,26.23,4626275064,471149.66
白银,2019-05-06,9846.81,27.69,4639130242,471130.27
白银,2019-05-15,9814.75,-32.06,4673938818,476215.78
白银,2019-05-17,9715.68,-99.07,4521978326,465430.97
白银,2019-05-21,9692.37,-23.31,4495298237,463797.63
白银,2019-05-30,9705.48,13.11,4491462902,462775.97
白银,2019-06-04,9701.35,-4.13,4591003235,473233.44
白银,2019-06-05,9780.01,78.66,4665896837,477085.08
白银,2019-06-06,9817.88,37.87,4720201619,480776.06
白银,2019-06-12,9852.83,34.95,4684354911,475432.43
白银,2019-06-17,9924.2,71.37,4714774022,475078.5
白银,2019-06-20,9947.5,23.3,4901551856,492742.08
白银,2019-06-27,10027.58,80.08,4914763928,490124.63
白银,2019-06-28,10056.71,29.13,4919275281,489153.54
白银,2019-07-02,10144.46,87.75,4947590377,487713.53
白银,2019-07-03,10217.26,72.8,5029018888,492208.17
白银,2019-07-08,10308.99,91.73,4994280050,484458.72
白银,2019-07-09,10342.47,33.48,4995472669,483005.77
白银,2019-07-17,10607.42,264.95,5322412778,501763.18
白银,2019-07-18,10690.4,82.98,5508339820,515260.4
白银,2019-07-19,10792.3,101.9,5659671355,524417.53
白银,2019-07-22,11070.34,278.04,5830197355,526650.25
白银,2019-07-23,11125.66,55.32,5875353394,528090.32
白银,2019-07-24,11178.06,52.4,5940689416,531459.79
白银,2019-07-25,11141.67,-36.39,5921262298,531451.95
白银,2019-07-26,11109.65,-32.02,5870224739,528389.71
白银,2019-07-29,11095.09,-14.56,5844454112,526760.41
白银,2019-08-02,11090.67,-4.42,5774548518,520667.24
白银,2019-08-05,11163.45,72.78,5916286749,529969.39
白银,2019-08-06,11256.59,93.14,5929381598,526747.59
白银,2019-08-08,11300.25,43.66,6182919440,547148.91
白银,2019-08-09,11370.11,69.86,6213748754,546498.56
白银,2019-08-13,11559.29,189.18,6482187253,560777.28
白银,2019-08-14,11700.44,141.15,6437130241,550161.38
白银,2019-08-15,11824.13,123.69,6571631842,555781.43
白银,2019-08-22,11939.08,114.95,6508236301,545120.42
白银,2019-08-23,11988.56,49.48,6569812336,548006.79
白银,2019-08-29,12072.94,84.38,7170580910,593938.25
白银,2019-09-04,12050.93,-22.01,7479263604,620637.88
白银,2019-09-05,12024.75,-26.18,7430046379,617896.12
白银,2019-09-09,11855.99,-168.76,6925138938,584104.65
白银,2019-09-10,11800.71,-55.28,6824458803,578309.17
白银,2019-09-16,11710.53,-90.18,6713372023,573276.53
白银,2019-09-18,11678.53,-32.0,6700471037,573742.67
白银,2019-09-24,11751.25,72.72,7009898346,596523.63
白银,2019-09-26,11874.87,123.62,6858221612,577540.77
白银,2019-09-30,11933.05,58.18,6617148290,554522.8
白银,2019-10-02,11927.88,-5.17,6618861125,554906.75
白银,2019-10-10,11972.96,45.08,6831757862,570598.9
白银,2019-10-14,11906.07,-66.89,6737711173,565905.56
白银,2019-10-17,11847.91,-58.16,6645475273,560898.53
白银,2019-10-21,11813.02,-34.89,6729979226,569708.61
白银,2019-10-22,11751.96,-61.06,6657306233,566484.76
白银,2019-10-28,11711.25,-40.71,6795591929,580261.88
白银,2019-11-04,11706.36,-4.89,6843879947,584629.21
白银,2019-11-06,11793.57,87.21,6650117746,563876.57
白银,2019-11-13,11715.09,-78.48,6383017181,544854.3
白银,2019-11-15,11681.66,-33.43,6334579353,542267.05
白银,2019-11-21,11655.5,-26.16,6402309750,549295.16
白银,2019-11-26,11597.37,-58.13,6312139333,544273.34
白银,2019-11-27,11523.26,-74.11,6316159791,548122.65
白银,2019-12-03,11476.22,-47.04,6275905717,546861.75
白银,2019-12-06,11418.1,-58.12,6218166980,544588.59
白银,2019-12-09,11371.61,-46.49,6075595481,534277.51
白银,2019-12-16,11348.36,-23.25,6208529104,547086.02
白银,2019-12-23,11316.41,-31.95,6319605983,558446.18
白银,2019-12-31,11278.64,-37.77,6540758565,579924.4
白银,2020-01-03,11242.07,-36.57,6581573005,585441.38
白银,2020-01-07,11204.31,-37.76,6535689713,583319.25
白银,2020-01-09,11102.65,-101.66,6392317738,575747.03
白银,2020-01-13,11063.44,-39.21,6396067173,578126.44
白银,2020-01-15,11037.3,-26.14,6332873186,573770.14
白银,2020-01-16,11024.23,-13.07,6381996181,578906.3
白银,2020-01-21,11005.35,-18.88,6361782719,578062.73
白银,2020-01-24,11191.21,185.86,6413222404,573058.89
白银,2020-01-27,11201.37,10.16,6586247566,587985.9
白银,2020-01-29,11250.74,49.37,6316686853,561446.35
白银,2020-01-30,11282.68,31.94,6427041411,569637.84
白银,2020-01-31,11256.54,-26.14,6469965880,574773.94
白银,2020-02-03,11273.97,17.43,6438035093,571053.06
白银,2020-02-04,11269.19,-4.78,6423454626,570001.45
白银,2020-02-06,11290.97,21.78,6448398220,571111.09
白银,2020-02-11,11327.26,36.29,6446834740,569143.35
白银,2020-02-14,11304.03,-23.23,6433351056,569120.13
白银,2020-02-25,11324.35,20.32,6671479248,589126.9
白银,2020-02-26,11469.49,145.14,6662887980,580922.78
白银,2020-02-27,11492.71,23.22,6667053934,580111.56
白银,2020-02-28,11434.66,-58.05,6315271519,552292.02
白银,2020-03-02,11260.51,-174.15,6121043118,543584.89
白银,2020-03-03,11255.76,-4.75,6082962001,540431.03
白银,2020-03-05,11241.24,-14.52,6215902412,552955.23
白银,2020-03-10,11226.73,-14.51,6160527827,548737.51
白银,2020-03-12,11191.91,-34.82,5945141358,531199.89
白银,2020-03-13,11101.95,-89.96,5627778052,506917.98
白银,2020-03-16,10985.87,-116.08,4577957702,416713.26
白银,2020-03-17,11360.18,374.31,4542170549,399832.62
白银,2020-03-18,11534.28,174.1,4604321381,399185.85
白银,2020-03-19,11502.36,-31.92,4438042851,385837.59
白银,2020-03-20,11615.52,113.16,4715061801,405927.74
白银,2020-03-23,11688.05,72.53,4699229422,402054.19
白银,2020-03-24,11917.26,229.21,5218563511,437899.61
白银,2020-03-25,11986.89,69.63,5380026995,448825.93
白银,2020-03-26,12189.98,203.09,5647503090,463290.6
白银,2020-03-27,12239.31,49.33,5630934592,460069.61
白银,2020-03-30,12291.53,52.22,5551991813,451692.49
白银,2020-04-01,12297.33,5.8,5538648206,450394.37
白银,2020-04-02,12280.48,-16.85,5596515955,455724.53
白银,2020-04-03,12303.69,23.21,5692064567,462630.69
白银,2020-04-07,12489.35,185.66,6052703009,484629.14
白银,2020-04-09,12515.45,26.1,6105429366,487831.39
白银,2020-04-13,12706.91,191.46,6198502862,487805.68
白银,2020-04-14,12759.12,52.21,6361313547,498569.93
白银,2020-04-15,12921.55,162.43,6467151883,500493.51
白银,2020-04-17,12878.04,-43.51,6275440232,487297.77
白银,2020-04-20,12791.03,-87.01,6228659455,486955.27
白银,2020-04-21,12834.53,43.5,6175489915,481162.14
白银,2020-04-22,12776.53,-58.0,6122840929,479225.65
白银,2020-04-23,12866.44,89.91,6329254176,491919.61
白银,2020-04-24,12854.84,-11.6,6327592177,492234.22
白银,2020-04-27,12840.33,-14.51,6274781815,488677.61
白银,2020-05-01,12796.83,-43.5,6105059930,477075.96
白银,2020-05-04,12849.6,52.77,6167606342,479984.31
白银,2020-05-08,12994.58,144.98,6257751779,481566.3
白银,2020-05-11,13090.27,95.69,6499280824,496497.08
白银,2020-05-12,13177.25,86.98,6559332532,497777.04
白银,2020-05-15,13438.2,260.95,7019492660,522353.64
白银,2020-05-18,13690.44,252.24,7635164643,557700.46
白银,2020-05-20,13989.07,298.63,7855505248,561545.92
白银,2020-05-21,14235.5,246.43,7872528033,553020.83
白银,2020-05-22,14177.52,-57.98,7746903986,546421.66
白银,2020-05-28,14322.47,144.95,7982051206,557309.68
白银,2020-05-29,14409.43,86.96,8146244469,565341.2
白银,2020-06-01,14513.79,104.36,8470908153,583645.5
白银,2020-06-02,14721.77,207.98,8647255136,587378.77
白银,2020-06-04,14701.48,-20.29,8389317616,570644.43
白银,2020-06-05,14672.49,-28.99,8292466549,565171.05
白银,2020-06-08,14626.12,-46.37,8289425253,566754.91
白银,2020-06-09,14707.27,81.15,8335314171,566747.89
白银,2020-06-11,14933.35,226.08,8580860371,574610.54
白银,2020-06-12,14991.32,57.97,8493561634,566565.29
白银,2020-06-16,15026.1,34.78,8408942108,559622.4
白银,2020-06-17,15127.54,101.44,8494787740,561544.56
白银,2020-06-18,15156.52,28.98,8581607448,566199.06
白银,2020-06-19,15130.44,-26.08,8522937461,563297.4
白银,2020-06-23,15269.54,139.1,8740760287,572431.15
白银,2020-06-25,15298.52,28.98,8619394258,563413.6
白银,2020-06-26,15284.03,-14.49,8758528210,573050.97
白银,2020-06-29,15321.7,37.67,8816709794,575439.4
白银,2020-06-30,15489.77,168.07,8883456887,573504.76
白银,2020-07-02,15614.21,124.44,8998255221,576286.29
白银,2020-07-06,15672.16,57.95,9197439138,586864.81
白银,2020-07-07,15637.39,-34.77,9058759730,579301.26
白银,2020-07-09,15892.36,254.97,9622652623,605489.22
白银,2020-07-10,16043.02,150.66,9680229408,603391.97
白银,2020-07-13,15990.87,-52.15,9815449262,613815.84
白银,2020-07-15,16051.71,60.84,9973810934,621355.04
白银,2020-07-16,16211.05,159.34,10028399815,618615.07
白银,2020-07-17,16260.3,49.25,10014299729,615874.23
白银,2020-07-20,16379.08,118.78,10234505940,624852.31
白银,2020-07-21,16857.08,478.0,11137411554,660696.37
白银,2020-07-22,17081.59,224.51,12213754608,715024.46
白银,2020-07-23,17379.98,298.39,12770640965,734790.31
白银,2020-07-28,17611.72,231.74,13327959363,756766.48
白银,2020-07-29,17800.01,188.29,13922414669,782157.69
白银,2020-07-30,17669.66,-130.35,13228221618,748640.42
白银,2020-08-03,17640.69,-28.97,13737283317,778727.1
白银,2020-08-04,17649.43,8.74,13805122137,782185.15
白银,2020-08-05,17808.74,159.31,15426804182,866249.05
白银,2020-08-06,17866.67,57.93,16016739252,896459.12
白银,2020-08-07,17823.22,-43.45,16232567481,910753.92
白银,2020-08-10,17713.15,-110.07,16097482855,908787.14
白银,2020-08-11,17779.77,66.62,16163525815,909096.45
白银,2020-08-12,17855.07,75.3,14813859079,829672.42
白银,2020-08-13,18072.29,217.22,15249559700,843808.93
白银,2020-08-14,17855.07,-217.22,15327228575,858424.45
白银,2020-08-17,17852.18,-2.89,15444645618,865140.59
白银,2020-08-18,17933.27,81.09,16327564141,910462.18
白银,2020-08-20,17817.43,-115.84,15413925482,865103.75
白银,2020-08-21,17843.49,26.06,15398978903,863002.64
白银,2020-08-24,17907.2,63.71,15473494696,864093.48
白银,2020-08-25,17762.41,-144.79,15125414528,851540.67
白银,2020-08-26,17617.63,-144.78,14945234080,848311.27
白银,2020-08-27,17762.41,144.78,15553307954,875630.5
白银,2020-08-28,17791.37,28.96,15638520250,878994.72
白银,2020-08-31,17855.07,63.7,15693894866,878960.14
白银,2020-09-02,17781.5,-73.57,15838187859,890711.57
白银,2020-09-03,17680.16,-101.34,15290116997,864817.8
白银,2020-09-04,17567.24,-112.92,15144239710,862072.8
白银,2020-09-08,17454.32,-112.92,14967497973,857523.98
白银,2020-09-09,17373.25,-81.07,14819570802,853010.85
白银,2020-09-11,17321.14,-52.11,14964045072,863918.03
白银,2020-09-14,17292.19,-28.95,14943976239,864203.8
白银,2020-09-15,17379.04,86.85,15387616640,885412.35
白银,2020-09-16,17324.03,-55.01,15246793415,880095.07
白银,2020-09-17,17269.03,-55.0,14845606689,859666.51
白银,2020-09-18,17211.13,-57.9,14969925306,869781.66
白银,2020-09-22,17277.71,66.58,13493879199,780999.29
白银,2020-09-23,17214.03,-63.68,13053765720,758321.31
白银,2020-09-24,16956.42,-257.61,12108568043,714099.32
白银,2020-09-25,17014.31,57.89,12374036322,727272.3
白银,2020-09-28,17131.53,117.22,12602022317,735604.02
白银,2020-09-29,17125.74,-5.79,13117912252,765976.38
白银,2020-09-30,17079.43,-46.31,13021844002,762428.49
白银,2020-10-02,17452.19,372.76,13390318566,767257.21
白银,2020-10-05,17466.66,14.47,13428951175,768833.38
白银,2020-10-07,17426.15,-40.51,13212378333,758192.62
白银,2020-10-09,17382.74,-43.41,13587236730,781651.04
白银,2020-10-13,17527.43,144.69,14048980627,801542.53
白银,2020-10-19,17547.68,20.25,14010497867,798424.51
白银,2020-10-20,17455.09,-92.59,13818509480,791660.74
白银,2020-10-27,17368.29,-86.8,13639562523,785314.07
白银,2020-10-28,17440.62,72.33,13410226438,768907.67
白银,2020-10-29,17411.69,-28.93,12878372339,739639.42
白银,2020-11-03,17404.23,-7.46,13523992217,777052.03
白银,2020-11-04,17462.08,57.85,13459290842,770772.49
白银,2020-11-06,17783.18,321.1,14738422772,828784.43
白银,2020-11-09,17911.91,128.73,14455794775,807049.32
白银,2020-11-10,17799.1,-112.81,13843789447,777780.31
白银,2020-11-12,17709.43,-89.67,13785046112,778401.46
白银,2020-11-16,17671.83,-37.6,13783425868,779965.96
白银,2020-11-17,17622.66,-49.17,13951680469,791689.82
白银,2020-11-18,17579.27,-43.39,13739100773,781551.27
白银,2020-11-19,17498.29,-80.98,13487139147,770768.98
白银,2020-11-20,17434.66,-63.63,13541597994,776705.6
白银,2020-11-23,17113.63,-321.03,13148568919,768309.76
白银,2020-11-24,16986.38,-127.25,12640995603,744184.2
白银,2020-11-25,16961.79,-24.59,12761583166,752372.43
白银,2020-11-27,16929.98,-31.81,12587605873,743509.79
白银,2020-12-01,16999.38,69.4,12857163180,756331.3
白银,2020-12-02,16992.04,-7.34,13100094009,770954.75
白银,2020-12-03,17052.76,60.72,13250902166,777053.23
白银,2020-12-08,17145.29,92.53,13490027120,786806.59
白银,2020-12-10,17087.46,-57.83,13120025899,767816.04
白银,2020-12-11,17044.09,-43.37,13048182852,765554.68
白银,2020-12-17,17237.8,193.71,14262267538,827383.28
白银,2020-12-18,17338.99,101.19,14387623184,829784.39
白银,2020-12-23,17260.93,-78.06,14044378322,813651.31
白银,2020-12-29,17327.42,66.49,14562492277,840430.5
白银,2020-12-30,17325.98,-1.44,14647419846,845402.1
白银,2020-12-31,17378.01,52.03,14791792720,851178.74
白银,2021-01-05,17507.25,129.24,15483564355,884408.71
白银,2021-01-06,17495.69,-11.56,15481563661,884878.71
白银,2021-01-11,17408.98,-86.71,14001715190,804281.19
白银,2021-01-12,17346.84,-62.14,14233183464,820505.84
白银,2021-01-13,17303.48,-43.36,14091710671,814385.93
白银,2021-01-14,17219.67,-83.81,13999652387,813003.52
白银,2021-01-15,17841.03,621.36,13973230691,783207.62
白银,2021-01-20,17862.7,21.67,14522894728,813029.09
白银,2021-01-25,17926.28,63.58,14769554041,823905.13
白银,2021-01-26,17830.92,-95.36,14556038408,816336.93
白银,2021-01-27,17787.58,-43.34,14397487932,809412.41
白银,2021-01-28,17651.77,-135.81,14298674055,810041.94
白银,2021-01-29,18722.33,1070.56,16496303126,881103.11
白银,2021-02-01,19301.69,579.36,18352903062,950844.36
白银,2021-02-02,21067.85,1766.16,18508032973,878496.52
白银,2021-02-03,20819.36,-248.49,17938057611,861604.66
白银,2021-02-04,20505.85,-313.51,17403971568,848732.02
白银,2021-02-05,20364.27,-141.58,17368676437,852899.54
白银,2021-02-08,19857.18,-507.09,17350415232,873760.28
白银,2021-02-09,19808.07,-49.11,17597020055,888376.31
白银,2021-02-10,19750.28,-57.79,17288268859,875342.98
白银,2021-02-11,19613.05,-137.23,17101676508,871953.95
白银,2021-02-12,19549.49,-63.56,17011442211,870173.2
白银,2021-02-16,19552.37,2.88,17330479347,886362.08
白银,2021-02-17,19494.6,-57.77,16990705326,871559.58
白银,2021-02-18,19315.48,-179.12,16865379199,873153.51
白银,2021-02-19,19243.26,-72.22,16669054397,866228.2
白银,2021-02-22,19029.49,-213.77,16785990835,882104.08
白银,2021-02-23,19272.14,242.65,17322070308,898814.06
白银,2021-02-25,19214.37,-57.77,17244944061,897502.45
白银,2021-02-26,19156.6,-57.77,16429124828,857622.17
白银,2021-03-01,18951.51,-205.09,16377406128,864174.21
白银,2021-03-02,18834.13,-117.38,15900806154,844254.88
白银,2021-03-03,18880.35,46.22,16136886333,854692.12
白银,2021-03-04,18678.16,-202.19,15585528175,834425.24
白银,2021-03-05,18556.86,-121.3,15126116411,815122.62
白银,2021-03-08,18455.77,-101.09,14924415960,808658.54
白银,2021-03-10,18426.89,-28.88,15190939421,824389.76
白银,2021-03-15,18415.33,-11.56,15449763995,838962.1
白银,2021-03-17,18348.92,-66.41,15246122873,830900.29
白银,2021-03-19,18302.71,-46.21,15398547914,841326.12
白银,2021-03-22,18221.86,-80.85,15075028212,827304.58
白银,2021-03-24,18120.79,-101.07,14673464767,809758.56
白银,2021-03-25,18057.27,-63.52,14317015462,792867.11
白银,2021-03-26,17996.63,-60.64,14491488693,805233.46
白银,2021-03-30,18009.63,13.0,14087161130,782201.58
白银,2021-03-31,17888.36,-121.27,13796532456,771257.54
白银,2021-04-05,17880.11,-8.25,13976741698,781692.15
白银,2021-04-15,17845.47,-34.64,14676344516,822412.89
白银,2021-04-19,17793.52,-51.95,14930266843,839084.5
白银,2021-04-20,17828.15,34.63,14830165696,831839.85
白银,2021-04-21,17715.59,-112.56,14753385416,832791.08
白银,2021-04-23,17724.24,8.65,14882708548,839681.06
白银,2021-04-26,17688.17,-36.07,14843263005,839163.29
白银,2021-04-28,17650.65,-37.52,14675163436,831423.4
白银,2021-05-05,17643.7,-6.95,14915043363,845346.69
白银,2021-05-06,17684.11,40.41,15193474302,859159.68
白银,2021-05-07,17627.83,-56.28,15513301039,880045.99
白银,2021-05-10,17590.32,-37.51,15683240744,891583.6
白银,2021-05-11,17538.38,-51.94,15492922192,883372.48
白银,2021-05-13,17598.97,60.59,15172594385,862129.68
白银,2021-05-18,17780.75,181.78,16274388494,915281.33
白银,2021-05-20,17821.15,40.4,15889801456,891626.04
白银,2021-05-21,17878.85,57.7,15975537835,893543.93
白银,2021-05-24,17936.56,57.71,15937072479,888524.47
白银,2021-06-02,17929.28,-7.28,15992876787,891997.71
白银,2021-06-03,17989.86,60.58,16052480262,892307.13
白银,2021-06-07,17961.01,-28.85,15924813217,886632.39
白银,2021-06-08,17953.8,-7.21,15996126373,890960.49
白银,2021-06-10,17911.97,-41.83,15926747110,889167.81
白银,2021-06-11,17900.44,-11.53,16192514450,904587.51
白银,2021-06-14,17946.59,46.15,15997034043,891369.0
白银,2021-06-17,17842.76,-103.83,15252706009,854840.06
白银,2021-06-18,17724.51,-118.25,15031718003,848075.24
白银,2021-06-21,17594.72,-129.79,14677760800,834213.95
白银,2021-06-22,17551.46,-43.26,14649925352,834684.14
白银,2021-06-23,17493.78,-57.68,14587504852,833868.09
白银,2021-06-24,17450.53,-43.25,14576468290,835302.33
白银,2021-06-25,17395.73,-54.8,14608783715,839791.36
白银,2021-06-28,17366.89,-28.84,14561622171,838470.34
白银,2021-06-29,17453.41,86.52,14558235021,834119.81
白银,2021-06-30,17361.13,-92.28,14374981738,827998.05
白银,2021-07-02,17353.61,-7.52,14600666073,841361.89
白银,2021-07-07,17295.94,-57.67,14670698571,848216.32
白银,2021-07-09,17267.1,-28.84,14437658455,836136.84
白银,2021-07-16,17226.74,-40.36,14455134638,839110.28
白银,2021-07-19,17451.62,228.88,14205630890,814000.7
白银,2021-07-20,17321.89,-129.73,13971719828,806593.27
白银,2021-07-22,17275.76,-46.13,13920237254,805767.0
白银,2021-07-28,17177.76,-98.0,13688217570,796856.96
白银,2021-07-30,17209.46,31.7,14097655224,819180.57
白银,2021-08-03,17202.02,-7.44,14080271324,818524.3
白银,2021-08-06,17213.55,11.53,13820715322,802897.45
白银,2021-08-12,17276.95,63.4,13003993244,752678.76
白银,2021-08-18,17210.67,-66.28,13094125784,760814.41
白银,2021-08-19,17167.45,-43.22,12878909862,750193.53
白银,2021-08-20,17106.93,-60.52,12759074167,745842.43
白银,2021-08-23,17085.32,-21.61,12866020116,753045.31
白银,2021-08-24,16978.71,-106.61,12965672769,763642.98
白银,2021-08-31,17134.29,155.58,13240285762,772736.18
白银,2021-09-01,17103.92,-30.37,13171244358,770071.68
白银,2021-09-07,17040.54,-63.38,13281743833,779420.36
白银,2021-09-10,16974.28,-66.26,13109488453,772314.85
白银,2021-09-13,16939.71,-34.57,12839890022,757975.79
白银,2021-09-20,17020.36,80.65,12251361544,719806.25
白银,2021-09-22,17004.52,-15.84,12425499318,730717.44
白银,2021-09-24,16967.08,-37.44,12356877468,728285.45
白银,2021-09-27,16843.23,-123.85,12209282968,724877.77
白银,2021-09-29,16827.39,-15.84,12073031616,717463.11
白银,2021-09-30,17089.46,262.07,11821416578,691737.28
白银,2021-10-04,17105.1,15.64,12364611433,722861.1
白银,2021-10-08,17073.42,-31.68,12297360670,720263.47
白银,2021-10-11,16987.04,-86.38,12362729724,727774.22
白银,2021-10-14,17217.39,230.35,12862014245,747036.24
白银,2021-10-18,17224.59,7.2,13039192675,757010.34
白银,2021-10-19,17095.02,-129.57,13089501957,765690.94
白银,2021-10-20,17000.01,-95.01,13239627473,778801.16
白银,2021-10-25,16936.67,-63.34,13235660840,781479.53
白银,2021-10-28,17005.76,69.09,13122375423,771642.99
白银,2021-11-01,16966.9,-38.86,13012738519,766948.5
白银,2021-11-02,16959.86,-7.04,12791509744,754222.6
白银,2021-11-03,16873.5,-86.36,12927613235,766148.89
白银,2021-11-04,16945.46,71.96,12964344367,765062.99
白银,2021-11-05,16929.63,-15.83,13214189719,780536.24
白银,2021-11-12,17051.96,122.33,13818246203,810361.17
白银,2021-11-22,17087.93,35.97,13028827010,762457.89
白银,2021-11-23,17021.74,-66.19,12853524778,755124.02
白银,2021-11-26,17085.05,63.31,12757645156,746713.95
白银,2021-11-30,17067.79,-17.26,12521704337,733645.32
白银,2021-12-01,17044.77,-23.02,12239889614,718102.36
白银,2021-12-02,16999.95,-44.82,12239889614,719995.62
白银,2021-12-03,16945.28,-54.67,12145094584,716724.34
白银,2021-12-06,16910.75,-34.53,12196579066,721232.3
白银,2021-12-08,17002.82,92.07,12161523046,715265.06
白银,2021-12-10,16971.17,-31.65,12065335481,710931.27
白银,2021-12-13,16892.05,-79.12,12005205622,710701.52
白银,2021-12-14,16846.02,-46.03,11807352737,700898.65
白银,2021-12-16,16742.45,-103.57,12165635230,726634.11
白银,2021-12-17,16713.69,-28.76,12037891573,720241.41
白银,2021-12-20,16798.55,84.86,12253418451,729433.1
白银,2021-12-21,16761.16,-37.39,12207445487,728317.46
白银,2021-12-23,16723.76,-37.4,12182050618,728427.74
白银,2021-12-28,16640.34,-83.42,12211883117,733872.21
白银,2021-12-30,16579.94,-60.4,12249234223,738798.47
白银,2021-12-31,16510.91,-69.03,12248730830,741856.8
白银,2022-01-05,16503.9,-7.01,11802470590,715132.22
白银,2022-01-13,16478.01,-25.89,12209985124,740986.63
白银,2022-01-14,16443.5,-34.51,12090325678,735264.74
白银,2022-01-18,16414.75,-28.75,12497863593,761380.08
白银,2022-01-19,16354.36,-60.39,12782456182,781593.18
白银,2022-01-20,16416.18,61.82,12782456182,778649.86
白银,2022-01-21,16286.79,-129.39,12815222553,786847.66
白银,2022-01-24,16568.58,281.79,12656662444,763895.42
白银,2022-01-25,16640.47,71.89,12656662444,760595.25
白银,2022-01-28,16603.09,-37.38,12002664678,722917.52
白银,2022-02-02,16771.39,168.3,12056294148,718860.76
白银,2022-02-07,16840.38,68.99,12447613684,739152.78
白银,2022-02-08,16938.13,97.75,12659826778,747415.85
白银,2022-02-14,17038.74,100.61,12753169168,748480.77
白银,2022-02-17,17113.47,74.73,13099604353,765455.77
白银,2022-02-18,17145.09,31.62,13240056371,772236.04
白银,2022-02-22,17156.59,11.5,13292276717,774762.16
白银,2022-02-24,17093.35,-63.24,13215592845,773142.35
白银,2022-02-25,16984.14,-109.21,13291497111,782582.88
白银,2022-03-02,16977.97,-6.17,13815021019,813702.76
白银,2022-03-08,17046.94,68.97,14208657547,833501.94
白银,2022-03-09,16886.01,-160.93,14208657547,841445.52
白银,2022-03-14,16952.1,66.09,13423792104,791866.03
白银,2022-03-16,16937.74,-14.36,13884912843,819761.84
白银,2022-03-17,17046.92,109.18,13883123406,814406.56
白银,2022-03-18,17115.88,68.96,13772495182,804661.82
白银,2022-03-24,17179.09,63.21,14145720113,823426.63
白银,2022-03-28,17236.55,57.46,13666263991,792865.39
白银,2022-03-29,17258.1,21.55,13766468735,797681.6
白银,2022-03-30,17304.06,45.96,13856958505,800792.33
白银,2022-03-31,17375.88,71.82,13786937746,793452.63
白银,2022-04-04,17572.43,196.55,13973792877,795211.18
白银,2022-04-05,17615.52,43.09,13741397060,780073.31
白银,2022-04-11,17589.67,-25.85,14138570279,803799.63
白银,2022-04-14,17718.92,129.25,14759641626,832987.66
白银,2022-04-18,17898.43,179.51,14897091206,832312.73
白银,2022-04-19,17884.07,-14.36,14560232543,814145.36
白银,2022-04-20,17975.98,91.91,14239275792,792127.93
白银,2022-04-22,18085.11,109.13,14151116844,782473.36
白银,2022-04-25,18021.93,-63.18,13767731189,763943.22
白银,2022-04-27,17978.85,-43.08,13328380452,741336.65
白银,2022-04-28,17907.06,-71.79,13479292637,752736.22
白银,2022-04-29,17889.83,-17.23,13479292637,753461.19
白银,2022-05-03,17917.11,27.28,13034335246,727479.78
白银,2022-05-04,17943.61,26.5,13197611189,735504.79
白银,2022-05-05,17914.9,-28.71,12949760116,722848.59
白银,2022-05-11,17742.64,-172.26,11968524528,674562.78
白银,2022-05-13,17685.22,-57.42,11960071509,676274.96
白银,2022-05-16,17576.13,-109.09,12304609873,700075.04
白银,2022-05-18,17517.28,-58.85,12122247866,692016.56
白银,2022-05-19,17492.87,-24.41,12386414025,708083.58
白银,2022-05-23,17478.52,-14.35,12306447152,704089.77
白银,2022-05-24,17464.17,-14.35,12238834820,700796.82
白银,2022-05-25,17444.08,-20.09,12208922403,699889.15
白银,2022-05-26,17357.96,-86.12,12426403016,715890.75
白银,2022-05-31,17297.68,-60.28,11963702259,691636.23
白银,2022-06-01,17227.36,-70.32,11963702259,694459.41
白银,2022-06-02,17219.71,-7.65,11823788242,686642.7
白银,2022-06-03,17018.8,-200.91,12176225138,715457.33
白银,2022-06-07,16929.83,-88.97,11929892411,704666.99
白银,2022-06-09,16958.53,28.7,11751936321,692980.84
白银,2022-06-10,16932.7,-25.83,11735121394,693044.9
白银,2022-06-15,16967.14,34.44,11680435463,688415.1
白银,2022-06-16,16952.79,-14.35,11873513108,700386.96
白银,2022-06-17,16909.75,-43.04,11853692132,700997.48
白银,2022-06-21,17018.79,109.04,11716738067,688458.94
白银,2022-06-23,16955.66,-63.13,11302243713,666576.45
白银,2022-06-24,16858.11,-97.55,11626979695,689696.51
白银,2022-06-29,16835.16,-22.95,11348314108,674084.13
白银,2022-06-30,16817.94,-17.22,10660512525,633877.43
白银,2022-07-05,16427.33,-390.61,10056232724,612164.77
白银,2022-07-06,16275.29,-152.04,10132907411,622594.58
白银,2022-07-07,16226.53,-48.76,9939243658,612530.45
白银,2022-07-08,16103.18,-123.35,9938697457,617188.5
白银,2022-07-11,16094.57,-8.61,9704367038,602959.07
白银,2022-07-12,16002.78,-91.79,9734806703,608319.72
白银,2022-07-13,15976.96,-25.82,9615476871,601833.95
白银,2022-07-14,15945.41,-31.55,9420691470,590808.98
白银,2022-07-15,15876.57,-68.84,9736542699,613264.87
白银,2022-07-18,16044.37,167.8,9590741522,597763.67
白银,2022-07-19,15787.66,-256.71,9590741522,607483.41
白银,2022-07-20,15592.63,-195.03,9411940578,603614.69
白银,2022-07-21,15566.82,-25.81,9411115457,604562.49
白银,2022-07-25,15523.8,-43.02,9184866120,591663.52
白银,2022-07-26,15414.82,-108.98,9080840663,589098.07
白银,2022-07-27,15057.77,-357.05,9342913625,620471.27
白银,2022-07-28,15043.43,-14.34,9342913625,621062.72
白银,2022-08-01,15152.41,108.98,9895444828,653060.79
白银,2022-08-02,15136.03,-16.38,9895444828,653767.52
白银,2022-08-04,15107.35,-28.68,9895444828,655008.64
白银,2022-08-08,15121.69,14.34,9993078067,660844.0
白银,2022-08-09,15090.15,-31.54,9912889863,656911.29
白银,2022-08-11,15087.28,-2.87,9961802271,660278.21
白银,2022-08-15,15123.12,35.84,9882824398,653491.1
白银,2022-08-16,15088.71,-34.41,9661232847,640295.48
白银,2022-08-17,15100.18,11.47,9586626783,634868.38
白银,2022-08-18,15044.27,-55.91,9237549394,614024.44
白银,2022-08-19,14945.36,-98.91,9057042568,606010.33
白银,2022-08-22,14913.83,-31.53,9018454374,604704.12
白银,2022-08-23,14776.22,-137.61,9023081498,610648.83
白银,2022-08-25,14708.85,-67.37,9030222814,613931.26
白银,2022-08-26,14622.85,-86.0,9001516042,615578.77
白银,2022-08-29,14576.98,-45.87,8747351264,600079.8
白银,2022-08-30,14559.78,-17.2,8747351264,600788.7
白银,2022-08-31,14480.95,-78.83,8296920718,572954.17
白银,2022-09-01,14529.68,48.73,8296920718,571032.58
白银,2022-09-02,14512.57,-17.11,8597492762,592416.97
白银,2022-09-06,14538.37,25.8,8492205636,584123.64
白银,2022-09-08,14542.67,4.3,8783053112,603950.52
白银,2022-09-09,14559.86,17.19,9002194782,618288.55
白银,2022-09-12,14574.19,14.33,9281514788,636846.01
白银,2022-09-13,14491.08,-83.11,9108175352,628536.68
白银,2022-09-14,14526.9,35.82,9094971843,626077.95
白银,2022-09-15,14607.15,80.25,9072751173,621117.14
白银,2022-09-16,14859.34,252.19,9072751173,610575.65
白银,2022-09-19,14905.2,45.86,9309660196,624591.43
白银,2022-09-20,14995.46,90.26,9390063872,626193.79
白银,2022-09-21,14973.97,-21.49,9435966242,630157.95
白银,2022-09-22,14989.73,15.76,9139903488,609744.37
白银,2022-09-23,14966.81,-22.92,8963892050,598918.01
白银,2022-09-27,14946.75,-20.06,8757248665,585896.51
白银,2022-09-28,14926.69,-20.06,8975207793,601285.87
白银,2022-09-29,14958.21,31.52,9143406020,611263.38
白银,2022-10-04,14864.98,-93.23,9718599388,653791.62
白银,2022-10-05,14793.35,-71.63,9717321344,656870.91
白银,2022-10-06,14716.0,-77.35,9757404301,663047.32
白银,2022-10-10,14873.57,157.57,9273181241,623467.08
白银,2022-10-12,15013.95,140.38,9296651194,619200.89
白银,2022-10-13,15082.7,68.75,9119310589,604620.56
白银,2022-10-14,15118.51,35.81,9067131037,599737.08
白银,2022-10-17,15170.07,51.56,9095118554,599543.61
白银,2022-10-18,15135.7,-34.37,9095118554,600905.05
白银,2022-10-19,15107.05,-28.65,9130017184,604354.73
白银,2022-10-20,15121.38,14.33,9130017184,603782.01
白银,2022-10-21,15104.19,-17.19,8925267786,590913.37
白银,2022-10-24,15168.64,64.45,9185145694,605535.22
白银,2022-10-25,15137.13,-31.51,9185145694,606795.72
白银,2022-10-26,15056.93,-80.2,9378764686,622886.92
白银,2022-10-27,15065.53,8.6,9296010342,617038.39
白银,2022-10-28,15045.48,-20.05,9296010342,617860.67
白银,2022-10-31,15032.59,-12.89,9660257763,642620.98
白银,2022-11-01,15029.72,-2.87,9546575721,635179.88
白银,2022-11-02,15012.12,-17.6,9037288776,601999.5
白银,2022-11-03,14857.47,-154.65,9536339098,641854.84
白银,2022-11-07,14803.05,-54.42,9836548938,664494.75
白银,2022-11-08,14684.2,-118.85,10072020535,685908.7
白银,2022-11-09,14695.66,11.46,10072020535,685373.81
白银,2022-11-10,14678.47,-17.19,10135476216,690499.5
白银,2022-11-14,14638.38,-40.09,10323726204,705250.59
白银,2022-11-16,14735.74,97.36,9982312246,677421.85
白银,2022-11-21,14898.96,163.22,10201290906,684698.19
白银,2022-11-22,14921.86,22.9,10198752418,683477.29
白银,2022-11-25,14933.32,11.46,10239911341,685708.96
白银,2022-11-28,14919.0,-14.32,10236053101,686108.53
白银,2022-11-29,14907.55,-11.45,10319451541,692229.88
白银,2022-11-30,14893.23,-14.32,10319451541,692895.47
白银,2022-12-01,14853.15,-40.08,10566112474,711371.83
白银,2022-12-02,14793.01,-60.14,10916270508,737934.37
白银,2022-12-05,14772.97,-20.04,10684016960,723213.88
白银,2022-12-06,14744.34,-28.63,10684016960,724618.19
白银,2022-12-08,14793.0,48.66,10943146617,739751.68
白银,2022-12-09,14730.03,-62.97,11062383353,751008.88
白银,2022-12-12,14712.85,-17.18,11023688181,749255.8
白银,2022-12-13,14658.46,-54.39,11081405456,755973.37
白银,2022-12-14,14601.21,-57.25,10832913305,741918.88
白银,2022-12-15,14548.26,-52.95,10676072916,733838.47
白银,2022-12-19,14578.31,30.05,11139357856,764104.88
白银,2022-12-20,14598.35,20.04,11165639031,764856.24
白银,2022-12-21,14541.1,-57.25,11093022448,762873.68
白银,2022-12-27,14525.36,-15.74,11173453446,769237.63
白银,2022-12-28,14574.01,48.65,11173300385,766659.31
白银,2022-12-30,14539.67,-34.34,11322817955,778753.43
白银,2023-01-03,14502.47,-37.2,11322817955,780751.0
白银,2023-01-04,14465.06,-37.41,10907878104,754084.54
白银,2023-01-05,14493.67,28.61,10997751708,758796.89
白银,2023-01-06,14585.24,91.57,11182525709,766701.52
白银,2023-01-10,14558.06,-27.18,11170738324,767323.28
白银,2023-01-13,14486.53,-71.53,11147784122,769527.56
白银,2023-01-17,14390.67,-95.86,11080170947,769955.18
白银,2023-01-18,14253.34,-137.33,10724735340,752436.65
白银,2023-01-19,14231.88,-21.46,10949793387,769384.89
白银,2023-01-20,14271.93,40.05,11295413087,791442.58
白银,2023-01-23,14844.14,572.21,11362121853,765428.1
白银,2023-01-24,14909.94,65.8,11247139472,754338.35
白银,2023-01-25,14935.69,25.75,11381439602,762029.72
白银,2023-01-30,14892.78,-42.91,10975989200,737000.69
白银,2023-01-31,14852.73,-40.05,10975989200,738988.0
白银,2023-02-01,14821.26,-31.47,11190833006,755052.74
白银,2023-02-02,14815.0,-6.26,11192459355,755481.56
白银,2023-02-03,14820.72,5.72,11192459355,755189.99
白银,2023-02-06,14866.49,45.77,10669404173,717681.45
白银,2023-02-07,14946.58,80.09,10859249490,726537.41
白银,2023-02-08,15046.69,100.11,10866357168,722175.92
白银,2023-02-13,15032.39,-14.3,10490400666,697853.15
白银,2023-02-15,15053.84,21.45,10389070857,690127.63
白银,2023-02-16,15079.58,25.74,10452753952,693172.75
白银,2023-02-17,15128.2,48.62,10572878717,698885.44
白银,2023-02-21,15106.75,-21.45,10644165940,704596.68
白银,2023-02-22,15149.65,42.9,10410154151,687154.76
白银,2023-02-23,15050.99,-98.66,10170910063,675763.53
白银,2023-02-24,15005.23,-45.76,9971088110,664507.52
白银,2023-02-27,14966.63,-38.6,9819473539,656091.15
白银,2023-02-28,14886.56,-80.07,10024986478,673425.32
白银,2023-03-01,14857.97,-28.59,9964243671,670632.91
白银,2023-03-02,14900.53,42.56,10103035515,678031.96
白银,2023-03-06,14871.94,-28.59,9987417597,671561.18
白银,2023-03-07,14857.64,-14.3,9987417597,672207.54
白银,2023-03-08,14894.81,37.17,9633821998,646790.53
白银,2023-03-13,14854.79,-40.02,10347128819,696551.67
白银,2023-03-14,14874.8,20.01,10347128819,695614.65
白银,2023-03-15,14718.99,-155.81,10453900935,710232.22
白银,2023-03-16,14393.07,-325.92,10050495126,698287.1
白银,2023-03-17,14287.3,-105.77,10312709550,721809.55
白银,2023-03-20,14263.0,-24.3,10317394020,723367.74
白银,2023-03-21,14288.73,25.73,10317394020,722065.15
白银,2023-03-22,14271.57,-17.16,10519052791,737063.46
白银,2023-03-23,14291.58,20.01,10637646002,744329.6
白银,2023-03-24,14284.44,-7.14,10637646002,744701.65
白银,2023-03-27,14273.0,-11.44,10598718451,742571.18
白银,2023-03-28,14310.16,37.16,10708013392,748280.48
白银,2023-03-29,14327.31,17.15,11030759399,769911.41
白银,2023-03-30,14475.95,148.64,11030759399,762005.91
白银,2023-04-03,14430.22,-45.73,11199518178,776115.55
白银,2023-04-04,14506.05,75.83,11592052765,799118.49
白银,2023-04-05,14574.65,68.6,11683268217,801615.7
白银,2023-04-11,14626.09,51.44,11840781296,809565.73
白银,2023-04-12,14648.96,22.87,12064332169,823562.37
白银,2023-04-14,14611.81,-37.15,11855027114,811331.87
白银,2023-04-17,14526.07,-85.74,11664043439,802973.1
白银,2023-04-18,14463.2,-62.87,11664043439,806463.54
白银,2023-04-20,14434.63,-28.57,11654501554,807398.7
白银,2023-04-21,14414.62,-20.01,11795002839,818266.65
白银,2023-04-24,14661.8,247.18,11703759405,798248.47
白银,2023-04-25,14627.51,-34.29,11655041761,796789.18
白银,2023-04-26,14593.22,-34.29,11793291069,808134.95
白银,2023-04-28,14564.65,-28.57,11592089895,795905.83
白银,2023-05-02,14527.51,-37.14,11797436666,812075.62
白银,2023-05-03,14532.92,5.41,11963076349,823170.87
白银,2023-05-04,14521.49,-11.43,12032435102,828595.08
白银,2023-05-05,14484.35,-37.14,12031940618,830685.58
白银,2023-05-09,14524.34,39.99,11978697170,824732.63
白银,2023-05-10,14601.48,77.14,11696432695,801044.33
白银,2023-05-11,14621.47,19.99,11212078468,766822.93
白银,2023-05-15,14601.48,-19.99,11212711888,767916.12
白银,2023-05-17,14572.91,-28.57,11094416508,761304.13
白银,2023-05-22,14660.03,87.12,11237768402,766558.35
白银,2023-05-24,14668.6,8.57,10769326561,734175.49
白银,2023-05-25,14565.78,-102.82,10834741121,743849.02
白银,2023-05-30,14554.35,-11.43,10876969929,747334.64
白银,2023-06-01,14525.79,-28.56,10965216970,754879.22
白银,2023-06-02,14519.41,-6.38,11149456696,767900.12
白银,2023-06-06,14550.83,31.42,11032473416,758202.34
白银,2023-06-08,14533.69,-17.14,11360285074,781651.81
白银,2023-06-12,14486.58,-47.11,11246845170,776363.03
白银,2023-06-13,14463.73,-22.85,11044150687,763575.56
白银,2023-06-14,14420.9,-42.83,10849269456,752329.57
白银,2023-06-16,14406.62,-14.28,11109340395,771127.47
白银,2023-06-20,14586.51,179.89,11144301784,764014.27
白银,2023-06-22,14612.2,25.69,10491688213,718008.8
白银,2023-06-26,14635.04,22.84,10724104183,732769.04
白银,2023-06-28,14517.99,-117.05,10683299506,735866.29
白银,2023-06-29,14560.82,42.83,10683299506,733701.78
白银,2023-07-05,14508.99,-51.83,10807349612,744872.63
白银,2023-07-07,14457.61,-51.38,10557432265,730233.58
白银,2023-07-11,14399.09,-58.52,10708554641,743696.63
白银,2023-07-13,14330.59,-68.5,11353638996,792265.98
白银,2023-07-14,14259.24,-71.35,11307763412,793013.05
白银,2023-07-17,14179.32,-79.92,11307763412,797482.77
白银,2023-07-19,14133.65,-45.67,11409011290,807223.28
白银,2023-07-20,14099.41,-34.24,11207133651,794865.43
白银,2023-07-24,14073.72,-25.69,11106914620,789195.37
白银,2023-07-27,14056.6,-17.12,10939355315,778236.22
白银,2023-07-28,14050.89,-5.71,10939355315,778552.48
白银,2023-08-01,14042.33,-8.56,11063014434,787833.25
白银,2023-08-02,14036.42,-5.91,10575458388,753429.89
白银,2023-08-03,13965.09,-71.33,10528169783,753892.01
白银,2023-08-08,14002.18,37.09,10251273334,732119.81
白银,2023-08-09,14044.98,42.8,10306579531,733826.57
白银,2023-08-10,14062.1,17.12,10267113301,730126.6
白银,2023-08-11,14076.36,14.26,10267113301,729386.95
白银,2023-08-14,14067.8,-8.56,10133665365,720344.71
白银,2023-08-18,14039.27,-28.53,10324413455,735395.32
白银,2023-08-22,14013.6,-25.67,10658009831,760547.6
白银,2023-08-23,13962.25,-51.35,10786590596,772553.89
白银,2023-08-24,13876.67,-85.58,10755389520,775069.92
白银,2023-08-25,13836.74,-39.93,10759383644,777595.27
白银,2023-08-28,13842.44,5.7,10759383644,777275.08
白银,2023-08-29,13785.39,-57.05,10828502194,785505.68
白银,2023-08-30,13685.56,-99.83,10757203418,786025.81
白银,2023-08-31,13642.77,-42.79,10757203418,788491.15
白银,2023-09-01,13619.95,-22.82,10787224216,792016.43
白银,2023-09-05,13577.23,-42.72,10246385401,754674.22
白银,2023-09-08,13677.06,99.83,10116974030,739703.86
白银,2023-09-12,13708.43,31.37,10091146099,736127.05
白银,2023-09-14,13675.63,-32.8,10174993647,744023.76
白银,2023-09-15,13726.96,51.33,10438314887,760424.37
白银,2023-09-18,14000.73,273.77,10498939985,749885.18
白银,2023-09-20,13966.51,-34.22,10443226069,747733.4
白银,2023-09-21,13980.77,14.26,10627374818,760142.31
白银,2023-09-25,13946.55,-34.22,10330815366,740743.44
白银,2023-09-26,13966.51,19.96,10070861251,721072.14
白银,2023-09-27,13749.81,-216.7,9960492939,724409.5
白银,2023-09-28,13744.11,-5.7,10192345261,741579.14
白银,2023-10-03,13940.41,196.3,9501167906,681555.84
白银,2023-10-04,14003.13,62.72,9531660686,680680.73
白银,2023-10-05,14031.64,28.51,9531660686,679297.69
白银,2023-10-09,14088.66,57.02,9826759727,697494.28
白银,2023-10-10,14077.26,-11.4,9969091196,708169.86
白银,2023-10-11,14051.6,-25.66,9970141108,709537.78
白银,2023-10-12,14008.84,-42.76,9916673619,707886.85
白银,2023-10-13,13971.78,-37.06,10114472885,723921.57
白银,2023-10-16,13926.17,-45.61,10079643823,723791.53
白银,2023-10-17,13826.41,-99.76,10079643823,729013.81
白银,2023-10-18,13795.05,-31.36,10109672496,732847.83
白银,2023-10-19,13743.74,-51.31,10255351630,746183.47
白银,2023-10-23,13822.13,78.39,10102207772,730872.0
白银,2023-10-26,13802.18,-19.95,10093860912,731323.67
白银,2023-10-30,13773.68,-28.5,10248258243,744046.49
白银,2023-10-31,13745.18,-28.5,9970280477,725365.58
白银,2023-11-01,13685.33,-59.85,10149668655,741645.88
白银,2023-11-02,13705.17,19.84,9975480193,727862.57
白银,2023-11-09,13727.97,22.8,9927118083,723130.81
白银,2023-11-13,13733.67,5.7,9866673919,718429.52
白银,2023-11-15,13709.45,-24.22,10387441761,757684.79
白银,2023-11-16,13652.46,-56.99,10485991635,768066.09
白银,2023-11-17,13595.47,-56.99,10327108529,759599.23
白银,2023-11-20,13739.36,143.89,10391018020,756295.64
白银,2023-11-22,13722.27,-17.09,10430977052,760149.53
白银,2023-11-24,13690.93,-31.34,10892730602,795616.56
白银,2023-11-28,13562.73,-128.2,10881970750,802343.68
白银,2023-11-30,13502.9,-59.83,10899873673,807224.65
白银,2023-12-01,13480.11,-22.79,10898134568,808460.36
白银,2023-12-04,13470.63,-9.48,10510368968,780243.31
白银,2023-12-07,13521.91,51.28,10393585175,768647.71
白银,2023-12-11,13503.39,-18.52,10132212568,750345.84
白银,2023-12-12,13731.26,227.87,10030535619,730489.09
白银,2023-12-15,13705.62,-25.64,10610021641,774136.57
白银,2023-12-18,13791.07,85.45,10598791467,768525.68
白银,2023-12-21,13719.87,-71.2,10750393057,783563.77
白银,2023-12-22,13674.3,-45.57,10716209016,783675.14
白银,2023-12-26,13631.58,-42.72,10531990679,772617.02
白银,2023-12-29,13603.11,-28.47,10456611908,768692.74
白银,2024-01-02,13588.87,-14.24,10127697315,745293.56
白银,2024-01-03,13531.78,-57.09,10009360293,739692.8
白银,2024-01-04,13560.26,28.48,9981127296,736057.22
白银,2024-01-05,13510.43,-49.83,9922078243,734401.37
白银,2024-01-09,13496.19,-14.24,9963418743,738239.37
白银,2024-01-11,13483.38,-12.81,9992701385,741112.49
白银,2024-01-16,13466.3,-17.08,9977328232,740910.88
白银,2024-01-18,13452.06,-14.24,9858251189,732843.24
白银,2024-01-22,13955.95,503.89,10015347441,717639.96
白银,2024-01-23,13998.65,42.7,10015347441,715450.95
白银,2024-01-24,13941.72,-56.93,10203065404,731836.92
白银,2024-01-25,13893.33,-48.39,10183892175,733005.85
白银,2024-01-26,13827.85,-65.48,10183892175,736476.91
白银,2024-01-29,13769.5,-58.35,10180325641,739338.8
白银,2024-01-30,13689.8,-79.7,10152046916,741577.45
白银,2024-01-31,13652.79,-37.01,10131040207,742049.08
白银,2024-02-01,13638.56,-14.23,9936170755,728535.18
白银,2024-02-02,13534.52,-104.04,9792249035,723501.76
白银,2024-02-06,13685.37,150.85,9806528305,716570.2
白银,2024-02-08,13686.79,1.42,9833816585,718489.62
白银,2024-02-09,13627.03,-59.76,10026333653,735768.08
白银,2024-02-12,13611.37,-15.66,10006503972,735157.74
白银,2024-02-14,13597.14,-14.23,9916614978,729316.24
白银,2024-02-15,13635.56,38.42,9916614978,727261.29
白银,2024-02-16,13530.27,-105.29,10007365488,739627.92
白银,2024-02-20,13460.55,-69.72,9983233237,741666.07
白银,2024-02-22,13426.4,-34.15,9955605713,741494.79
白银,2024-02-23,13331.07,-95.33,9629933022,722367.6
白银,2024-02-26,13311.16,-19.91,9814411507,737307.0
白银,2024-02-27,13470.5,159.34,9644906910,716002.15
白银,2024-02-28,13430.66,-39.84,9624223678,716586.06
白银,2024-02-29,13405.05,-25.61,9624223678,717955.07
白银,2024-03-04,13358.43,-46.62,9920532360,742642.09
白银,2024-03-05,13284.45,-73.98,10219956052,769317.21
白银,2024-03-06,13213.33,-71.12,10156696117,768670.43
白银,2024-03-07,13079.61,-133.72,10156696117,776528.97
白银,2024-03-08,13011.33,-68.28,10200142322,783943.1
白银,2024-03-11,13028.4,17.07,10200142322,782915.96
白银,2024-03-14,12997.11,-31.29,10432209697,802656.11
白银,2024-03-15,12923.15,-73.96,10476561646,810681.73
白银,2024-03-18,13290.11,366.96,10625683288,799518.08
白银,2024-03-19,13260.24,-29.87,10528780678,794011.32
白银,2024-03-20,13179.17,-81.07,10802509288,819665.37
白银,2024-03-21,13216.15,36.98,10349863969,783122.47
白银,2024-03-22,13095.26,-120.89,10390038906,793419.83
白银,2024-03-25,13106.64,11.38,10499316828,801068.53
白银,2024-03-26,13159.26,52.62,10392678118,789761.59
白银,2024-03-27,13190.55,31.29,10392678118,787888.16
白银,2024-04-01,13399.59,209.04,10567503086,788643.76
白银,2024-04-02,13487.76,88.17,11118260677,824322.25
白银,2024-04-03,13601.92,114.16,11908049328,875468.27
白银,2024-04-04,13718.53,116.61,11819423492,861566.33
白银,2024-04-05,13728.48,9.95,12295447103,895616.06
白银,2024-04-08,13745.55,17.07,12357149269,898992.71
白银,2024-04-10,13623.26,-122.29,12154788032,892208.48
白银,2024-04-11,13496.72,-126.54,12592890787,933033.42
白银,2024-04-15,13283.44,-213.28,12039799516,906376.63
白银,2024-04-16,13256.43,-27.01,12018049315,906582.64
白银,2024-04-17,13132.73,-123.7,12018049315,915121.94
白银,2024-04-18,13019.0,-113.73,11913776423,915106.88
白银,2024-04-19,12950.75,-68.25,11848884777,914918.81
白银,2024-04-22,13291.96,341.21,11848884777,891432.47
白银,2024-04-23,13320.39,28.43,11652682576,874800.41
白银,2024-04-24,13368.73,48.34,11752825096,879128.02
白银,2024-04-25,13363.04,-5.69,11839117127,885959.87
白银,2024-04-26,13334.61,-28.43,11746109822,880873.89
白银,2024-04-29,13348.82,14.21,11746109822,879936.19
白银,2024-04-30,13283.44,-65.38,11240940152,846237.13
白银,2024-05-01,13209.52,-73.92,11136780982,843087.48
白银,2024-05-02,13203.82,-5.7,11237014382,851042.68
白银,2024-05-03,13189.61,-14.21,11236553848,851924.65
白银,2024-05-09,13132.75,-56.86,12062263915,918487.29
白银,2024-05-10,13101.49,-31.26,12062263915,920678.79
白银,2024-05-14,13073.06,-28.43,12108825762,926242.65
白银,2024-05-16,13046.06,-27.0,12416456318,951739.94
白银,2024-05-17,13014.79,-31.27,13421515337,1031251.01
白银,2024-05-20,13132.75,117.96,13353775554,1016830.1
白银,2024-05-22,13078.75,-54.0,13374357527,1022602.12
白银,2024-05-23,13104.33,25.58,12863163983,981596.46
白银,2024-05-24,13016.22,-88.11,12797404400,983189.01
白银,2024-05-28,12983.54,-32.68,13167381800,1014159.61
白银,2024-05-30,12869.86,-113.68,13035143100,1012842.65
白银,2024-06-04,12917.13,47.27,12335649037,954983.73
白银,2024-06-05,12999.54,82.41,12374476412,951916.48
白银,2024-06-07,13098.99,99.45,12744659974,972949.82
白银,2024-06-10,13150.14,51.15,12546575056,954102.01
白银,2024-06-11,13285.1,134.96,12489390990,940105.15
白银,2024-06-12,13364.66,79.56,12622030438,944433.34
白银,2024-06-14,13390.23,25.57,12572654486,938942.38
白银,2024-06-17,13367.5,-22.73,12561537826,939707.34
白银,2024-06-18,13528.02,160.52,12666575266,936321.45
白银,2024-06-21,13462.68,-65.34,13169702856,978237.83
白银,2024-06-24,13707.0,244.32,13022629264,950071.44
白银,2024-06-25,13628.88,-78.12,12948206038,950056.5
白银,2024-06-27,13600.47,-28.41,12619146290,927846.34
白银,2024-06-28,13606.15,5.68,12842971188,943909.28
白银,2024-07-02,13586.27,-19.88,12797286155,941927.85
白银,2024-07-03,13688.66,102.39,13259708348,968663.72
白银,2024-07-05,13643.21,-45.45,13412709078,983105.08
白银,2024-07-08,13572.2,-71.01,13521251318,996246.1
白银,2024-07-10,13549.48,-22.72,13474283193,994450.21
白银,2024-07-12,13482.74,-66.74,13314334486,987509.55
白银,2024-07-17,13556.58,73.84,13471343917,993712.57
白银,2024-07-19,13678.69,122.11,12796350504,935495.32
白银,2024-07-22,14172.82,494.13,13239974020,934180.64
白银,2024-07-23,14300.6,127.78,13354605925,933849.34
白银,2024-07-24,14204.05,-96.55,13371552133,941390.11
白银,2024-07-26,14340.35,136.3,12791828898,892016.51
白银,2024-07-29,14326.15,-14.2,12955965359,904357.79
白银,2024-07-31,14388.62,62.47,13206420610,917837.89
白银,2024-08-01,14337.51,-51.11,13306819574,928112.31
白银,2024-08-02,14271.88,-65.63,13283394709,930738.96
白银,2024-08-06,14385.45,113.57,12516564525,870085.02
白银,2024-08-07,14486.24,100.79,12643682896,872806.39
白银,2024-08-14,14523.14,36.9,13045881478,898282.43
白银,2024-08-16,14476.3,-46.84,13091871958,904365.89
白银,2024-08-19,14518.88,42.58,13454273295,926674.32
白银,2024-08-20,14567.14,48.26,13939062375,956883.94
白银,2024-08-21,14538.75,-28.39,13813542273,950118.98
白银,2024-08-22,14491.92,-46.83,13771310024,950275.05
白银,2024-08-23,14490.5,-1.42,13709208384,946082.49
白银,2024-08-26,14399.67,-90.83,13622686960,946041.61
白银,2024-08-27,14470.62,70.95,13905991242,960981.03
白银,2024-08-28,14453.59,-17.03,13673347408,946017.38
白银,2024-08-30,14493.33,39.74,13726886710,947117.52
白银,2024-09-03,14507.52,14.19,13200858561,909932.13
白银,2024-09-04,14501.5,-6.02,13091113187,902742.01
白银,2024-09-06,14500.09,-1.41,13443773705,927151.05
白银,2024-09-09,14480.22,-19.87,13094262580,904286.16
白银,2024-09-10,14545.49,65.27,13295745847,914080.3
白银,2024-09-13,14575.29,29.8,14039403365,963233.21
白银,2024-09-16,14389.42,-185.87,14296950265,993573.77
白银,2024-09-17,14341.18,-48.24,14142768147,986164.89
白银,2024-09-18,14295.78,-45.4,14056426976,983257.09
白银,2024-09-20,14239.03,-56.75,14332128850,1006538.29
白银,2024-09-23,14528.45,289.42,14302962421,984479.58
白银,2024-09-24,14457.51,-70.94,14346795567,992342.08
白银,2024-09-26,14602.21,144.7,15243536495,1043919.82
白银,2024-09-27,14636.26,34.05,15013011511,1025740.97
白银,2024-09-30,14593.7,-42.56,14574601678,998691.33
白银,2024-10-02,14542.62,-51.08,14676182757,1009184.23
白银,2024-10-03,14487.3,-55.32,14671387585,1012706.82
白银,2024-10-04,14508.57,21.27,14953953683,1030697.97
白银,2024-10-07,14570.99,62.42,14933347227,1024868.4
白银,2024-10-08,14663.18,92.19,14744780372,1005564.98
白银,2024-10-10,14634.81,-28.37,14428836345,985925.77
白银,2024-10-11,14620.63,-14.18,14661437417,1002791.08
白银,2024-10-16,14727.0,106.37,15051205877,1022014.39
白银,2024-10-18,14766.71,39.71,15248057733,1032596.82
白银,2024-10-21,14870.23,103.52,16250776651,1092839.63
白银,2024-10-22,14863.14,-7.09,16445894601,1106488.58
白银,2024-10-23,14841.87,-21.27,16462686528,1109205.68
白银,2024-10-24,14936.88,95.01,16387793747,1097136.33
白银,2024-10-25,14873.07,-63.81,15846528989,1065451.11
白银,2024-10-28,14853.22,-19.85,15936942979,1072962.16
白银,2024-10-30,14966.66,113.44,16368629566,1093672.84
白银,2024-11-01,14949.64,-17.02,15758379228,1054097.57
白银,2024-11-04,14915.16,-34.48,15747009843,1055772.1
白银,2024-11-05,14800.31,-114.85,15535127412,1049648.79
白银,2024-11-07,14862.69,62.38,14861920568,999948.23
白银,2024-11-08,14852.77,-9.92,15064292362,1014241.27
白银,2024-11-11,14818.74,-34.03,14917198222,1006644.17
白银,2024-11-12,14779.05,-39.69,14444635507,977372.4
白银,2024-11-13,14732.26,-46.79,14637900278,993595.03
白银,2024-11-14,14635.86,-96.4,14108989249,964001.38
白银,2024-11-15,14675.56,39.7,14463195449,985529.37
白银,2024-11-18,14854.18,178.62,14676882209,988064.11
白银,2024-11-20,14800.31,-53.87,14685099436,992215.67
白银,2024-11-25,14766.29,-34.02,14612343299,989574.45
白银,2024-11-27,14754.95,-11.34,14458405911,979902.06
白银,2024-11-29,14709.59,-45.36,14512863251,986625.95
白银,2024-12-03,14640.99,-68.6,14546968212,993578.18
白银,2024-12-05,14775.63,134.64,14889371643,1007697.92
白银,2024-12-06,14733.11,-42.52,14735006212,1000128.7
白银,2024-12-09,14675.0,-58.11,14921626863,1016805.92
白银,2024-12-10,14594.23,-80.77,14965965810,1025471.42
白银,2024-12-11,14414.25,-179.98,14688490006,1019025.62
白银,2024-12-12,14397.24,-17.01,14754276578,1024798.96
白银,2024-12-13,14247.03,-150.21,14075641955,987970.26
白银,2024-12-16,14261.2,14.17,14052387248,985357.98
白银,2024-12-17,14227.19,-34.01,13860869214,974252.06
白银,2024-12-19,14232.86,5.67,13490783859,947861.77
白银,2024-12-20,14424.15,191.29,13349659151,925507.51
白银,2024-12-24,14358.97,-65.18,13604817456,947478.65
白银,2024-12-27,14323.55,-35.42,13646673186,952743.78
白银,2024-12-31,14375.97,52.42,13353862863,928901.69
白银,2025-01-02,14426.97,51.0,13632812111,944953.24
白银,2025-01-03,14375.32,-51.65,13779260163,958535.89
白银,2025-01-06,14287.49,-87.83,13903505885,973124.45
白银,2025-01-10,14307.32,19.83,13961145460,975804.38
白银,2025-01-13,14314.4,7.08,13748880008,960492.93
白银,2025-01-14,14458.88,144.48,13820081536,955819.64
白银,2025-01-16,14410.72,-48.16,14223077906,986978.99
白银,2025-01-21,14433.38,22.66,14142387763,979838.94
白银,2025-01-22,14277.59,-155.79,14131799332,989788.85
白银,2025-01-23,14226.6,-50.99,13934758338,979486.2
白银,2025-01-24,14205.36,-21.24,14080452931,991207.05
白银,2025-01-27,14148.71,-56.65,13905432333,982805.66
白银,2025-01-28,14097.73,-50.98,13660218601,968965.83
白银,2025-01-29,14035.41,-62.32,13730492771,978275.15
白银,2025-01-30,13961.78,-73.63,13907365098,996102.58
白银,2025-01-31,13882.47,-79.31,14100409846,1015698.92
白银,2025-02-03,13873.97,-8.5,13950688126,1005529.64
白银,2025-02-04,13771.81,-102.16,13988673197,1015746.89
白银,2025-02-05,13386.65,-385.16,13889895895,1037593.12
白银,2025-02-06,13332.84,-53.81,13724561332,1029380.19
白银,2025-02-07,13389.48,56.64,13892455495,1037564.98
白银,2025-02-10,13604.71,215.23,14110847758,1037203.13
白银,2025-02-12,13654.26,49.55,13942374455,1021100.7
白银,2025-02-18,13583.47,-70.79,14172413964,1043357.4
白银,2025-02-19,13535.34,-48.13,14317810994,1057809.48
白银,2025-02-20,13521.18,-14.16,14367842327,1062617.49
白银,2025-02-21,13535.34,14.16,14326121275,1058423.45
白银,2025-02-24,13729.29,193.95,14345485708,1044881.83
白银,2025-02-25,13655.67,-73.62,14108096253,1033131.02
白银,2025-02-26,13658.51,2.84,13922002676,1019291.47
白银,2025-02-27,13613.21,-45.3,13879998552,1019597.77
白银,2025-02-28,13638.69,25.48,13647086780,1000615.66
白银,2025-03-03,13582.06,-56.63,13760148777,1013112.06
白银,2025-03-04,13576.71,-5.35,13925830850,1025714.69
白银,2025-03-05,13562.56,-14.15,14063736641,1036952.95
白银,2025-03-06,13508.77,-53.79,14083770123,1042564.95
白银,2025-03-07,13548.4,39.63,14153213647,1044640.96
白银,2025-03-10,13573.88,25.48,14183613796,1044919.64
白银,2025-03-11,13539.91,-33.97,14167509112,1046351.79
白银,2025-03-12,13515.85,-24.06,14350716405,1061769.43
白银,2025-03-13,13544.16,28.31,14432834548,1065613.12
白银,2025-03-14,13671.54,127.38,14895862053,1089552.61
白银,2025-03-17,13821.56,150.02,15003190615,1085491.84
白银,2025-03-18,13811.65,-9.91,15132106335,1095604.53
白银,2025-03-20,13777.69,-33.96,14751175471,1070656.65
白银,2025-03-21,13723.91,-53.78,14636020802,1066461.44
白银,2025-03-24,14148.46,424.55,15045099266,1063373.63
白银,2025-03-26,13950.35,-198.11,15136697328,1085040.69
白银,2025-03-27,13916.39,-33.96,15256225170,1096277.5
白银,2025-03-28,13944.69,28.3,15414827810,1105426.35
白银,2025-04-01,13933.37,-11.32,15211080962,1091701.5
白银,2025-04-02,13897.99,-35.38,15133736747,1088915.5
白银,2025-04-03,13852.71,-45.28,14462925824,1044050.29
白银,2025-04-04,13881.01,28.3,13985740847,1007544.9
白银,2025-04-07,13916.38,35.37,13566674308,974870.93
白银,2025-04-08,13937.6,21.22,13582698840,974536.42
白银,2025-04-09,13922.04,-15.56,13506917746,970182.37
白银,2025-04-10,13981.46,59.42,13899278287,994122.09
白银,2025-04-11,13972.97,-8.49,14045636195,1005200.48
白银,2025-04-15,14066.34,93.37,14609064919,1038583.24
白银,2025-04-16,14103.13,36.79,14939533582,1059306.24
白银,2025-04-17,14120.1,16.97,14664503902,1038555.24
白银,2025-04-23,14073.42,-46.68,14908911399,1059366.62
白银,2025-04-24,13960.26,-113.16,14984030535,1073334.63
白银,2025-04-25,13956.01,-4.25,14952347236,1071391.27
白银,2025-04-28,14056.44,100.43,14912493355,1060901.15
白银,2025-04-29,14130.0,73.56,15088021570,1067800.54
白银,2025-04-30,14151.21,21.21,14655506596,1035636.29
白银,2025-05-01,14009.77,-141.44,14463722960,1032402.6
白银,2025-05-02,14015.31,5.54,14583356142,1040530.4
白银,2025-05-05,13958.74,-56.57,14523887693,1040487.01
白银,2025-05-09,14020.96,62.22,14655452642,1045253.15
白银,2025-05-12,14029.45,8.49,14440447493,1029295.34
白银,2025-05-13,13999.75,-29.7,14841775409,1060145.75
白银,2025-05-14,13971.47,-28.28,14768909311,1057076.26
白银,2025-05-16,13914.9,-56.57,14373174597,1032934.09
白银,2025-05-19,13989.85,74.95,14623183021,1045270.89
白银,2025-05-20,14054.9,65.05,14681953124,1044614.56
白银,2025-05-22,14132.67,77.77,14865043381,1051821.3
白银,2025-05-23,14217.5,84.83,15123229662,1063705.27
白银,2025-05-29,14303.75,86.25,15340221069,1072461.49
白银,2025-06-02,14351.82,48.07,15333281364,1068385.85
白银,2025-06-03,14416.65,64.83,15874450490,1101119.23
白银,2025-06-04,14552.37,135.72,16070470522,1104319.81
白银,2025-06-05,14672.53,120.16,16884614999,1150763.71
白银,2025-06-06,14709.29,36.76,17111121440,1163286.7
白银,2025-06-09,14656.98,-52.31,17080195685,1165328.44
白银,2025-06-10,14689.5,32.52,17358717388,1181709.21
白银,2025-06-11,14729.08,39.58,17140071099,1163689.18
白银,2025-06-13,14675.36,-53.72,17018105545,1159638.03
白银,2025-06-16,14714.94,39.58,17205241340,1169236.26
白银,2025-06-17,14675.36,-39.58,17484277943,1191403.68
白银,2025-06-18,14763.0,87.64,17631190196,1194282.34
白银,2025-06-20,14750.28,-12.72,17129422458,1161294.73
白银,2025-06-23,14950.99,200.71,17361861228,1161251.61
白银,2025-06-24,14877.49,-73.5,17245159691,1159144.43
白银,2025-06-25,14917.07,39.58,17146931605,1149483.89
白银,2025-06-26,14866.19,-50.88,17482507530,1175991.13
白银,2025-06-30,14826.61,-39.58,17141846683,1156154.15
白银,2025-07-01,14869.01,42.4,17444015655,1173179.36
白银,2025-07-02,14846.12,-22.89,17328410108,1167201.27
白银,2025-07-03,14868.74,22.62,17629438905,1185671.34
白银,2025-07-08,14935.15,66.41,17656567841,1182215.63
白银,2025-07-09,14966.24,31.09,17604065123,1176251.69
白银,2025-07-10,14889.93,-76.31,17619377147,1183308.26
白银,2025-07-11,14758.52,-131.41,17791014898,1205474.19
白银,2025-07-14,14966.24,207.72,18760075094,1253492.87
白银,2025-07-15,14856.02,-110.22,18270582220,1229843.67
白银,2025-07-16,14819.29,-36.73,18041725795,1217448.73
白银,2025-07-17,14694.95,-124.34,17833375502,1213571.7
白银,2025-07-18,14658.21,-36.74,18031244499,1230112.31
白银,2025-07-21,15005.79,347.58,18554652609,1236499.55
白银,2025-07-22,15158.37,152.58,18923445991,1248382.64
白银,2025-07-23,15207.82,49.45,19219628429,1263799.05
白银,2025-07-25,15230.43,22.61,18961223359,1244956.53
白银,2025-07-28,15159.79,-70.64,18575160226,1225291.39
白银,2025-07-29,15173.92,14.13,18582464984,1224631.8
白银,2025-07-30,15149.9,-24.02,18462678710,1218666.7
白银,2025-07-31,15062.32,-87.58,17532395413,1163990.37
白银,2025-08-01,15056.67,-5.65,17656277663,1172654.89
白银,2025-08-04,15021.87,-34.8,17941163723,1194336.24
白银,2025-08-05,15044.48,22.61,18064650587,1200749.42
白银,2025-08-06,15112.28,67.8,18352316427,1214397.59
白银,2025-08-08,14990.8,-121.48,18452491475,1230921.06
白银,2025-08-11,15058.6,67.8,18276179412,1213670.55
白银,2025-08-12,15099.56,40.96,18294093451,1211564.67
白银,2025-08-14,15071.31,-28.25,18562202955,1231625.05
白银,2025-08-18,15356.61,285.3,18799079382,1224168.58
白银,2025-08-19,15339.66,-16.95,18770672695,1223669.41
白银,2025-08-20,15305.76,-33.9,18239298341,1191662.38
白银,2025-08-21,15277.52,-28.24,18446061091,1207398.92
白银,2025-08-22,15288.82,11.3,18675733819,1221528.79
白银,2025-08-26,15274.7,-14.12,18861259140,1234803.9
白银,2025-08-28,15332.59,57.89,19186130945,1251330.07
白银,2025-08-29,15310.0,-22.59,19091134876,1246971.58
白银,2025-09-02,15366.48,56.48,20010304176,1302204.81
白银,2025-09-03,15281.4,-85.08,20074061751,1313627.14
白银,2025-09-04,15230.57,-50.83,20058425028,1316984.53
白银,2025-09-05,15193.85,-36.72,19902330154,1309893.82
白银,2025-09-08,15137.38,-56.47,20044097556,1324145.76
白银,2025-09-09,15069.6,-67.78,19980720732,1325895.89
白银,2025-09-15,15152.9,83.3,20554773292,1356491.05
白银,2025-09-16,15217.84,64.94,20882342625,1372227.77
白银,2025-09-17,15189.61,-28.23,20147393960,1326393.1
白银,2025-09-18,15205.14,15.53,20456145835,1345344.13
白银,2025-09-22,15368.9,163.76,21604330270,1405717.41
白银,2025-09-23,15469.12,100.22,22038399536,1424670.54
白银,2025-09-25,15390.07,-79.05,22229447782,1444401.99
白银,2025-09-26,15361.84,-28.23,22217985227,1446310.16
白银,2025-09-29,15521.35,159.51,23420944916,1508950.25
白银,2025-09-30,15685.09,163.74,23276965580,1484018.62
白银,2025-10-01,15642.75,-42.34,23769514517,1519522.75
白银,2025-10-02,15408.48,-234.27,23478563884,1523743.02
白银,2025-10-03,15169.94,-238.54,23217172593,1530472.28
白银,2025-10-06,15311.09,141.15,23904824781,1561275.18
白银,2025-10-07,15395.77,84.68,23979803118,1557557.9
白银,2025-10-08,15415.53,19.76,24285324188,1575380.42
白银,2025-10-09,15452.23,36.7,24690568897,1597864.44
白银,2025-10-10,15443.76,-8.47,25200535369,1631761.65
白银,2025-10-13,15754.26,310.5,25949353748,1647132.51
白银,2025-10-14,15733.09,-21.17,26055755815,1656111.79
白银,2025-10-15,15422.61,-310.48,26069188235,1690322.73
白银,2025-10-17,15497.4,74.79,26949779765,1738987.17
白银,2025-10-20,15769.78,272.38,26256299725,1664975.65
白银,2025-10-21,15676.64,-93.14,25165878726,1605310.75
白银,2025-10-22,15597.61,-79.03,23942916912,1535037.54
白银,2025-10-23,15469.2,-128.41,24414342888,1578255.04
白银,2025-10-24,15419.81,-49.39,23790701430,1542866.06
白银,2025-10-27,15340.79,-79.02,23352105294,1522223.13
白银,2025-10-28,15209.57,-131.22,22699631881,1492457.18
白银,2025-10-30,15189.82,-19.75,23519257884,1548356.59
白银,2025-11-04,15167.64,-22.18,23288900909,1535433.39
白银,2025-11-05,15150.71,-16.93,23189518976,1530589.59
白银,2025-11-06,15114.03,-36.68,23655424172,1565130.16
白银,2025-11-07,15088.63,-25.4,23620201641,1565430.5
白银,2025-11-13,15173.28,84.65,26275263010,1731679.84
白银,2025-11-14,15218.42,45.14,25443021353,1671856.96
白银,2025-11-19,15226.88,8.46,25548464621,1677852.89
白银,2025-11-20,15246.63,19.75,24917049360,1634266.02
白银,2025-11-21,15257.92,11.29,23983481322,1571870.96
白银,2025-11-24,15511.81,253.89,24947745873,1608306.57
白银,2025-11-25,15582.33,70.52,25644510840,1645743.02
