"日期","收盘","开盘","高","低","交易量","涨跌幅"
"2023-12-9","76.881","74.896","77.550","72.984","12.32M","2.65%"
"2023-12-8","74.896","67.798","75.242","67.798","14.15M","10.48%"
"2023-12-7","67.791","61.898","69.322","61.677","13.53M","9.53%"
"2023-12-6","61.896","60.959","66.631","60.959","13.83M","1.54%"
"2023-12-5","60.959","61.575","62.548","59.153","7.72M","-1.00%"
"2023-12-4","61.572","62.988","65.243","60.081","10.40M","-2.25%"
"2023-12-3","62.988","63.795","65.419","62.329","6.52M","-1.28%"
"2023-12-2","63.807","59.756","63.898","59.674","6.29M","6.78%"
"2023-12-1","59.754","59.199","61.846","58.614","6.66M","0.94%"
"2023-11-30","59.199","59.292","61.646","58.858","5.67M","-0.16%"
"2023-11-29","59.294","58.184","61.706","57.766","9.66M","1.89%"
"2023-11-28","58.192","55.055","58.634","53.978","7.11M","5.69%"
"2023-11-27","55.060","57.559","58.040","53.590","6.16M","-4.34%"
"2023-11-26","57.559","58.809","59.007","56.260","4.24M","-2.13%"
"2023-11-25","58.809","56.870","59.715","55.895","5.31M","3.42%"
"2023-11-24","56.863","56.412","58.712","56.242","5.28M","0.80%"
"2023-11-23","56.412","57.538","59.506","56.192","6.23M","-1.86%"
"2023-11-22","57.482","51.691","58.825","51.650","9.83M","11.20%"
"2023-11-21","51.691","56.574","57.316","51.401","12.95M","-8.63%"
"2023-11-20","56.574","61.087","61.199","56.234","8.92M","-7.43%"
"2023-11-19","61.114","58.566","62.011","56.724","9.09M","4.38%"
"2023-11-18","58.552","58.497","59.313","54.856","9.19M","0.09%"
"2023-11-17","58.497","57.823","60.442","54.205","14.71M","1.18%"
"2023-11-16","57.815","65.527","68.076","56.552","18.33M","-11.81%"
"2023-11-15","65.555","56.820","67.030","56.234","16.38M","15.37%"
"2023-11-14","56.820","51.639","57.751","51.603","15.40M","9.98%"
"2023-11-13","51.662","56.350","59.800","51.635","14.45M","-8.32%"
"2023-11-12","56.350","56.375","61.823","54.617","13.54M","-0.01%"
"2023-11-11","56.354","56.677","63.576","53.636","18.65M","-0.57%"
"2023-11-10","56.677","45.305","57.442","45.095","19.27M","25.02%"
"2023-11-9","45.335","43.132","48.777","42.529","16.80M","5.12%"
"2023-11-8","43.127","42.946","43.866","42.295","6.00M","0.42%"
"2023-11-7","42.946","42.171","44.442","40.236","12.27M","1.80%"
"2023-11-6","42.187","41.157","42.190","39.687","7.07M","2.51%"
"2023-11-5","41.154","42.426","42.826","40.297","5.78M","-2.99%"
"2023-11-4","42.424","39.454","42.675","39.032","9.18M","7.53%"
"2023-11-3","39.452","40.246","40.250","38.072","12.86M","-1.97%"
"2023-11-2","40.246","41.113","44.501","38.762","18.19M","-2.11%"
"2023-11-1","41.113","38.401","46.479","37.926","25.10M","7.07%"
"2023-10-31","38.398","34.942","38.561","34.862","12.76M","9.89%"
"2023-10-30","34.942","32.830","35.199","32.385","9.62M","6.51%"
"2023-10-29","32.805","31.632","33.142","31.312","4.67M","3.71%"
"2023-10-28","31.632","31.724","32.500","31.413","3.13M","-0.29%"
"2023-10-27","31.724","32.780","33.305","31.456","7.87M","-3.22%"
"2023-10-26","32.780","32.448","33.242","30.777","9.53M","1.04%"
"2023-10-25","32.444","30.160","33.841","30.038","13.17M","7.57%"
"2023-10-24","30.160","31.922","32.552","29.592","13.77M","-5.52%"
"2023-10-23","31.922","29.051","32.709","28.770","15.07M","9.89%"
"2023-10-22","29.049","29.325","29.992","28.123","6.55M","-1.00%"
"2023-10-21","29.343","27.020","30.165","26.665","11.47M","8.60%"
"2023-10-20","27.020","24.927","27.350","24.732","9.71M","8.33%"
"2023-10-19","24.942","23.420","25.434","23.181","7.60M","6.51%"
"2023-10-18","23.417","23.934","24.360","23.380","3.99M","-2.16%"
"2023-10-17","23.934","23.954","24.520","23.579","5.52M","-0.08%"
"2023-10-16","23.952","21.914","24.583","21.900","8.67M","9.30%"
"2023-10-15","21.914","22.000","22.152","21.670","1.82M","-0.35%"
"2023-10-14","21.990","21.838","22.220","21.808","1.55M","0.69%"
"2023-10-13","21.840","21.299","22.175","21.120","2.97M","2.54%"
"2023-10-12","21.299","22.008","22.032","21.032","3.40M","-3.26%"
"2023-10-11","22.015","22.098","22.416","21.630","3.55M","-0.38%"
"2023-10-10","22.098","22.100","22.459","21.703","2.81M","0.01%"
"2023-10-9","22.097","23.222","23.370","21.782","4.87M","-4.85%"
"2023-10-8","23.224","23.301","23.613","23.101","2.21M","-0.34%"
"2023-10-7","23.303","23.701","23.824","23.091","3.43M","-0.77%"
"2023-10-6","23.483","22.670","23.731","22.670","5.05M","3.59%"
"2023-10-5","22.670","23.140","23.730","22.592","4.05M","-2.03%"
"2023-10-4","23.140","23.608","23.776","22.665","4.83M","-1.98%"
"2023-10-3","23.608","23.360","24.697","23.268","7.03M","1.06%"
"2023-10-2","23.360","23.887","24.671","22.930","8.00M","-2.19%"
"2023-10-1","23.883","21.364","24.433","21.138","7.77M","11.79%"
"2023-9-30","21.364","20.280","21.762","20.100","4.41M","5.34%"
"2023-9-29","20.280","19.960","20.424","19.853","3.29M","1.60%"
"2023-9-28","19.960","19.127","19.976","19.105","3.97M","4.35%"
"2023-9-27","19.127","19.026","19.460","18.762","3.39M","0.53%"
"2023-9-26","19.026","19.398","19.520","18.868","2.50M","-1.92%"
"2023-9-25","19.398","19.362","19.736","19.140","2.24M","0.20%"
"2023-9-24","19.358","19.488","19.654","19.278","1.33M","-0.66%"
"2023-9-23","19.488","19.428","19.563","19.290","1.17M","0.31%"
"2023-9-22","19.428","19.463","19.780","19.172","2.36M","-0.18%"
"2023-9-21","19.463","20.292","20.292","19.313","4.02M","-4.11%"
"2023-9-20","20.297","20.030","20.508","19.818","3.43M","1.33%"
"2023-9-19","20.030","19.650","20.362","19.582","3.76M","1.95%"
"2023-9-18","19.648","18.822","20.122","18.613","4.87M","4.39%"
"2023-9-17","18.822","19.130","19.132","18.682","1.31M","-1.61%"
"2023-9-16","19.130","19.143","19.421","18.885","1.83M","-0.05%"
"2023-9-15","19.140","18.852","19.433","18.567","2.91M","1.54%"
"2023-9-14","18.850","18.398","19.300","18.398","5.38M","2.46%"
"2023-9-13","18.398","17.912","18.520","17.708","5.12M","2.72%"
"2023-9-12","17.910","17.738","18.690","17.570","5.94M","0.98%"
"2023-9-11","17.736","18.238","18.438","17.396","6.02M","-2.71%"
"2023-9-10","18.230","19.432","19.440","17.850","6.86M","-6.19%"
"2023-9-9","19.432","19.608","19.610","19.385","846.26K","-0.91%"
"2023-9-8","19.610","19.904","20.270","19.395","2.43M","-1.48%"
"2023-9-7","19.904","19.640","19.990","19.340","2.92M","1.34%"
"2023-9-6","19.640","20.258","20.370","19.206","4.10M","-3.05%"
"2023-9-5","20.258","19.520","20.571","19.047","5.07M","3.80%"
"2023-9-4","19.517","19.572","19.998","19.181","2.62M","-0.28%"
"2023-9-3","19.572","19.500","19.668","19.256","1.34M","0.37%"
"2023-9-2","19.500","19.322","19.678","19.146","1.73M","0.92%"
"2023-9-1","19.322","19.737","19.920","19.080","3.33M","-2.05%"
"2023-8-31","19.727","20.812","21.008","19.481","4.82M","-5.21%"
"2023-8-30","20.812","21.792","21.958","20.600","3.17M","-4.50%"
"2023-8-29","21.792","20.568","21.982","20.118","6.61M","5.95%"
"2023-8-28","20.568","20.790","20.790","20.086","2.10M","-1.07%"
"2023-8-27","20.790","20.288","20.908","20.240","1.37M","2.47%"
"2023-8-26","20.288","20.420","20.422","20.206","937.78K","-0.65%"
"2023-8-25","20.420","21.058","21.058","20.096","2.95M","-3.03%"
"2023-8-24","21.058","21.738","22.018","20.684","3.36M","-3.13%"
"2023-8-23","21.738","20.584","21.784","20.448","4.59M","5.61%"
"2023-8-22","20.584","21.192","21.262","19.557","4.50M","-2.86%"
"2023-8-21","21.190","21.770","21.772","20.448","3.36M","-2.65%"
"2023-8-20","21.768","21.900","22.014","21.596","1.34M","-0.60%"
"2023-8-19","21.900","21.346","22.150","21.308","2.11M","2.59%"
"2023-8-18","21.348","21.698","22.172","20.976","4.84M","-1.62%"
"2023-8-17","21.700","22.816","23.416","20.265","7.70M","-4.89%"
"2023-8-16","22.816","23.920","24.016","22.438","5.48M","-4.72%"
"2023-8-15","23.946","25.180","25.280","23.744","4.84M","-4.89%"
"2023-8-14","25.176","24.230","25.271","24.117","3.66M","3.90%"
"2023-8-13","24.230","24.902","24.940","24.216","2.34M","-2.70%"
"2023-8-12","24.902","24.616","25.128","24.396","2.25M","1.15%"
"2023-8-11","24.618","24.605","24.898","24.354","2.94M","0.05%"
"2023-8-10","24.605","24.385","24.860","24.135","3.08M","0.90%"
"2023-8-9","24.385","24.210","24.984","24.122","4.70M","0.72%"
"2023-8-8","24.210","23.117","24.740","23.026","5.92M","4.77%"
"2023-8-7","23.109","23.197","23.579","22.418","3.78M","-0.38%"
"2023-8-6","23.197","22.648","23.432","22.578","3.07M","2.42%"
"2023-8-5","22.648","22.796","22.926","22.311","2.16M","-0.65%"
"2023-8-4","22.796","22.640","23.558","22.508","4.07M","0.69%"
"2023-8-3","22.640","23.148","23.372","22.484","3.63M","-2.19%"
"2023-8-2","23.148","24.050","24.234","22.930","4.22M","-3.59%"
"2023-8-1","24.010","23.722","24.040","23.012","4.53M","1.22%"
"2023-7-31","23.720","24.250","24.780","23.608","3.99M","-2.19%"
"2023-7-30","24.250","25.158","25.210","23.763","3.53M","-3.62%"
"2023-7-29","25.160","24.820","25.380","24.755","2.26M","1.37%"
"2023-7-28","24.820","25.100","25.522","24.554","3.60M","-1.12%"
"2023-7-27","25.102","25.174","25.634","24.700","5.27M","-0.35%"
"2023-7-26","25.190","23.270","25.581","23.182","7.50M","8.25%"
"2023-7-25","23.270","23.370","23.578","22.767","3.35M","-0.43%"
"2023-7-24","23.370","24.763","24.830","22.917","5.22M","-5.61%"
"2023-7-23","24.760","24.522","25.248","24.233","3.14M","0.98%"
"2023-7-22","24.520","25.492","25.960","24.260","2.99M","-3.81%"
"2023-7-21","25.492","25.378","25.994","25.098","4.23M","0.48%"
"2023-7-20","25.371","26.310","27.358","25.096","6.37M","-3.60%"
"2023-7-19","26.320","25.554","26.980","25.378","6.48M","3.00%"
"2023-7-18","25.554","26.804","27.062","24.793","8.12M","-4.66%"
"2023-7-17","26.804","27.420","28.455","25.794","10.59M","-2.25%"
"2023-7-16","27.420","27.461","28.553","26.764","8.11M","-0.13%"
"2023-7-15","27.456","26.675","29.072","26.547","12.93M","2.91%"
"2023-7-14","26.679","25.991","30.574","25.309","23.77M","2.63%"
"2023-7-13","25.995","21.938","26.651","21.450","19.22M","18.47%"
"2023-7-12","21.942","22.078","22.720","21.776","7.45M","-0.62%"
"2023-7-11","22.078","21.298","22.305","21.212","5.53M","3.63%"
"2023-7-10","21.305","21.325","21.790","20.532","6.75M","-0.17%"
"2023-7-9","21.342","21.823","22.332","21.042","4.59M","-2.21%"
"2023-7-8","21.823","21.495","22.447","21.329","7.76M","1.54%"
"2023-7-7","21.493","19.616","21.698","19.298","11.56M","9.43%"
"2023-7-6","19.641","18.992","20.964","18.860","11.93M","3.43%"
"2023-7-5","18.990","19.134","19.376","18.476","3.19M","-0.75%"
"2023-7-4","19.134","19.234","19.928","19.080","3.86M","-0.52%"
"2023-7-3","19.234","19.460","19.640","18.890","3.79M","-1.17%"
"2023-7-2","19.462","18.719","19.718","18.559","5.97M","3.97%"
"2023-7-1","18.719","18.858","18.983","17.919","4.08M","-0.74%"
"2023-6-30","18.858","17.988","19.930","17.330","13.57M","4.83%"
"2023-6-29","17.990","15.968","18.238","15.885","9.57M","12.68%"
"2023-6-28","15.965","16.622","16.648","15.712","5.32M","-3.95%"
"2023-6-27","16.622","16.262","16.920","16.140","3.85M","2.21%"
"2023-6-26","16.262","16.962","17.112","15.986","3.98M","-4.14%"
"2023-6-25","16.964","16.642","17.380","16.573","3.45M","1.94%"
"2023-6-24","16.642","17.142","17.525","16.392","3.53M","-2.92%"
"2023-6-23","17.142","16.634","17.512","16.218","6.42M","3.06%"
"2023-6-22","16.634","17.237","17.725","16.582","4.33M","-3.55%"
"2023-6-21","17.245","16.633","17.402","16.570","5.53M","3.68%"
"2023-6-20","16.633","16.102","16.653","15.758","4.10M","3.29%"
"2023-6-19","16.102","15.448","16.130","15.368","2.41M","4.23%"
"2023-6-18","15.448","15.640","15.828","15.340","1.94M","-1.23%"
"2023-6-17","15.640","15.320","16.093","15.170","3.12M","2.09%"
"2023-6-16","15.320","14.787","15.450","14.454","3.94M","3.60%"
"2023-6-15","14.787","14.490","15.049","14.189","5.38M","2.07%"
"2023-6-14","14.488","15.037","15.336","14.140","4.82M","-3.66%"
"2023-6-13","15.038","15.191","15.931","14.780","5.77M","-1.00%"
"2023-6-12","15.190","15.550","15.649","14.759","6.09M","-2.32%"
"2023-6-11","15.551","15.622","16.142","15.142","7.04M","-0.46%"
"2023-6-10","15.623","17.398","17.398","13.330","20.69M","-10.20%"
"2023-6-9","17.398","18.890","19.325","17.125","6.20M","-7.91%"
"2023-6-8","18.892","18.633","19.093","18.258","3.15M","1.42%"
"2023-6-7","18.627","20.390","20.512","18.527","5.40M","-8.65%"
"2023-6-6","20.390","19.993","20.685","19.265","5.77M","1.95%"
"2023-6-5","20.000","21.830","22.052","19.353","8.37M","-8.38%"
"2023-6-4","21.830","21.195","22.290","21.035","3.61M","3.02%"
"2023-6-3","21.190","21.262","21.345","20.994","1.48M","-0.32%"
"2023-6-2","21.258","20.497","21.372","20.325","2.66M","3.71%"
"2023-6-1","20.497","20.820","20.983","20.437","2.29M","-1.56%"
"2023-5-31","20.823","21.253","21.326","20.435","2.84M","-2.02%"
"2023-5-30","21.253","20.572","21.396","20.472","4.46M","3.31%"
"2023-5-29","20.572","20.800","20.974","20.280","2.84M","-1.10%"
"2023-5-28","20.802","20.422","21.165","20.302","3.53M","1.85%"
"2023-5-27","20.424","19.353","20.512","19.330","2.00M","5.55%"
"2023-5-26","19.350","19.250","19.553","19.093","1.44M","0.52%"
"2023-5-25","19.250","19.213","19.540","18.798","2.37M","0.19%"
"2023-5-24","19.213","20.030","20.070","18.852","3.80M","-4.07%"
"2023-5-23","20.028","19.530","20.166","19.426","3.28M","2.55%"
"2023-5-22","19.530","19.612","19.997","19.370","3.02M","-0.42%"
"2023-5-21","19.612","20.290","20.390","19.413","2.57M","-3.34%"
"2023-5-20","20.290","20.350","20.360","20.113","1.28M","-0.29%"
"2023-5-19","20.350","20.347","20.563","20.267","1.66M","0.01%"
"2023-5-18","20.347","21.047","21.090","20.127","3.67M","-3.33%"
"2023-5-17","21.047","20.673","21.182","20.440","3.49M","1.81%"
"2023-5-16","20.673","20.987","21.133","20.450","3.77M","-1.51%"
"2023-5-15","20.990","20.944","21.504","20.622","3.93M","0.22%"
"2023-5-14","20.944","20.832","21.234","20.632","1.97M","0.54%"
"2023-5-13","20.832","20.906","21.277","20.792","2.31M","-0.35%"
"2023-5-12","20.906","20.184","20.936","19.830","4.36M","3.57%"
"2023-5-11","20.184","20.934","20.934","19.797","4.78M","-3.57%"
"2023-5-10","20.932","20.658","21.297","19.999","6.52M","1.26%"
"2023-5-9","20.673","20.632","20.997","20.427","3.22M","0.19%"
"2023-5-8","20.632","21.657","21.807","20.003","7.05M","-4.72%"
"2023-5-7","21.655","21.928","22.734","21.655","3.80M","-1.25%"
"2023-5-6","21.928","22.825","23.224","21.613","3.87M","-3.93%"
"2023-5-5","22.825","21.740","23.043","21.656","4.96M","4.99%"
"2023-5-4","21.740","22.220","22.472","21.616","3.21M","-2.16%"
"2023-5-3","22.220","22.250","22.282","21.254","5.12M","-0.14%"
"2023-5-2","22.252","21.952","22.374","21.760","3.28M","1.26%"
"2023-5-1","21.975","22.739","22.880","21.600","5.00M","-3.36%"
"2023-4-30","22.739","23.186","23.902","22.739","4.05M","-1.93%"
"2023-4-29","23.186","23.348","23.778","22.934","4.04M","-0.69%"
"2023-4-28","23.348","22.332","23.471","22.184","6.06M","4.55%"
"2023-4-27","22.332","21.284","22.494","21.180","5.97M","4.92%"
"2023-4-26","21.284","21.920","22.937","20.476","8.43M","-2.90%"
"2023-4-25","21.920","21.380","21.962","20.736","4.28M","2.53%"
"2023-4-24","21.380","21.470","21.982","21.036","3.84M","-0.42%"
"2023-4-23","21.470","21.795","22.237","21.012","3.47M","-1.49%"
"2023-4-22","21.795","21.267","21.972","21.067","2.44M","2.48%"
"2023-4-21","21.267","22.197","22.390","21.070","6.04M","-4.13%"
"2023-4-20","22.183","22.683","23.134","21.605","7.76M","-2.20%"
"2023-4-19","22.683","24.823","24.969","22.072","9.38M","-8.62%"
"2023-4-18","24.823","24.572","25.436","24.023","5.02M","1.03%"
"2023-4-17","24.569","25.365","25.960","24.358","8.00M","-3.12%"
"2023-4-16","25.360","24.050","25.457","23.845","4.59M","5.46%"
"2023-4-15","24.047","24.723","24.778","23.825","3.80M","-2.73%"
"2023-4-14","24.723","24.437","25.463","23.765","9.00M","1.17%"
"2023-4-13","24.437","23.790","25.243","23.655","7.93M","2.73%"
"2023-4-12","23.788","22.982","24.400","22.336","13.85M","3.50%"
"2023-4-11","22.982","20.897","23.675","20.827","11.98M","9.94%"
"2023-4-10","20.904","20.282","20.950","20.082","2.49M","3.05%"
"2023-4-9","20.285","20.043","20.425","19.900","1.37M","1.20%"
"2023-4-8","20.043","20.446","20.726","19.900","2.40M","-1.97%"
"2023-4-7","20.446","20.623","20.773","20.253","1.76M","-0.84%"
"2023-4-6","20.620","20.963","20.988","20.466","2.33M","-1.67%"
"2023-4-5","20.970","20.922","21.333","20.632","3.58M","0.23%"
"2023-4-4","20.922","20.446","21.238","20.324","3.31M","2.33%"
"2023-4-3","20.446","20.520","20.990","19.992","5.70M","-0.38%"
"2023-4-2","20.524","21.080","21.294","20.250","2.28M","-2.60%"
"2023-4-1","21.072","21.165","21.310","20.796","2.24M","-0.44%"
"2023-3-31","21.165","20.547","21.462","20.072","4.18M","2.97%"
"2023-3-30","20.555","21.110","21.648","20.160","5.96M","-2.63%"
"2023-3-29","21.110","20.460","21.536","20.430","4.44M","3.21%"
"2023-3-28","20.453","19.900","20.820","19.620","4.68M","2.78%"
"2023-3-27","19.900","20.954","20.982","19.448","4.72M","-5.04%"
"2023-3-26","20.957","20.425","21.117","20.295","2.38M","2.60%"
"2023-3-25","20.425","20.659","20.969","20.129","3.11M","-1.13%"
"2023-3-24","20.659","22.184","22.270","20.308","8.00M","-6.87%"
"2023-3-23","22.184","21.434","22.741","21.172","7.73M","3.54%"
"2023-3-22","21.425","22.574","23.062","21.019","12.39M","-5.09%"
"2023-3-21","22.574","22.150","23.316","21.578","9.94M","1.93%"
"2023-3-20","22.147","21.855","23.893","21.448","15.17M","1.34%"
"2023-3-19","21.855","21.218","22.428","21.214","6.10M","3.02%"
"2023-3-18","21.215","21.628","22.850","21.091","10.59M","-1.89%"
"2023-3-17","21.624","19.697","21.669","19.437","9.17M","9.79%"
"2023-3-16","19.697","19.261","19.888","18.927","6.62M","2.26%"
"2023-3-15","19.261","20.914","21.463","18.773","11.64M","-7.90%"
"2023-3-14","20.914","20.428","22.081","19.802","14.88M","2.40%"
"2023-3-13","20.425","20.184","21.367","18.907","16.74M","1.19%"
"2023-3-12","20.184","18.113","20.452","17.757","9.04M","11.43%"
"2023-3-11","18.113","18.202","18.896","17.011","9.26M","-0.52%"
"2023-3-10","18.208","17.326","18.352","16.060","15.88M","5.00%"
"2023-3-9","17.341","18.410","18.745","16.819","12.51M","-5.81%"
"2023-3-8","18.410","20.236","20.380","18.214","9.32M","-9.02%"
"2023-3-7","20.236","20.610","20.950","19.732","5.23M","-1.81%"
"2023-3-6","20.610","20.970","21.140","20.490","3.70M","-1.74%"
"2023-3-5","20.974","20.988","21.663","20.850","3.06M","-0.07%"
"2023-3-4","20.988","21.423","21.598","20.330","2.20M","-2.03%"
"2023-3-3","21.423","21.997","22.017","20.470","5.33M","-2.61%"
"2023-3-2","21.997","22.520","22.633","21.680","3.17M","-2.32%"
"2023-3-1","22.520","21.880","22.854","21.670","3.37M","2.93%"
"2023-2-28","21.880","22.677","22.740","21.784","3.45M","-3.52%"
"2023-2-27","22.677","23.274","23.400","22.337","5.08M","-2.56%"
"2023-2-26","23.274","22.377","23.514","22.223","3.56M","4.00%"
"2023-2-25","22.378","23.080","23.310","21.508","5.47M","-3.04%"
"2023-2-24","23.080","23.912","24.118","22.526","6.20M","-3.50%"
"2023-2-23","23.918","24.162","24.680","23.626","5.59M","-1.01%"
"2023-2-22","24.162","24.980","25.210","23.252","9.48M","-3.27%"
"2023-2-21","24.980","26.260","26.598","24.617","8.79M","-4.82%"
"2023-2-20","26.245","24.860","27.043","24.214","13.67M","5.53%"
"2023-2-19","24.869","23.453","25.584","23.228","10.60M","6.04%"
"2023-2-18","23.453","23.148","23.905","22.932","3.53M","1.32%"
"2023-2-17","23.148","22.282","23.535","22.077","6.07M","3.83%"
"2023-2-16","22.293","23.880","24.133","22.227","9.34M","-6.65%"
"2023-2-15","23.880","21.840","23.930","21.462","7.47M","9.33%"
"2023-2-14","21.842","20.774","22.306","20.684","9.76M","5.13%"
"2023-2-13","20.777","21.500","21.569","19.780","8.57M","-3.37%"
"2023-2-12","21.502","20.813","22.364","20.630","5.91M","3.31%"
"2023-2-11","20.813","20.122","20.901","20.102","2.61M","3.43%"
"2023-2-10","20.122","20.480","21.190","19.699","7.25M","-1.75%"
"2023-2-9","20.480","23.215","23.342","20.065","8.53M","-11.78%"
"2023-2-8","23.215","23.832","24.180","22.832","5.16M","-2.56%"
"2023-2-7","23.825","22.652","23.937","22.568","6.46M","5.18%"
"2023-2-6","22.652","23.464","23.722","22.536","4.68M","-3.46%"
"2023-2-5","23.464","24.350","24.452","23.048","6.07M","-3.64%"
"2023-2-4","24.350","24.670","24.933","24.253","2.64M","-1.30%"
"2023-2-3","24.670","24.254","25.069","24.057","6.79M","1.72%"
"2023-2-2","24.254","25.007","26.130","24.157","10.40M","-2.93%"
"2023-2-1","24.986","23.923","25.190","22.540","10.57M","4.44%"
"2023-1-31","23.923","23.966","24.400","23.507","5.77M","-0.18%"
"2023-1-30","23.966","26.103","26.305","23.395","10.79M","-8.17%"
"2023-1-29","26.097","24.010","26.748","23.757","10.70M","8.67%"
"2023-1-28","24.016","24.424","25.117","23.783","4.72M","-1.66%"
"2023-1-27","24.420","24.349","24.917","23.441","7.30M","0.29%"
"2023-1-26","24.349","24.510","25.197","23.897","7.66M","-0.66%"
"2023-1-25","24.510","22.767","25.368","22.320","12.13M","7.66%"
"2023-1-24","22.767","24.316","25.170","22.452","8.78M","-6.37%"
"2023-1-23","24.316","24.222","24.884","23.901","9.47M","0.39%"
"2023-1-22","24.222","24.550","25.413","23.666","10.59M","-1.32%"
"2023-1-21","24.547","25.550","26.424","24.547","19.01M","-3.93%"
"2023-1-20","25.550","21.420","25.703","20.951","14.86M","19.28%"
"2023-1-19","21.420","20.849","21.836","20.440","9.27M","2.74%"
"2023-1-18","20.849","22.870","23.577","20.534","16.64M","-8.84%"
"2023-1-17","22.870","23.578","23.936","22.779","9.21M","-3.00%"
"2023-1-16","23.578","22.890","24.859","22.370","16.39M","2.97%"
"2023-1-15","22.897","24.233","24.813","22.056","17.06M","-5.57%"
"2023-1-14","24.247","18.287","24.641","18.206","39.69M","32.59%"
"2023-1-13","18.287","16.600","18.577","16.330","16.31M","10.16%"
"2023-1-12","16.600","16.365","16.930","15.714","14.51M","1.48%"
"2023-1-11","16.357","16.194","16.572","15.334","10.45M","1.01%"
"2023-1-10","16.194","16.258","16.690","15.604","13.99M","-0.44%"
"2023-1-9","16.266","14.446","17.453","14.304","31.73M","12.32%"
"2023-1-8","14.482","13.094","14.599","12.860","9.87M","10.60%"
"2023-1-7","13.094","13.500","13.508","13.026","3.28M","-3.15%"
"2023-1-6","13.520","13.420","13.576","12.740","9.15M","0.75%"
"2023-1-5","13.420","13.442","13.850","12.954","9.58M","-0.14%"
"2023-1-4","13.438","13.377","14.166","12.861","20.70M","0.51%"
"2023-1-3","13.370","11.274","13.646","11.018","22.97M","18.59%"
"2023-1-2","11.274","10.000","11.637","9.815","13.25M","12.74%"
"2023-1-1","10.000","9.955","10.080","9.705","4.58M","0.45%"
"2022-12-31","9.955","9.903","10.170","9.670","6.79M","0.61%"
"2022-12-30","9.895","9.647","10.121","9.029","23.46M","2.45%"
"2022-12-29","9.658","9.760","9.928","8.085","20.96M","-1.04%"
"2022-12-28","9.760","11.090","11.110","9.480","13.99M","-11.99%"
"2022-12-27","11.090","11.339","11.430","10.732","5.10M","-2.20%"
"2022-12-26","11.339","11.390","11.485","11.102","2.91M","-0.41%"
"2022-12-25","11.385","11.450","11.550","11.250","1.73M","-0.57%"
"2022-12-24","11.450","11.781","11.790","11.205","4.62M","-2.84%"
"2022-12-23","11.785","11.810","12.105","11.725","3.12M","-0.21%"
"2022-12-22","11.810","12.140","12.185","11.684","3.75M","-2.72%"
"2022-12-21","12.140","12.265","12.280","11.905","3.19M","-1.06%"
"2022-12-20","12.270","11.940","12.475","11.845","3.77M","2.76%"
"2022-12-19","11.940","12.380","12.580","11.690","4.97M","-3.48%"
"2022-12-18","12.370","12.510","12.599","12.275","2.57M","-1.08%"
"2022-12-17","12.505","12.281","12.535","11.940","4.94M","1.86%"
"2022-12-16","12.276","14.040","14.164","12.021","8.15M","-12.60%"
"2022-12-15","14.046","14.124","14.500","13.880","4.65M","-0.55%"
"2022-12-14","14.124","13.877","14.936","13.807","8.27M","1.73%"
"2022-12-13","13.883","13.314","14.106","12.780","6.00M","4.28%"
"2022-12-12","13.314","13.420","13.480","12.831","4.32M","-0.82%"
"2022-12-11","13.423","13.577","13.790","13.397","1.83M","-1.13%"
"2022-12-10","13.577","13.580","13.700","13.543","1.38M","-0.02%"
"2022-12-9","13.580","13.690","14.007","13.510","3.64M","-0.80%"
"2022-12-8","13.690","13.493","13.763","13.280","3.13M","1.46%"
"2022-12-7","13.493","14.300","14.324","13.470","4.03M","-5.64%"
"2022-12-6","14.300","13.825","14.351","13.810","4.87M","3.45%"
"2022-12-5","13.823","13.707","14.165","13.600","5.42M","0.82%"
"2022-12-4","13.710","13.293","13.750","13.272","2.44M","3.14%"
"2022-12-3","13.293","13.713","13.753","13.235","2.63M","-3.07%"
"2022-12-2","13.713","13.510","13.783","13.337","4.04M","1.55%"
"2022-12-1","13.504","14.144","14.184","13.406","4.02M","-4.61%"
"2022-11-30","14.157","13.350","14.285","13.273","6.17M","6.07%"
"2022-11-29","13.346","13.324","13.930","13.156","4.34M","0.16%"
"2022-11-28","13.324","14.107","14.166","12.786","8.10M","-5.58%"
"2022-11-27","14.111","14.170","14.440","14.056","3.61M","-0.39%"
"2022-11-26","14.166","14.014","14.920","13.976","4.68M","1.12%"
"2022-11-25","14.010","14.586","14.590","13.912","4.79M","-3.95%"
"2022-11-24","14.586","14.362","14.904","13.848","7.88M","1.56%"
"2022-11-23","14.362","12.429","14.438","12.403","12.71M","15.62%"
"2022-11-22","12.422","11.836","12.494","10.960","8.81M","4.95%"
"2022-11-21","11.836","12.274","12.277","11.296","8.00M","-3.57%"
"2022-11-20","12.274","12.834","13.463","12.135","6.63M","-4.33%"
"2022-11-19","12.830","12.677","12.964","12.643","4.32M","-2.70%"
"2022-11-18","13.186","13.723","13.723","12.996","4.88M","-3.96%"
"2022-11-17","13.730","14.173","14.477","12.973","10.01M","-3.13%"
"2022-11-16","14.173","14.311","14.601","13.653","6.17M","-0.99%"
"2022-11-15","14.315","13.989","15.050","13.832","10.94M","2.33%"
"2022-11-14","13.989","13.157","14.953","12.163","16.92M","6.33%"
"2022-11-13","13.157","14.544","14.702","13.043","10.92M","-9.54%"
"2022-11-12","14.544","16.451","16.451","14.474","9.72M","-11.59%"
"2022-11-11","16.451","17.645","18.265","15.189","22.28M","-6.73%"
"2022-11-10","17.638","14.016","18.805","13.193","41.67M","25.84%"
"2022-11-9","14.016","24.335","24.344","12.445","50.78M","-42.35%"
"2022-11-8","24.314","29.616","31.512","21.003","40.35M","-17.86%"
"2022-11-7","29.599","32.627","33.105","28.445","13.55M","-9.28%"
"2022-11-6","32.627","36.893","37.035","32.408","6.47M","-11.52%"
"2022-11-5","36.874","33.740","38.729","33.683","10.20M","9.30%"
"2022-11-4","33.737","30.860","34.183","30.667","6.11M","9.32%"
"2022-11-3","30.860","30.810","32.223","30.624","3.30M","0.15%"
"2022-11-2","30.813","32.210","32.930","30.240","5.04M","-4.32%"
"2022-11-1","32.203","32.564","33.386","32.160","3.01M","-1.13%"
"2022-10-31","32.571","32.940","34.363","32.223","4.82M","-1.10%"
"2022-10-30","32.933","32.873","33.533","31.994","2.94M","0.18%"
"2022-10-29","32.873","32.056","33.830","31.856","4.91M","2.56%"
"2022-10-28","32.053","30.590","32.524","30.130","4.47M","4.76%"
"2022-10-27","30.596","31.303","32.243","30.486","5.30M","-2.23%"
"2022-10-26","31.294","30.883","32.064","30.684","5.51M","1.32%"
"2022-10-25","30.887","28.302","32.280","28.053","6.62M","9.14%"
"2022-10-24","28.300","29.295","29.472","28.178","3.35M","-3.39%"
"2022-10-23","29.293","28.005","29.405","27.843","2.88M","4.59%"
"2022-10-22","28.008","28.103","28.173","27.500","1.81M","-0.34%"
"2022-10-21","28.103","28.031","28.283","26.864","4.55M","0.24%"
"2022-10-20","28.037","28.857","29.463","27.997","3.59M","-2.84%"
"2022-10-19","28.857","30.140","30.240","28.766","2.59M","-4.26%"
"2022-10-18","30.140","31.213","31.470","29.803","3.03M","-3.44%"
"2022-10-17","31.213","30.167","31.283","29.837","2.48M","3.47%"
"2022-10-16","30.167","29.594","30.506","29.576","1.33M","1.96%"
"2022-10-15","29.588","30.000","30.197","29.454","1.64M","-1.39%"
"2022-10-14","30.004","30.507","31.967","29.643","3.67M","-1.65%"
"2022-10-13","30.507","31.156","31.200","27.983","6.67M","-2.09%"
"2022-10-12","31.156","30.806","31.514","30.683","1.63M","1.12%"
"2022-10-11","30.810","31.937","31.954","30.490","3.06M","-3.52%"
"2022-10-10","31.934","32.923","33.433","31.926","2.45M","-3.01%"
"2022-10-9","32.923","32.584","33.134","32.444","1.36M","1.07%"
"2022-10-8","32.576","32.970","33.070","32.398","1.40M","-1.23%"
"2022-10-7","32.980","33.356","33.769","32.452","3.07M","-1.17%"
"2022-10-6","33.369","34.036","34.494","33.254","3.24M","-1.97%"
"2022-10-5","34.040","34.101","34.364","33.229","3.08M","-0.18%"
"2022-10-4","34.101","32.884","34.391","32.844","3.12M","3.69%"
"2022-10-3","32.888","32.064","33.251","31.797","3.12M","2.57%"
"2022-10-2","32.064","32.437","33.010","31.932","2.41M","-1.17%"
"2022-10-1","32.443","33.246","33.246","32.400","2.19M","-2.41%"
"2022-9-30","33.243","33.921","35.173","32.661","6.28M","-1.99%"
"2022-9-29","33.917","33.213","34.410","32.697","4.29M","2.12%"
"2022-9-28","33.213","32.690","33.780","31.677","4.70M","1.60%"
"2022-9-27","32.690","33.887","35.352","32.128","6.49M","-3.53%"
"2022-9-26","33.887","32.316","33.940","31.890","4.84M","4.89%"
"2022-9-25","32.306","33.383","34.037","31.953","2.88M","-3.33%"
"2022-9-24","33.417","33.667","34.744","33.189","4.45M","-0.75%"
"2022-9-23","33.670","32.417","33.950","31.257","5.11M","3.87%"
"2022-9-22","32.415","30.706","32.850","30.607","4.08M","5.38%"
"2022-9-21","30.761","31.413","33.374","30.110","6.19M","-2.08%"
"2022-9-20","31.413","32.623","32.870","31.336","3.61M","-3.71%"
"2022-9-19","32.623","31.103","33.033","30.637","4.81M","4.90%"
"2022-9-18","31.100","33.695","33.987","30.875","3.15M","-7.74%"
"2022-9-17","33.711","32.243","33.890","32.227","1.93M","4.58%"
"2022-9-16","32.233","33.088","33.202","31.541","3.29M","-2.58%"
"2022-9-15","33.088","34.113","34.755","32.564","4.83M","-3.00%"
"2022-9-14","34.113","32.996","34.326","32.763","4.33M","3.39%"
"2022-9-13","32.996","37.453","38.916","32.976","8.91M","-11.91%"
"2022-9-12","37.458","35.006","38.296","34.426","7.16M","7.05%"
"2022-9-11","34.990","35.039","35.974","34.080","2.94M","-0.19%"
"2022-9-10","35.055","34.683","35.402","34.280","2.89M","0.97%"
"2022-9-9","34.719","33.603","35.889","33.593","5.48M","3.32%"
"2022-9-8","33.603","32.697","33.880","32.037","4.17M","2.82%"
"2022-9-7","32.681","30.872","32.921","30.380","3.57M","5.86%"
"2022-9-6","30.872","32.160","33.850","30.549","6.34M","-3.99%"
"2022-9-5","32.157","32.151","32.485","31.160","2.30M","0.08%"
"2022-9-4","32.130","31.124","32.176","31.024","1.88M","3.25%"
"2022-9-3","31.120","31.250","31.273","30.817","1.33M","-0.44%"
"2022-9-2","31.257","31.600","32.376","30.796","3.46M","-1.10%"
"2022-9-1","31.603","31.507","31.766","30.486","3.35M","0.31%"
"2022-8-31","31.507","31.454","32.904","31.197","4.12M","0.20%"
"2022-8-30","31.443","32.417","33.123","30.713","5.40M","-3.01%"
"2022-8-29","32.420","30.362","32.613","30.030","5.71M","6.89%"
"2022-8-28","30.330","31.526","32.174","30.236","3.29M","-3.79%"
"2022-8-27","31.523","31.750","32.243","30.890","4.38M","-0.73%"
"2022-8-26","31.756","35.277","35.716","31.448","7.56M","-10.01%"
"2022-8-25","35.290","34.892","36.470","34.886","3.82M","1.13%"
"2022-8-24","34.896","35.653","36.362","34.317","4.21M","-2.13%"
"2022-8-23","35.657","35.432","36.090","34.262","4.21M","0.58%"
"2022-8-22","35.450","36.458","36.530","33.812","6.22M","-2.77%"
"2022-8-21","36.458","35.280","37.013","34.587","5.44M","3.34%"
"2022-8-20","35.280","35.876","37.254","34.294","6.96M","-1.57%"
"2022-8-19","35.844","39.488","39.573","35.435","10.31M","-9.25%"
"2022-8-18","39.495","40.519","41.654","39.443","4.61M","-2.53%"
"2022-8-17","40.519","43.100","44.684","40.209","6.81M","-6.05%"
"2022-8-16","43.127","43.713","44.296","42.595","5.08M","-1.33%"
"2022-8-15","43.710","44.870","47.192","42.777","6.25M","-2.60%"
"2022-8-14","44.876","46.566","48.019","44.489","4.98M","-3.64%"
"2022-8-13","46.569","45.446","48.341","45.289","6.81M","2.49%"
"2022-8-12","45.439","42.762","45.477","42.173","4.91M","6.27%"
"2022-8-11","42.757","42.462","45.263","42.363","7.68M","0.70%"
"2022-8-10","42.462","40.353","42.725","39.167","6.41M","5.23%"
"2022-8-9","40.353","42.196","42.740","39.841","4.15M","-4.44%"
"2022-8-8","42.230","40.603","43.664","40.570","5.25M","4.03%"
"2022-8-7","40.594","40.076","41.530","39.239","2.55M","1.35%"
"2022-8-6","40.055","40.560","40.893","39.877","2.31M","-1.28%"
"2022-8-5","40.573","38.807","41.290","38.733","5.15M","4.56%"
"2022-8-4","38.804","38.567","39.802","37.990","5.84M","0.63%"
"2022-8-3","38.560","39.761","40.896","37.571","12.44M","-2.95%"
"2022-8-2","39.733","41.743","42.403","39.584","5.20M","-4.83%"
"2022-8-1","41.749","42.374","43.236","40.620","4.83M","-1.57%"
"2022-7-31","42.416","43.840","45.150","42.267","4.71M","-3.24%"
"2022-7-30","43.837","41.909","46.562","41.494","7.86M","4.60%"
"2022-7-29","41.909","42.986","44.309","41.231","7.19M","-2.49%"
"2022-7-28","42.980","40.259","44.136","39.053","9.91M","6.76%"
"2022-7-27","40.259","36.267","40.484","35.697","8.43M","11.00%"
"2022-7-26","36.270","36.643","36.806","34.707","6.75M","-1.07%"
"2022-7-25","36.661","40.973","41.077","36.600","6.73M","-10.55%"
"2022-7-24","40.987","39.997","42.076","39.490","4.63M","2.49%"
"2022-7-23","39.990","40.536","41.897","38.664","5.16M","-1.35%"
"2022-7-22","40.539","43.131","44.285","40.056","7.01M","-6.01%"
"2022-7-21","43.131","42.051","44.030","39.700","9.87M","2.60%"
"2022-7-20","42.040","44.890","46.260","41.383","10.21M","-6.35%"
"2022-7-19","44.890","43.578","47.255","42.608","11.61M","3.01%"
"2022-7-18","43.578","38.589","44.020","38.574","9.24M","13.02%"
"2022-7-17","38.557","39.603","41.064","38.336","5.78M","-2.63%"
"2022-7-16","39.600","37.367","40.372","36.374","5.90M","5.98%"
"2022-7-15","37.367","37.139","39.020","36.586","6.75M","0.63%"
"2022-7-14","37.132","34.957","37.273","33.621","8.02M","6.29%"
"2022-7-13","34.937","32.674","35.020","31.942","7.13M","6.95%"
"2022-7-12","32.667","33.448","34.580","32.611","4.74M","-2.34%"
"2022-7-11","33.448","36.690","36.697","33.262","4.79M","-8.84%"
"2022-7-10","36.690","38.070","38.101","36.327","3.04M","-3.62%"
"2022-7-9","38.070","38.146","38.847","37.802","3.09M","-0.17%"
"2022-7-8","38.134","38.490","39.531","36.504","7.38M","-0.91%"
"2022-7-7","38.484","37.037","39.266","36.417","6.02M","3.91%"
"2022-7-6","37.037","35.411","37.563","34.843","7.48M","4.59%"
"2022-7-5","35.411","36.707","36.932","33.173","8.87M","-3.53%"
"2022-7-4","36.706","33.397","36.893","32.475","5.67M","9.91%"
"2022-7-3","33.397","33.348","33.632","32.178","3.24M","0.15%"
"2022-7-2","33.348","32.843","34.018","31.902","3.95M","1.53%"
"2022-7-1","32.846","33.741","35.332","31.870","9.36M","-2.67%"
"2022-6-30","33.749","34.003","34.137","30.991","8.57M","-0.75%"
"2022-6-29","34.003","35.328","36.027","33.160","8.77M","-3.72%"
"2022-6-28","35.315","38.444","39.878","35.146","8.06M","-8.14%"
"2022-6-27","38.444","39.401","41.174","37.930","6.14M","-2.45%"
"2022-6-26","39.411","42.225","42.460","39.221","5.85M","-6.74%"
"2022-6-25","42.260","41.889","42.613","39.776","5.85M","0.87%"
"2022-6-24","41.896","38.150","42.846","37.743","9.14M","9.82%"
"2022-6-23","38.150","34.091","38.482","34.010","9.78M","11.94%"
"2022-6-22","34.082","36.302","36.820","33.665","9.23M","-5.97%"
"2022-6-21","36.247","35.268","38.956","34.246","10.24M","2.78%"
"2022-6-20","35.265","34.207","36.793","31.751","11.21M","3.09%"
"2022-6-19","34.209","31.965","35.230","28.929","11.86M","7.07%"
"2022-6-18","31.950","30.687","31.980","27.184","12.44M","4.18%"
"2022-6-17","30.667","30.086","32.091","29.264","8.79M","1.93%"
"2022-6-16","30.086","34.728","35.763","29.557","14.60M","-13.32%"
"2022-6-15","34.708","29.600","34.769","26.798","17.96M","17.12%"
"2022-6-14","29.633","28.507","32.104","25.966","16.97M","4.32%"
"2022-6-13","28.405","30.605","30.999","26.060","20.80M","-7.23%"
"2022-6-12","30.620","33.890","34.244","30.611","9.84M","-9.61%"
"2022-6-11","33.874","37.149","37.900","33.240","6.89M","-8.74%"
"2022-6-10","37.119","39.948","40.842","36.896","6.72M","-7.08%"
"2022-6-9","39.948","38.820","41.824","38.456","6.66M","2.94%"
"2022-6-8","38.805","39.330","40.830","38.307","6.28M","-1.31%"
"2022-6-7","39.321","42.387","42.479","37.543","11.30M","-7.23%"
"2022-6-6","42.387","38.523","44.606","38.358","10.62M","10.03%"
"2022-6-5","38.523","38.956","40.152","37.843","5.36M","-1.10%"
"2022-6-4","38.953","38.265","39.212","35.818","5.92M","1.80%"
"2022-6-3","38.265","40.856","41.512","37.701","7.12M","-6.36%"
"2022-6-2","40.864","40.100","41.546","38.156","8.19M","1.90%"
"2022-6-1","40.100","45.722","46.097","39.691","7.75M","-12.29%"
"2022-5-31","45.718","47.206","48.170","44.666","7.32M","-3.15%"
"2022-5-30","47.206","44.967","48.217","44.267","8.29M","5.00%"
"2022-5-29","44.960","44.263","45.533","41.824","6.94M","1.62%"
"2022-5-28","44.245","41.083","44.931","40.324","6.16M","7.72%"
"2022-5-27","41.076","43.404","43.889","40.053","11.56M","-5.29%"
"2022-5-26","43.369","47.961","48.624","41.846","10.12M","-9.57%"
"2022-5-25","47.961","49.655","50.472","47.602","4.84M","-3.42%"
"2022-5-24","49.659","49.100","50.780","47.216","6.24M","1.15%"
"2022-5-23","49.094","52.468","54.629","48.670","6.22M","-6.42%"
"2022-5-22","52.460","50.293","53.126","49.675","3.78M","4.31%"
"2022-5-21","50.293","49.414","51.186","48.596","3.00M","1.78%"
"2022-5-20","49.414","52.150","53.550","47.879","7.13M","-5.28%"
"2022-5-19","52.167","49.910","53.920","48.299","7.26M","4.52%"
"2022-5-18","49.910","57.064","57.816","49.543","6.70M","-12.52%"
"2022-5-17","57.056","53.654","58.188","53.187","6.10M","6.36%"
"2022-5-16","53.643","58.673","58.806","51.951","7.55M","-8.56%"
"2022-5-15","58.664","52.312","59.243","49.692","5.65M","12.13%"
"2022-5-14","52.318","48.853","53.387","46.030","6.99M","7.14%"
"2022-5-13","48.832","44.636","56.151","43.895","12.83M","9.43%"
"2022-5-12","44.622","50.605","53.955","37.342","19.24M","-11.90%"
"2022-5-11","50.647","66.690","68.310","43.394","17.77M","-24.04%"
"2022-5-10","66.673","61.967","73.983","60.495","11.81M","7.59%"
"2022-5-9","61.967","75.308","77.187","61.967","9.11M","-17.73%"
"2022-5-8","75.317","78.841","79.337","73.781","109.88M","-4.47%"
"2022-5-7","78.841","81.643","82.252","77.227","80.91M","-3.43%"
"2022-5-6","81.639","84.461","84.727","79.949","145.42M","-3.32%"
"2022-5-5","84.438","92.765","95.139","82.231","156.60M","-9.00%"
"2022-5-4","92.792","85.821","93.010","85.434","121.57M","8.11%"
"2022-5-3","85.833","87.463","88.765","84.656","71.86M","-1.86%"
"2022-5-2","87.462","89.741","90.766","85.095","102.99M","-2.47%"
"2022-5-1","89.681","84.772","93.113","84.178","83.45M","5.81%"
"2022-4-30","84.757","93.915","94.913","81.888","83.42M","-9.75%"
"2022-4-29","93.915","98.233","98.621","92.402","97.13M","-4.40%"
"2022-4-28","98.233","98.324","100.534","96.389","96.83M","-0.09%"
"2022-4-27","98.324","95.729","100.644","94.920","87.27M","2.76%"
"2022-4-26","95.683","100.973","101.972","94.672","76.60M","-5.27%"
"2022-4-25","101.007","99.223","101.558","94.472","100.05M","1.79%"
"2022-4-24","99.227","100.583","102.248","98.718","68.60M","-1.35%"
"2022-4-23","100.583","100.531","102.823","98.418","62.48M","0.05%"
"2022-4-22","100.533","101.735","103.541","99.255","84.80M","-1.20%"
"2022-4-21","101.757","105.553","109.963","100.029","105.02M","-3.59%"
"2022-4-20","105.550","108.604","110.868","104.368","97.19M","-2.79%"
"2022-4-19","108.576","102.295","108.824","101.146","80.81M","6.13%"
"2022-4-18","102.304","100.225","102.628","94.834","103.84M","2.00%"
"2022-4-17","100.296","102.108","105.445","99.732","63.71M","-1.78%"
"2022-4-16","102.118","101.387","103.465","100.787","35.83M","0.70%"
"2022-4-15","101.407","100.777","102.871","99.590","53.65M","0.66%"
"2022-4-14","100.744","104.902","107.673","98.880","85.65M","-3.94%"
"2022-4-13","104.880","103.184","105.924","100.134","93.36M","1.65%"
"2022-4-12","103.181","99.636","109.214","98.437","125.78M","3.67%"
"2022-4-11","99.532","111.150","111.924","98.289","134.48M","-10.37%"
"2022-4-10","111.044","112.895","115.990","109.808","63.54M","-1.57%"
"2022-4-9","112.812","109.980","113.602","108.309","72.32M","2.55%"
"2022-4-8","110.009","118.575","122.375","108.168","139.83M","-7.23%"
"2022-4-7","118.577","112.997","119.914","110.897","168.61M","4.94%"
"2022-4-6","112.990","126.759","127.368","112.077","218.62M","-10.88%"
"2022-4-5","126.784","132.113","136.566","126.179","105.88M","-4.05%"
"2022-4-4","132.132","136.831","138.224","125.913","129.19M","-3.41%"
"2022-4-3","136.804","132.400","141.046","130.744","117.06M","3.34%"
"2022-4-2","132.376","134.547","143.488","131.648","144.80M","-1.65%"
"2022-4-1","134.599","122.856","138.377","117.900","223.97M","9.50%"
"2022-3-31","122.919","120.824","129.547","119.991","219.28M","1.82%"
"2022-3-30","120.727","111.708","125.149","107.203","222.82M","8.07%"
"2022-3-29","111.709","105.864","115.688","105.572","143.96M","5.70%"
"2022-3-28","105.689","107.093","113.871","105.257","136.07M","-1.31%"
"2022-3-27","107.093","101.804","107.420","98.850","59.87M","5.20%"
"2022-3-26","101.804","98.650","103.337","97.711","52.44M","3.20%"
"2022-3-25","98.649","102.392","104.885","97.124","88.34M","-3.62%"
"2022-3-24","102.350","94.915","103.718","93.497","116.97M","7.82%"
"2022-3-23","94.924","90.462","96.285","89.296","88.02M","4.98%"
"2022-3-22","90.424","88.610","93.956","88.024","64.13M","2.04%"
"2022-3-21","88.620","88.607","91.287","86.834","61.34M","0.02%"
"2022-3-20","88.606","92.396","92.584","87.987","48.97M","-4.14%"
"2022-3-19","92.435","89.789","94.538","89.265","93.62M","2.94%"
"2022-3-18","89.792","87.827","92.187","84.514","358.91M","2.25%"
"2022-3-17","87.813","87.796","90.985","86.667","320.92M","0.02%"
"2022-3-16","87.795","82.850","87.958","81.540","300.40M","5.97%"
"2022-3-15","82.850","81.226","85.840","78.887","236.41M","2.00%"
"2022-3-14","81.223","78.706","82.242","78.038","237.21M","3.00%"
"2022-3-13","78.858","81.412","83.075","77.774","204.30M","-3.13%"
"2022-3-12","81.402","80.665","82.706","80.595","140.50M","0.91%"
"2022-3-11","80.665","82.872","84.275","80.106","272.33M","-2.66%"
"2022-3-10","82.871","88.089","88.555","80.766","314.87M","-5.92%"
"2022-3-9","88.089","82.284","89.792","81.961","397.72M","7.02%"
"2022-3-8","82.308","81.660","84.990","81.345","306.26M","0.64%"
"2022-3-7","81.786","84.549","86.564","80.054","363.89M","-3.26%"
"2022-3-6","84.538","89.633","89.894","84.164","230.66M","-5.67%"
"2022-3-5","89.623","88.288","91.141","86.014","204.27M","1.53%"
"2022-3-4","88.275","95.649","96.850","87.088","386.32M","-7.71%"
"2022-3-3","95.649","100.702","101.669","94.138","3.74M","-5.02%"
"2022-3-2","100.702","98.630","106.335","96.899","6.19M","2.10%"
"2022-3-1","98.630","99.705","101.807","94.434","5.56M","-1.08%"
"2022-2-28","99.705","85.607","102.146","84.250","6.16M","16.47%"
"2022-2-27","85.607","90.130","92.147","84.190","3.63M","-5.02%"
"2022-2-26","90.130","92.778","94.877","89.366","3.18M","-2.85%"
"2022-2-25","92.778","89.409","94.995","87.035","5.31M","3.77%"
"2022-2-24","89.409","84.514","92.837","75.693","10.39M","5.90%"
"2022-2-23","84.431","86.413","93.211","84.431","4.59M","-2.29%"
"2022-2-22","86.413","82.879","87.380","81.160","4.22M","4.26%"
"2022-2-21","82.879","90.693","95.988","82.806","5.64M","-8.52%"
"2022-2-20","90.600","91.264","93.808","85.878","3.61M","-0.73%"
"2022-2-19","91.264","89.920","92.553","88.760","1.83M","1.45%"
"2022-2-18","89.960","93.591","96.334","89.474","3.02M","-3.88%"
"2022-2-17","93.591","101.763","102.740","92.411","3.05M","-8.03%"
"2022-2-16","101.763","105.352","105.558","98.315","3.24M","-3.41%"
"2022-2-15","105.352","96.458","105.606","96.388","3.60M","9.22%"
"2022-2-14","96.458","92.811","97.762","91.058","2.99M","3.93%"
"2022-2-13","92.811","95.970","97.273","91.447","1.95M","-3.21%"
"2022-2-12","95.891","96.483","99.750","93.254","2.76M","-0.61%"
"2022-2-11","96.483","106.170","108.103","95.307","4.50M","-9.14%"
"2022-2-10","106.190","113.991","114.930","105.816","4.14M","-6.84%"
"2022-2-9","113.991","113.293","117.005","109.581","3.20M","0.62%"
"2022-2-8","113.293","117.512","120.152","109.887","4.41M","-3.59%"
"2022-2-7","117.512","115.286","121.836","112.906","4.36M","1.93%"
"2022-2-6","115.286","113.912","115.987","111.723","2.29M","1.21%"
"2022-2-5","113.912","112.401","118.520","110.340","4.10M","1.35%"
"2022-2-4","112.401","101.827","112.710","100.388","6.26M","10.55%"
"2022-2-3","101.675","101.970","103.073","94.207","5.88M","-0.23%"
"2022-2-2","101.908","109.981","112.266","97.121","7.80M","-7.34%"
"2022-2-1","109.981","99.515","113.498","99.172","7.11M","10.39%"
"2022-1-31","99.627","93.418","101.346","89.264","4.26M","6.68%"
"2022-1-30","93.385","96.029","97.461","91.471","2.13M","-2.91%"
"2022-1-29","96.186","91.375","98.676","90.709","3.44M","5.33%"
"2022-1-28","91.318","89.513","93.526","87.338","4.59M","2.12%"
"2022-1-27","89.422","91.905","94.404","85.887","5.83M","-2.70%"
"2022-1-26","91.905","94.704","103.487","89.487","7.29M","-2.96%"
"2022-1-25","94.704","91.849","99.882","87.585","5.83M","3.18%"
"2022-1-24","91.784","99.770","99.835","80.919","10.99M","-8.00%"
"2022-1-23","99.766","94.679","104.673","93.326","5.64M","5.39%"
"2022-1-22","94.665","112.312","114.048","88.480","10.27M","-15.75%"
"2022-1-21","112.362","127.639","128.651","106.543","8.18M","-11.99%"
"2022-1-20","127.672","135.310","143.831","126.537","2.50M","-5.62%"
"2022-1-19","135.276","141.337","142.663","132.969","2.05M","-4.25%"
"2022-1-18","141.282","139.832","142.598","134.454","2.04M","1.04%"
"2022-1-17","139.824","148.016","148.260","137.144","2.13M","-5.49%"
"2022-1-16","147.954","147.660","151.918","146.174","1.52M","0.19%"
"2022-1-15","147.677","146.158","149.524","144.147","1.52M","1.04%"
"2022-1-14","146.162","146.096","150.584","142.044","2.35M","0.07%"
"2022-1-13","146.061","151.530","157.712","145.590","3.04M","-3.55%"
"2022-1-12","151.437","140.209","153.119","138.286","3.21M","8.01%"
"2022-1-11","140.209","135.873","143.456","133.626","2.41M","3.12%"
"2022-1-10","135.964","140.787","143.741","130.147","3.30M","-3.40%"
"2022-1-9","140.755","142.033","145.664","137.890","2.21M","-0.90%"
"2022-1-8","142.033","136.388","148.026","133.283","4.18M","4.13%"
"2022-1-7","136.405","150.336","150.650","133.973","4.69M","-9.27%"
"2022-1-6","150.336","154.483","154.721","146.344","2.91M","-2.72%"
"2022-1-5","154.540","167.753","171.253","145.013","3.09M","-7.88%"
"2022-1-4","167.767","170.084","173.867","166.560","1.65M","-1.34%"
"2022-1-3","170.039","176.354","176.443","166.897","1.65M","-3.59%"
"2022-1-2","176.367","179.083","179.496","174.428","1.08M","-1.51%"
"2022-1-1","179.068","169.985","179.176","169.985","1.30M","5.34%"
"2021-12-31","169.985","172.509","177.604","167.773","2.05M","-1.45%"
"2021-12-30","172.482","170.602","175.697","168.382","1.86M","1.09%"
"2021-12-29","170.626","177.191","180.581","170.434","2.59M","-3.68%"
"2021-12-28","177.151","195.602","195.602","176.793","3.64M","-9.45%"
"2021-12-27","195.645","197.801","204.712","194.865","1.90M","-1.07%"
"2021-12-26","197.754","193.019","200.537","190.376","2.19M","2.40%"
"2021-12-25","193.127","190.493","195.052","189.224","1.78M","1.49%"
"2021-12-24","190.285","190.075","197.422","184.463","2.80M","0.13%"
"2021-12-23","190.047","178.411","193.442","175.770","2.93M","6.53%"
"2021-12-22","178.406","179.736","187.539","177.145","2.80M","-0.75%"
"2021-12-21","179.745","173.862","182.392","170.286","2.40M","3.43%"
"2021-12-20","173.785","179.956","181.085","168.500","2.63M","-3.52%"
"2021-12-19","180.125","182.822","189.160","178.573","1.93M","-1.50%"
"2021-12-18","182.861","175.562","184.272","171.065","1.98M","4.14%"
"2021-12-17","175.586","176.926","182.357","168.149","3.77M","-0.75%"
"2021-12-16","176.904","178.522","189.008","174.478","3.94M","-0.90%"
"2021-12-15","178.506","161.303","182.590","157.183","5.55M","10.67%"
"2021-12-14","161.299","155.259","162.906","149.821","3.91M","3.93%"
"2021-12-13","155.203","172.906","172.951","148.384","4.69M","-10.25%"
"2021-12-12","172.924","172.204","176.854","167.728","1.77M","0.70%"
"2021-12-11","171.728","167.475","173.801","161.587","2.80M","2.47%"
"2021-12-10","167.596","181.267","184.440","167.446","3.20M","-7.59%"
"2021-12-9","181.363","194.624","196.636","178.746","3.01M","-6.80%"
"2021-12-8","194.596","190.226","196.235","184.001","3.38M","2.29%"
"2021-12-7","190.236","193.874","204.025","187.958","3.68M","-1.92%"
"2021-12-6","193.963","196.475","197.646","176.649","4.88M","-1.26%"
"2021-12-5","196.444","201.093","204.309","182.027","4.19M","-2.31%"
"2021-12-4","201.088","211.854","212.584","175.186","6.98M","-5.17%"
"2021-12-3","212.047","233.765","239.426","205.628","4.84M","-9.30%"
"2021-12-2","233.785","229.862","243.069","220.150","4.76M","1.72%"
"2021-12-1","229.829","208.486","232.452","207.999","4.50M","10.27%"
"2021-11-30","208.423","204.139","218.252","199.780","3.65M","2.10%"
"2021-11-29","204.135","200.850","212.787","199.789","2.82M","1.63%"
"2021-11-28","200.854","192.976","201.979","181.285","2.67M","4.04%"
"2021-11-27","193.061","192.184","199.403","190.811","1.93M","0.56%"
"2021-11-26","191.991","210.017","210.417","183.084","4.57M","-8.55%"
"2021-11-25","209.952","205.854","216.366","202.028","2.90M","1.98%"
"2021-11-24","205.877","221.837","222.244","200.225","3.12M","-7.21%"
"2021-11-23","221.885","215.839","226.021","211.232","2.65M","2.79%"
"2021-11-22","215.854","231.410","231.983","211.950","3.97M","-6.72%"
"2021-11-21","231.414","217.824","235.389","210.695","3.15M","6.23%"
"2021-11-20","217.833","215.282","221.152","206.068","2.47M","1.19%"
"2021-11-19","215.274","195.145","219.691","189.571","4.45M","10.30%"
"2021-11-18","195.164","218.932","222.755","187.176","5.62M","-10.85%"
"2021-11-17","218.918","219.048","221.947","210.105","3.63M","-0.07%"
"2021-11-16","219.062","238.213","238.213","214.824","4.30M","-8.03%"
"2021-11-15","238.187","238.679","246.211","234.454","3.03M","-0.20%"
"2021-11-14","238.667","241.659","241.925","230.506","1.96M","-1.25%"
"2021-11-13","241.684","228.551","241.939","225.006","2.43M","5.75%"
"2021-11-12","228.551","233.498","238.996","220.997","3.36M","-2.15%"
"2021-11-11","233.576","233.635","246.427","229.543","3.19M","-0.05%"
"2021-11-10","233.686","239.041","247.956","217.998","4.79M","-2.23%"
"2021-11-9","239.027","248.376","253.164","237.809","3.52M","-3.78%"
"2021-11-8","248.419","249.673","253.269","240.742","3.75M","-0.49%"
"2021-11-7","249.644","258.480","258.581","245.752","2.96M","-3.42%"
"2021-11-6","258.477","236.119","259.861","234.879","4.44M","9.46%"
"2021-11-5","236.147","247.150","248.256","230.598","3.43M","-4.45%"
"2021-11-4","247.144","243.113","250.208","234.909","5.46M","1.59%"
"2021-11-3","243.272","220.764","246.379","216.067","7.93M","10.24%"
"2021-11-2","220.678","203.471","222.222","201.147","4.46M","8.47%"
"2021-11-1","203.454","202.565","211.495","198.093","4.78M","0.44%"
"2021-10-31","202.573","195.806","204.991","185.688","3.64M","3.45%"
"2021-10-30","195.813","200.262","200.489","187.531","2.50M","-2.20%"
"2021-10-29","200.224","194.795","204.975","194.684","3.75M","2.86%"
"2021-10-28","194.659","184.451","201.385","181.906","5.36M","5.57%"
"2021-10-27","184.397","199.866","205.465","178.226","7.41M","-7.68%"
"2021-10-26","199.744","209.714","213.993","196.706","4.86M","-4.75%"
"2021-10-25","209.698","202.259","218.939","198.189","6.89M","3.61%"
"2021-10-24","202.394","197.765","204.825","185.385","5.12M","2.34%"
"2021-10-23","197.776","196.267","205.692","192.486","4.62M","0.82%"
"2021-10-22","196.174","190.428","214.972","188.115","11.75M","3.02%"
"2021-10-21","190.429","176.805","193.871","176.805","11.01M","7.70%"
"2021-10-20","176.810","155.857","176.810","155.210","5.43M","13.44%"
"2021-10-19","155.857","157.189","159.393","153.148","2.52M","-0.87%"
"2021-10-18","157.217","160.097","162.920","155.015","3.01M","-1.79%"
"2021-10-17","160.077","157.416","167.492","153.364","4.00M","1.70%"
"2021-10-16","157.403","163.157","164.702","156.736","2.65M","-3.53%"
"2021-10-15","163.171","150.020","165.347","146.991","7.13M","8.79%"
"2021-10-14","149.980","148.056","155.501","147.308","3.80M","1.25%"
"2021-10-13","148.125","152.496","155.406","144.419","3.93M","-2.88%"
"2021-10-12","152.518","144.858","153.403","137.730","5.65M","5.27%"
"2021-10-11","144.889","147.698","153.983","140.464","3.59M","-1.93%"
"2021-10-10","147.738","156.778","158.478","145.953","2.91M","-5.75%"
"2021-10-9","156.755","158.631","161.410","154.685","2.87M","-1.16%"
"2021-10-8","158.589","154.215","168.790","152.576","5.41M","2.84%"
"2021-10-7","154.209","153.883","161.162","150.530","4.96M","0.20%"
"2021-10-6","153.895","164.617","165.357","150.266","6.64M","-6.51%"
"2021-10-5","164.619","167.121","170.109","160.188","4.88M","-1.49%"
"2021-10-4","167.116","173.021","173.021","162.503","5.75M","-3.26%"
"2021-10-3","172.745","169.074","177.359","165.891","5.56M","2.17%"
"2021-10-2","169.080","161.623","174.889","156.773","6.76M","4.61%"
"2021-10-1","161.623","141.366","164.871","138.352","8.96M","14.33%"
"2021-9-30","141.360","135.294","142.798","134.131","4.83M","4.49%"
"2021-9-29","135.283","132.222","140.002","131.232","5.31M","2.41%"
"2021-9-28","132.104","136.372","139.386","128.210","5.25M","-3.13%"
"2021-9-27","136.374","135.724","148.787","133.766","6.92M","0.46%"
"2021-9-26","135.753","136.075","140.609","124.982","5.83M","-0.25%"
"2021-9-25","136.086","139.257","143.961","133.589","4.38M","-2.28%"
"2021-9-24","139.268","149.945","151.009","128.404","9.67M","-7.07%"
"2021-9-23","149.870","148.013","152.310","143.083","7.40M","1.23%"
"2021-9-22","148.048","123.967","151.446","122.272","12.06M","19.51%"
"2021-9-21","123.881","132.701","144.496","116.135","14.26M","-6.51%"
"2021-9-20","132.502","152.742","153.305","131.023","14.72M","-13.23%"
"2021-9-19","152.704","169.289","170.852","150.914","7.32M","-9.86%"
"2021-9-18","169.399","147.447","171.309","144.269","12.19M","14.91%"
"2021-9-17","147.416","152.215","153.253","134.717","11.39M","-3.15%"
"2021-9-16","152.211","158.648","163.008","147.493","6.80M","-4.04%"
"2021-9-15","158.619","158.507","166.246","154.057","8.72M","0.39%"
"2021-9-14","158.000","169.470","171.540","143.200","12.22M","-6.77%"
"2021-9-13","169.470","174.370","175.000","150.540","12.52M","-2.81%"
"2021-9-12","174.370","178.350","181.500","170.810","","-2.23%"
"2021-9-11","178.350","179.150","192.930","175.551","","-0.45%"
"2021-9-10","179.150","192.100","197.100","170.000","","-6.74%"
"2021-9-9","192.100","190.690","215.511","182.000","","0.74%"
"2021-9-8","190.690","173.030","198.040","146.530","","10.21%"
"2021-9-7","173.030","164.590","195.000","130.000","","5.40%"
"2021-9-6","164.170","142.130","165.859","137.390","","15.51%"
"2021-9-5","142.130","139.090","145.140","135.140","","2.19%"
"2021-9-4","139.090","146.140","150.670","136.120","","-4.82%"
"2021-9-3","146.140","128.071","148.890","128.071","","14.11%"
"2021-9-2","128.071","111.060","131.800","109.670","","15.32%"
"2021-9-1","111.060","108.320","119.500","106.180","","2.53%"
"2021-8-31","108.320","110.241","130.030","103.580","","-1.74%"
"2021-8-30","110.241","94.200","116.250","93.800","","17.03%"
"2021-8-29","94.200","96.720","97.840","90.623","","-2.61%"
"2021-8-28","96.720","87.970","97.710","85.731","","9.95%"
"2021-8-27","87.970","75.169","88.760","73.179","","17.03%"
"2021-8-26","75.169","72.056","78.051","66.372","","4.32%"
"2021-8-25","72.056","70.671","72.535","66.350","","1.96%"
"2021-8-24","70.671","75.553","79.343","68.486","","-6.46%"
"2021-8-23","75.553","72.846","77.846","71.719","","3.72%"
"2021-8-22","72.846","73.907","77.507","71.540","","-1.44%"
"2021-8-21","73.907","78.714","81.953","72.715","","-6.11%"
"2021-8-20","78.714","72.700","79.900","70.987","","8.27%"
"2021-8-19","72.700","72.578","75.307","68.771","","0.17%"
"2021-8-18","72.578","64.000","80.483","60.019","","13.40%"
"2021-8-17","64.000","62.137","100.000","59.998","","3.00%"
"2021-8-16","62.137","53.714","68.743","52.451","","15.68%"
"2021-8-15","53.714","44.043","54.590","43.462","","21.96%"
"2021-8-14","44.043","44.821","44.821","42.828","","-1.74%"
"2021-8-13","44.821","41.100","44.821","40.785","","9.05%"
"2021-8-12","41.100","41.792","43.323","39.433","","-1.66%"
"2021-8-11","41.792","40.596","43.631","40.596","","2.95%"
"2021-8-10","40.596","38.722","41.686","38.278","","4.84%"
"2021-8-9","38.722","37.668","39.925","36.304","","2.80%"
"2021-8-8","37.668","39.426","39.494","36.972","","-4.46%"
"2021-8-7","39.426","39.497","40.405","37.633","","-0.18%"
"2021-8-6","39.497","37.408","40.362","35.750","","5.58%"
"2021-8-5","37.408","35.706","38.169","35.596","","4.77%"
"2021-8-4","35.706","33.960","36.600","33.326","","5.14%"
"2021-8-3","33.960","33.169","35.762","32.200","","2.38%"
"2021-8-2","33.169","34.276","35.837","33.098","","-3.23%"
"2021-8-1","34.276","36.709","36.752","33.500","","-6.63%"
"2021-7-31","36.709","32.356","36.796","31.800","","13.45%"
"2021-7-30","32.356","31.268","33.009","30.086","","3.48%"
"2021-7-29","31.268","27.857","31.912","27.374","","12.24%"
"2021-7-28","27.857","28.018","28.620","27.500","","-0.57%"
"2021-7-27","28.018","28.251","28.886","27.000","","-0.82%"
"2021-7-26","28.251","28.133","31.039","27.952","","0.42%"
"2021-7-25","28.133","27.868","28.133","26.595","","-2.04%"
"2021-7-24","28.720","28.470","29.400","28.328","","0.88%"
"2021-7-23","28.470","27.748","28.655","26.420","","2.60%"
"2021-7-22","27.748","26.641","28.050","26.003","","4.16%"
"2021-7-21","26.641","23.482","27.353","22.846","","13.45%"
"2021-7-20","23.482","24.495","24.912","22.230","","-4.14%"
"2021-7-19","24.495","26.726","26.726","24.059","","-8.35%"
"2021-7-18","26.726","26.715","27.725","26.340","","0.04%"
"2021-7-17","26.715","26.307","27.745","26.035","","1.55%"
"2021-7-16","26.307","28.456","29.401","26.274","","-7.55%"
"2021-7-15","28.456","31.259","31.426","28.080","","-8.97%"
"2021-7-14","31.259","29.052","31.393","27.513","","7.60%"
"2021-7-13","29.052","30.880","30.995","29.000","","-5.92%"
"2021-7-12","30.880","32.115","32.600","30.102","","-3.85%"
"2021-7-11","32.115","31.730","32.454","31.464","","1.21%"
"2021-7-10","31.730","33.364","34.192","31.100","","-4.90%"
"2021-7-9","33.364","33.258","34.381","32.287","","1.40%"
"2021-7-8","32.902","36.537","36.772","32.864","","-9.95%"
"2021-7-7","36.537","34.196","37.904","34.196","","8.60%"
"2021-7-6","33.643","32.966","34.443","32.966","","2.05%"
"2021-7-5","32.966","34.360","34.360","32.594","","-4.06%"
"2021-7-4","34.360","35.055","35.295","34.299","","-1.27%"
"2021-7-3","34.801","34.000","35.261","33.357","","2.36%"
"2021-7-2","34.000","33.375","34.000","31.655","","1.87%"
"2021-7-1","33.375","35.536","36.115","32.000","","-6.08%"
"2021-6-30","35.536","33.885","35.861","31.315","","4.87%"
"2021-6-29","33.885","32.990","35.500","32.834","","2.71%"
"2021-6-28","32.990","31.821","33.745","31.155","","3.67%"
"2021-6-27","31.821","29.554","31.821","29.428","","7.67%"
"2021-6-26","29.554","28.797","29.878","26.998","","2.63%"
"2021-6-25","28.797","31.245","32.684","28.530","","-7.83%"
"2021-6-24","31.245","30.855","32.446","28.678","","1.26%"
"2021-6-23","30.855","26.685","32.090","26.042","","15.63%"
"2021-6-22","26.685","26.601","28.233","20.472","","0.32%"
"2021-6-21","26.601","35.320","35.799","26.080","","-24.69%"
"2021-6-20","35.320","35.283","35.701","31.500","","0.10%"
"2021-6-19","35.283","36.650","37.062","35.097","","-3.73%"
"2021-6-18","36.650","38.824","39.216","35.515","","-6.98%"
"2021-6-17","39.400","39.334","41.317","38.472","","0.17%"
"2021-6-16","39.334","39.592","40.925","37.780","","-0.65%"
"2021-6-15","39.592","39.703","41.339","39.554","","-0.28%"
"2021-6-14","39.703","38.806","40.168","36.931","","2.31%"
"2021-6-13","38.806","36.402","39.180","35.316","","6.60%"
"2021-6-12","36.402","36.012","37.500","34.453","","1.08%"
"2021-6-11","36.012","41.124","41.124","35.500","","-12.43%"
"2021-6-10","41.124","42.041","42.901","39.869","","-2.18%"
"2021-6-9","42.041","41.340","43.864","39.668","","1.70%"
"2021-6-8","41.340","38.272","42.287","33.824","","8.02%"
"2021-6-7","38.272","42.209","43.910","38.272","","-9.33%"
"2021-6-6","42.209","39.559","43.208","39.092","","6.70%"
"2021-6-5","39.559","37.435","42.252","37.435","","5.67%"
"2021-6-4","37.435","39.461","39.461","34.661","","-5.13%"
"2021-6-3","39.461","34.009","40.993","34.009","","16.03%"
"2021-6-2","34.009","31.002","34.486","30.552","","9.70%"
"2021-6-1","31.002","32.724","32.741","30.246","","-5.26%"
"2021-5-31","32.724","28.519","32.812","27.000","","14.74%"
"2021-5-30","28.519","26.900","29.485","25.825","","6.02%"
"2021-5-29","26.900","29.087","29.677","25.873","","-7.52%"
"2021-5-28","29.087","33.517","34.075","28.513","","-13.22%"
"2021-5-27","33.517","35.500","35.500","31.526","","-5.59%"
"2021-5-26","35.500","29.944","36.311","29.450","","18.55%"
"2021-5-25","29.944","30.637","32.604","26.383","","-2.26%"
"2021-5-24","30.637","24.611","32.080","24.611","","24.48%"
"2021-5-23","24.611","23.700","25.854","19.800","","-42.21%"
"2021-4-30","42.586","42.614","42.614","42.586","","-0.12%"
"2021-4-29","42.637","44.970","45.365","41.762","","-5.19%"
"2021-4-28","44.970","43.253","46.245","41.448","","3.97%"
"2021-4-27","43.253","44.500","46.167","42.830","","-2.80%"
"2021-4-26","44.500","47.466","48.360","43.504","","-6.25%"
"2021-4-25","47.466","40.849","48.085","40.000","","16.20%"
"2021-4-24","40.849","36.006","42.060","35.135","","13.45%"
"2021-4-23","36.006","39.015","41.000","31.000","","-7.71%"
"2021-4-22","39.015","32.536","40.262","32.536","","19.91%"
"2021-4-21","32.536","31.752","34.819","30.549","","2.47%"
"2021-4-20","31.752","28.800","32.232","26.000","","10.25%"
"2021-4-19","28.800","28.300","35.497","28.300","","1.77%"
"2021-4-18","28.300","25.096","32.980","22.698","","12.77%"
"2021-4-17","25.096","25.342","26.497","25.096","","-0.97%"
"2021-4-16","25.342","27.001","27.891","25.096","","-6.15%"
"2021-4-15","27.001","26.465","27.626","25.400","","2.03%"
"2021-4-14","26.465","27.750","31.000","24.962","","-4.63%"
"2021-4-13","27.750","28.547","29.500","25.274","","-2.79%"
"2021-4-12","28.547","27.812","29.450","27.043","","2.64%"
"2021-4-11","27.812","26.790","28.471","25.726","","3.81%"
"2021-4-10","26.790","27.377","27.377","26.046","","-3.37%"
"2021-4-8","27.723","26.478","29.000","23.500","","4.70%"
"2021-4-7","26.478","24.971","27.304","23.364","","6.04%"
"2021-4-6","24.971","22.957","24.994","21.913","","8.77%"
"2021-4-5","22.957","23.876","24.463","22.906","","-3.85%"
"2021-4-4","23.876","22.466","25.308","22.278","","6.28%"
"2021-4-3","22.466","19.749","23.397","19.749","","13.75%"
"2021-4-2","19.749","19.070","19.749","18.612","","3.56%"
"2021-4-1","19.070","19.437","20.600","18.660","","-1.89%"
"2021-3-31","19.437","19.156","19.677","18.534","","1.47%"
"2021-3-30","19.156","18.878","21.400","18.878","","1.47%"
"2021-3-29","18.878","18.220","18.909","17.715","","3.61%"
"2021-3-28","18.220","16.506","24.400","16.347","","10.38%"
"2021-3-27","16.506","14.750","16.527","14.750","","11.91%"
"2021-3-26","14.750","12.988","14.750","12.422","","13.56%"
"2021-3-25","12.988","13.629","13.629","12.679","","-4.70%"
"2021-3-24","13.629","14.184","15.257","13.628","","-3.98%"
"2021-3-23","14.193","14.888","15.194","14.193","","-4.67%"
"2021-3-22","14.888","14.180","16.540","14.180","","5.00%"
"2021-3-21","14.180","14.270","14.300","13.714","","-0.63%"
"2021-3-20","14.270","14.287","14.838","14.202","","-0.12%"
"2021-3-19","14.287","14.328","14.437","14.034","","-0.28%"
"2021-3-18","14.328","13.990","14.703","13.990","","2.41%"
"2021-3-17","13.990","13.805","14.200","13.367","","1.34%"
"2021-3-16","13.805","14.280","14.280","13.300","","-3.33%"
"2021-3-15","14.280","14.555","14.700","13.808","","-1.89%"
"2021-3-14","14.555","15.370","15.370","14.380","","-5.31%"
"2021-3-13","15.370","14.552","15.370","13.896","","5.62%"
"2021-3-12","14.552","15.987","16.454","14.360","","-8.98%"
"2021-3-11","15.987","14.235","16.339","13.740","","12.31%"
"2021-3-10","14.235","14.860","14.860","14.134","","-4.21%"
"2021-3-9","14.860","13.598","14.973","13.361","","9.29%"
"2021-3-8","13.598","13.791","13.837","13.072","","-1.40%"
"2021-3-7","13.791","12.924","13.949","12.717","","6.71%"
"2021-3-6","12.924","12.572","13.162","11.990","","2.80%"
"2021-3-5","12.572","13.112","13.112","12.218","","-4.12%"
"2021-3-4","13.112","14.131","14.142","12.806","","-7.21%"
"2021-3-3","14.131","13.975","14.562","13.846","","1.12%"
"2021-3-2","13.974","14.983","15.182","13.522","","-6.73%"
"2021-3-1","14.983","13.063","15.378","13.063","","14.70%"
"2021-2-28","13.063","13.215","13.658","11.572","","-1.15%"
"2021-2-27","13.215","13.576","14.450","13.157","","-2.66%"
"2021-2-26","13.576","14.000","15.352","13.368","","-3.03%"
"2021-2-25","14.000","17.167","17.616","14.000","","-18.45%"
"2021-2-24","17.167","15.089","20.000","14.000","","13.77%"
"2021-2-23","15.089","14.512","16.110","12.003","","3.97%"
"2021-2-22","14.512","11.074","14.512","9.780","","31.05%"
"2021-2-21","11.074","10.005","11.495","10.005","","10.68%"
"2021-2-20","10.005","11.444","11.444","9.924","","-12.57%"
"2021-2-19","11.444","8.984","11.499","8.644","","27.38%"
"2021-2-18","8.984","8.236","9.170","8.236","","9.09%"
"2021-2-17","8.236","8.300","8.410","7.634","","-0.77%"
"2021-2-16","8.300","8.846","8.899","8.081","","-6.17%"
"2021-2-15","8.846","8.735","9.290","7.904","","1.27%"
"2021-2-14","8.735","8.669","9.116","8.604","","0.76%"
"2021-2-13","8.669","9.210","9.488","8.669","","-5.87%"
"2021-2-12","9.210","9.185","9.914","9.080","","0.27%"
"2021-2-11","9.185","8.950","10.100","8.875","","2.63%"
"2021-2-10","8.950","7.836","9.060","7.557","","14.21%"
"2021-2-9","7.836","7.879","8.444","7.654","","-0.54%"
"2021-2-8","7.879","6.704","8.039","6.498","","17.53%"
"2021-2-7","6.704","6.120","6.846","5.817","","9.54%"
"2021-2-6","6.120","6.500","6.890","5.788","","-5.85%"
"2021-2-5","6.500","6.421","7.077","4.848","","1.25%"
"2021-2-4","6.420","5.722","6.511","5.610","","12.26%"
"2021-2-3","5.719","5.257","5.770","5.097","","8.77%"
"2021-2-2","5.257","4.622","5.335","4.489","","13.75%"
"2021-2-1","4.622","4.268","4.622","4.128","","8.29%"
"2021-1-31","4.268","4.232","4.781","4.197","","0.86%"
"2021-1-30","4.232","3.842","4.271","3.797","","10.15%"
"2021-1-29","3.842","3.819","3.871","3.638","","0.60%"
"2021-1-28","3.819","3.688","3.907","3.620","","3.54%"
"2021-1-27","3.688","4.037","4.037","3.652","","-8.64%"
"2021-1-26","4.037","3.720","4.062","3.714","","8.53%"
"2021-1-25","3.720","3.624","3.953","3.473","","2.64%"
"2021-1-24","3.624","3.501","3.780","3.501","","3.51%"
"2021-1-23","3.501","3.339","3.583","3.328","","4.85%"
"2021-1-22","3.339","2.985","3.485","2.661","","11.87%"
"2021-1-21","2.985","3.723","3.723","2.985","","-19.83%"
"2021-1-20","3.723","3.647","3.726","3.382","","2.08%"
"2021-1-19","3.647","3.784","3.996","3.622","","-3.62%"
"2021-1-18","3.784","3.827","4.111","3.020","","-1.13%"
"2021-1-17","3.827","3.449","3.963","3.362","","10.99%"
"2021-1-16","3.449","3.300","3.680","3.300","","4.50%"
"2021-1-15","3.300","3.284","3.425","3.000","","0.48%"
"2021-1-14","3.284","3.517","3.543","3.208","","-6.63%"
"2021-1-13","3.517","3.631","3.631","3.313","","-3.14%"
"2021-1-12","3.631","3.107","3.831","3.088","","16.88%"
"2021-1-11","3.107","3.053","3.154","2.616","","1.77%"
"2021-1-10","3.053","3.000","3.700","3.000","","1.76%"
"2021-1-9","3.000","3.889","3.889","2.900","","-22.85%"
"2021-1-8","3.889","2.359","3.889","2.184","","64.83%"
"2021-1-7","2.359","1.934","2.412","1.934","","22.00%"
"2021-1-6","1.934","2.155","2.165","1.934","","-10.29%"
"2021-1-5","2.155","2.489","2.489","2.093","","-13.39%"
"2021-1-4","2.489","2.161","2.489","1.945","","15.18%"
"2021-1-3","2.161","1.796","2.295","1.796","","20.27%"
"2021-1-2","1.796","1.837","1.986","1.733","","-2.22%"
"2021-1-1","1.837","1.514","1.837","1.507","","21.34%"
"2020-12-31","1.514","1.534","1.546","1.437","","-1.30%"
"2020-12-30","1.534","1.673","1.673","1.534","","-8.30%"
"2020-12-29","1.673","1.515","1.700","1.445","","10.40%"
"2020-12-28","1.515","1.306","1.515","1.306","","16.04%"
"2020-12-27","1.306","1.326","1.385","1.286","","-1.49%"
"2020-12-26","1.326","1.443","1.444","1.321","","-8.12%"
"2020-12-25","1.443","1.358","1.447","1.352","","6.23%"
"2020-12-24","1.358","1.199","1.380","1.199","","13.25%"
"2020-12-23","1.199","1.493","1.501","1.139","","-19.71%"
"2020-12-22","1.493","1.540","1.569","1.480","","-3.01%"
"2020-12-21","1.540","1.564","1.614","1.430","","-1.56%"
"2020-12-20","1.564","1.667","1.681","1.541","","-6.17%"
"2020-12-19","1.667","1.696","1.754","1.667","","-1.68%"
"2020-12-18","1.696","1.676","1.700","1.647","","1.17%"
"2020-12-17","1.676","1.785","1.791","1.664","","-6.11%"
"2020-12-16","1.785","1.755","1.785","1.636","","1.68%"
"2020-12-15","1.755","1.594","1.785","1.592","","10.13%"
"2020-12-14","1.594","1.566","1.614","1.528","","1.78%"
"2020-12-13","1.566","1.499","1.639","1.468","","4.45%"
"2020-12-12","1.499","1.449","1.533","1.449","","3.46%"
"2020-12-11","1.449","1.580","1.580","1.449","","-8.25%"
"2020-12-10","1.580","1.666","1.666","1.556","","-5.17%"
"2020-12-9","1.666","1.682","1.682","1.532","","-0.95%"
"2020-12-8","1.682","1.827","1.827","1.675","","-7.95%"
"2020-12-7","1.827","1.850","1.892","1.818","","-1.25%"
"2020-12-6","1.850","1.974","1.977","1.820","","-6.26%"
"2020-12-5","1.974","1.857","1.974","1.847","","6.25%"
"2020-12-4","1.857","2.096","2.108","1.857","","-11.37%"
"2020-12-3","2.096","2.116","2.210","2.082","","-0.94%"
"2020-12-2","2.116","1.978","2.168","1.972","","6.98%"
"2020-12-1","1.978","1.967","2.131","1.943","","0.57%"
"2020-11-30","1.967","1.909","1.999","1.909","","3.03%"
"2020-11-29","1.909","1.888","1.939","1.862","","1.09%"
"2020-11-28","1.888","1.857","1.928","1.811","","1.66%"
"2020-11-27","1.857","1.901","1.960","1.790","","-2.30%"
"2020-11-26","1.901","2.274","2.290","1.747","","-16.39%"
"2020-11-25","2.274","2.276","2.482","2.202","","-0.10%"
"2020-11-24","2.276","2.274","2.437","2.172","","0.07%"
"2020-11-23","2.274","2.157","2.341","2.129","","5.44%"
"2020-11-22","2.157","2.393","2.393","2.108","","-9.85%"
"2020-11-21","2.393","2.104","2.495","2.050","","13.74%"
"2020-11-20","2.104","2.073","2.221","2.061","","1.50%"
"2020-11-19","2.073","2.124","2.174","2.029","","-2.40%"
"2020-11-18","2.124","2.203","2.204","2.031","","-3.59%"
"2020-11-17","2.203","2.255","2.313","2.142","","-2.31%"
"2020-11-16","2.255","2.033","2.345","2.008","","10.93%"
"2020-11-15","2.033","1.928","2.188","1.928","","5.43%"
"2020-11-14","1.928","2.019","2.024","1.893","","-4.53%"
"2020-11-13","2.019","1.895","2.042","1.895","","6.58%"
"2020-11-12","1.895","2.002","2.049","1.842","","-5.34%"
"2020-11-11","2.002","2.261","2.287","2.002","","-11.45%"
"2020-11-10","2.261","2.025","2.306","2.019","","11.61%"
"2020-11-9","2.025","2.152","2.175","1.988","","-5.89%"
"2020-11-8","2.152","2.505","2.510","1.551","","-14.08%"
"2020-11-7","2.505","1.911","2.505","1.911","","31.05%"
"2020-11-6","1.911","1.400","1.921","1.400","","36.50%"
"2020-11-5","1.400","1.397","1.471","1.311","","0.21%"
"2020-11-4","1.397","1.418","1.418","1.298","","-1.46%"
"2020-11-3","1.418","1.481","1.481","1.418","","-4.26%"
"2020-11-2","1.481","1.604","1.632","1.475","","-7.64%"
"2020-11-1","1.604","1.545","1.635","1.526","","3.78%"
"2020-10-31","1.545","1.429","1.548","1.429","","8.12%"
"2020-10-30","1.429","1.427","1.445","1.353","","0.12%"
"2020-10-29","1.427","1.512","1.565","1.426","","-5.57%"
"2020-10-28","1.512","1.712","1.715","1.475","","-11.72%"
"2020-10-27","1.712","1.692","1.739","1.623","","1.21%"
"2020-10-26","1.692","1.787","1.857","1.635","","-5.33%"
"2020-10-25","1.787","1.914","1.914","1.775","","-6.62%"
"2020-10-24","1.914","1.956","1.959","1.894","","-2.16%"
"2020-10-23","1.956","1.954","1.982","1.863","","0.10%"
"2020-10-22","1.954","1.891","2.078","1.891","","3.34%"
"2020-10-21","1.891","1.890","2.030","1.863","","0.08%"
"2020-10-20","1.890","2.057","2.094","1.863","","-8.16%"
"2020-10-19","2.057","2.203","2.203","2.056","","-6.60%"
"2020-10-18","2.203","2.196","2.246","2.187","","0.31%"
"2020-10-17","2.196","2.148","2.231","2.142","","2.25%"
"2020-10-16","2.148","2.275","2.275","2.130","","-5.61%"
"2020-10-15","2.275","2.309","2.333","2.226","","-1.49%"
"2020-10-14","2.309","2.404","2.432","2.251","","-3.94%"
"2020-10-13","2.404","2.581","2.581","2.354","","-6.84%"
"2020-10-12","2.581","2.417","2.679","2.417","","6.78%"
"2020-10-11","2.417","2.405","2.448","2.351","","0.50%"
"2020-10-10","2.405","2.546","2.596","2.405","","-5.52%"
"2020-10-9","2.546","2.365","2.602","2.321","","7.65%"
"2020-10-8","2.365","2.292","2.435","2.036","","3.20%"
"2020-10-7","2.292","2.166","2.329","2.108","","5.78%"
"2020-10-6","2.166","2.659","2.659","2.157","","-18.51%"
"2020-10-5","2.659","2.517","2.667","2.475","","5.60%"
"2020-10-4","2.517","2.554","2.575","2.432","","-1.41%"
"2020-10-3","2.554","2.619","2.658","2.554","","-2.50%"
"2020-10-2","2.619","2.859","2.859","2.464","","-8.38%"
"2020-10-1","2.859","2.889","2.976","2.688","","-1.04%"
"2020-9-30","2.889","2.952","2.985","2.845","","-2.14%"
"2020-9-29","2.952","2.945","3.006","2.906","","0.24%"
"2020-9-28","2.945","3.159","3.172","2.945","","-6.78%"
"2020-9-27","3.159","3.129","3.159","3.011","","0.96%"
"2020-9-26","3.129","3.194","3.202","3.053","","-2.05%"
"2020-9-25","3.194","3.142","3.237","2.916","","1.68%"
"2020-9-24","3.142","2.842","3.235","2.815","","10.56%"
"2020-9-23","2.842","2.926","3.036","2.786","","-2.90%"
"2020-9-22","2.926","2.776","2.971","2.757","","5.41%"
"2020-9-21","2.776","2.877","3.001","2.490","","-3.51%"
"2020-9-20","2.877","3.017","3.017","2.712","","-4.62%"
"2020-9-19","3.017","3.100","3.243","2.972","","-2.70%"
"2020-9-18","3.100","2.894","3.136","2.763","","7.14%"
"2020-9-17","2.894","2.550","2.925","2.459","","13.49%"
"2020-9-16","2.550","2.926","2.926","2.449","","-12.86%"
"2020-9-15","2.926","3.272","3.303","2.922","","-10.57%"
"2020-9-14","3.272","3.245","3.442","3.106","","0.82%"
"2020-9-13","3.245","3.336","3.361","3.032","","-2.72%"
"2020-9-12","3.336","3.428","3.449","3.160","","-2.68%"
"2020-9-11","3.428","3.461","3.487","3.053","","-0.94%"
"2020-9-10","3.461","3.614","3.843","3.314","","-4.25%"
"2020-9-9","3.614","2.476","3.674","2.391","","45.98%"
"2020-9-8","2.476","2.921","2.925","2.409","","-15.23%"
"2020-9-7","2.921","3.068","3.150","2.417","","-4.79%"
"2020-9-6","3.068","2.538","3.140","2.333","","20.89%"
"2020-9-5","2.538","3.544","3.624","2.408","","-28.40%"
"2020-9-4","3.544","3.526","3.782","3.194","","0.53%"
"2020-9-3","3.526","4.151","4.312","3.526","","-15.06%"
"2020-9-2","4.151","4.327","4.355","3.826","","-4.08%"
"2020-9-1","4.327","4.758","4.934","4.327","","-9.06%"
"2020-8-31","4.758","4.439","4.843","4.158","","7.20%"
"2020-8-30","4.439","3.979","4.575","3.925","","11.55%"
"2020-8-29","3.979","4.008","4.079","3.802","","-0.71%"
"2020-8-28","4.008","3.442","4.234","3.442","","16.44%"
"2020-8-27","3.442","3.563","3.796","3.336","","-3.39%"
"2020-8-26","3.563","3.265","3.784","3.199","","9.10%"
"2020-8-25","3.265","3.310","3.312","3.064","","-1.34%"
"2020-8-24","3.310","3.312","3.585","3.246","","-0.07%"
"2020-8-23","3.312","3.060","3.379","3.059","","8.23%"
"2020-8-22","3.060","2.940","3.184","2.717","","4.09%"
"2020-8-21","2.940","3.184","3.184","2.940","","-7.66%"
"2020-8-20","3.184","2.942","3.377","2.939","","8.20%"
"2020-8-19","2.942","3.378","3.445","2.883","","-12.90%"
"2020-8-18","3.378","3.121","3.585","2.900","","8.26%"
"2020-8-17","3.121","3.378","3.378","3.121","","-7.63%"
"2020-8-16","3.378","3.179","3.445","3.179","","6.26%"
"2020-8-15","3.179","3.377","3.655","3.179","","-5.87%"
"2020-8-14","3.377","3.728","3.729","3.377","","-9.40%"
"2020-8-13","3.728","3.728","4.120","3.585","","0.00%"
"2020-8-12","3.728","3.445","3.880","3.183","","8.21%"
"2020-8-11","3.445","3.184","3.445","2.772","","8.21%"
"2020-8-10","3.184","2.706","3.313","2.500","","17.67%"
"2020-8-9","2.706","2.500","2.706","2.310","","8.22%"
"2020-8-8","2.500","2.051","2.601","2.012","","21.93%"
"2020-8-7","2.051","2.178","2.178","1.895","","-5.83%"
"2020-8-6","2.178","1.784","2.178","1.783","","22.08%"
"2020-8-5","1.784","1.896","1.896","1.783","","-5.92%"
"2020-8-4","1.896","1.786","1.933","1.786","","6.14%"
"2020-8-3","1.786","1.716","1.830","1.682","","4.08%"
"2020-8-2","1.716","1.617","1.717","1.436","","6.13%"
"2020-8-1","1.617","1.555","1.649","1.495","","3.97%"
"2020-7-31","1.555","1.670","1.670","1.554","","-6.85%"
"2020-7-30","1.670","1.649","1.785","1.649","","1.21%"
"2020-7-29","1.650","1.787","2.051","1.618","","-7.67%"
"2020-7-28","1.787","1.731","1.821","1.630","","3.24%"
"2020-7-27","1.731","1.610","2.067","1.610","","7.49%"
"2020-7-26","1.610","1.274","1.610","1.249","","26.34%"
"2020-7-25","1.274","0.986","1.379","0.986","","22.02%"
"2020-7-23","1.044","1.046","1.087","1.005","","-0.14%"
"2020-7-22","1.046","1.004","1.087","1.003","","4.17%"
"2020-7-21","1.004","0.874","1.005","0.874","","-27.41%"
"2020-7-15","1.383","1.115","1.384","1.115","","24.00%"
"2020-7-14","1.115","1.279","1.279","1.114","","-12.78%"
"2020-7-13","1.279","1.009","1.279","1.009","","26.71%"