代码,转债名称,现价,涨跌幅,正股代码,正股名称,正股价,正股涨跌,正股PB,转股价,转股价值,转股溢价率,债券评级,回售触发价,强赎触发价,转债占比,到期时间,剩余年限,剩余规模,成交额,换手率,到期税前收益,双低
111018,华康转债,100.0,0.0,605077,华康股份,23.02,2.13,1.93,22.66,101.59,-1.56,AA-,15.86,29.46,37.2,2029-12-24,6.003,13.03,0.0,0.0,3.11,98.44
118046,诺泰转债,100.0,0.0,688076,诺泰生物,43.28,1.12,4.68,42.73,101.29,-1.27,A+,29.91,55.55,6.9,2029-12-14,5.984,4.34,0.0,0.0,3.13,98.73
113595,花王转债,120.769,4.22,603007,ST花王,5.45,3.42,5.96,4.48,121.65,-0.73,B-,3.14,5.83,6.5,2026-07-21,2.581,1.239,146969.35,972.77,0.73,120.04
127012,招路转债,125.55,-0.21,001965,招商公路,9.91,-0.1,0.98,7.87,125.92,-0.29,AAA,5.51,10.23,7.5,2025-03-22,1.249,46.403,8501.57,1.46,-12.49,125.26
113044,大秦转债,116.024,0.2,601006,大秦铁路,7.23,0.42,0.82,6.22,116.24,-0.18,AAA,4.35,7.46,24.0,2026-12-14,2.981,266.848,53359.44,1.72,-1.08,115.84
127058,科伦转债,178.35,-1.57,002422,科伦药业,28.66,-1.24,2.27,16.04,178.68,-0.18,AA+,11.23,20.85,5.0,2028-03-18,4.241,17.083,13094.75,4.3,-10.49,178.17
110061,川投转债,174.348,0.35,600674,川投能源,14.67,0.55,1.83,8.4,174.64,-0.17,AAA,5.88,10.92,4.3,2025-11-11,1.89,28.208,16124.5,3.29,-22.64,174.18
113066,平煤转债,130.252,0.57,601666,平煤股份,11.82,0.77,1.1,9.06,130.46,-0.16,AAA,6.34,11.78,10.0,2029-03-16,5.236,27.181,25846.33,7.27,-3.02,130.09
132018,G三峡EB1,153.002,0.26,600900,长江电力,23.18,0.13,2.88,15.1,153.51,-0.1,AAA,10.57,18.12,1.6,2024-04-09,0.299,89.04,30777.32,2.26,-97.95,152.9
110045,海澜转债,124.009,0.22,600398,海澜之家,7.57,0.13,2.15,6.1,124.1,-0.07,AA+,4.27,7.93,8.1,2024-07-13,0.559,26.536,6326.56,1.92,-23.1,123.94
118017,深科转债,144.456,-6.02,688328,深科达,38.51,-6.42,4.48,26.68,144.34,0.08,A+,18.68,34.68,10.5,2028-08-08,4.633,1.953,90290.09,305.32,-3.86,144.54
123164,法本转债,105.6,-2.93,300925,法本信息,11.7,-2.99,3.14,11.09,105.5,0.09,A+,7.76,14.42,3.0,2028-10-21,,0.862,5432.92,58.83,,105.69
113534,鼎胜转债,156.949,1.76,603876,鼎胜新材,12.29,2.16,1.7,7.84,156.76,0.12,AA-,5.49,10.19,3.4,2025-04-09,1.299,3.691,28582.4,49.37,-23.25,157.07
110077,洪城转债,157.594,-0.16,600461,洪城环境,9.08,-0.55,1.32,5.78,157.09,0.32,AA+,4.05,7.51,17.3,2026-11-20,2.915,15.774,2815.84,1.13,-11.07,157.91
118021,新致转债,209.079,-0.66,688590,新致软件,22.24,-1.16,4.26,10.68,208.24,0.4,A,7.48,13.88,5.3,2028-09-27,4.77,2.914,72789.78,117.25,-11.55,209.48
110083,苏租转债,145.788,-0.69,600901,江苏金租,4.89,-0.61,1.21,3.37,145.1,0.47,AAA,,4.38,23.0,2027-11-11,3.89,47.555,2261.86,0.33,-7.08,146.26
128106,华统转债,228.8,0.44,002840,华统股份,20.01,0.15,5.31,8.82,226.87,0.85,AA,6.17,11.47,3.1,2026-04-10,2.301,2.861,16568.06,25.24,-27.25,229.65
127006,敖东转债,107.626,-0.18,000623,吉林敖东,15.04,-0.59,0.65,14.21,105.84,1.69,AA+,9.95,18.47,13.4,2024-03-13,0.225,23.309,6133.58,2.44,-10.86,109.32
123194,百洋转债,134.775,-0.9,301015,百洋医药,35.51,-1.28,7.33,26.88,132.11,2.02,AA-,18.82,34.94,20.1,2029-04-14,5.315,8.463,4105.45,3.56,-2.47,136.8
123118,惠城转债,327.489,-0.61,300779,惠城环保,51.04,0.1,5.35,15.93,320.4,2.21,A+,11.15,20.71,3.1,2027-07-07,3.543,1.538,17586.09,34.91,-24.98,329.7
127063,贵轮转债,135.516,-0.06,000589,贵州轮胎,5.82,0.34,1.01,4.4,132.27,2.45,AA,3.08,5.72,22.8,2028-04-22,4.337,15.508,4234.62,2.01,-3.83,137.97
113063,赛轮转债,131.832,1.64,601058,赛轮轮胎,11.43,2.33,2.59,8.89,128.57,2.54,AA,6.22,11.56,4.1,2028-11-02,4.869,14.497,9505.5,5.0,-2.85,134.37
110048,福能转债,154.689,0.42,600483,福能股份,8.38,0.24,1.02,5.57,150.45,2.82,AA+,3.9,7.24,6.0,2024-12-07,0.962,12.76,5003.09,2.54,-30.8,157.51
127101,豪鹏转债,100.0,0.0,001283,豪鹏科技,49.24,-1.62,1.75,50.65,97.22,2.86,AA-,35.46,65.85,39.0,2029-12-21,6.003,11.0,0.0,0.0,2.73,102.86
111011,冠盛转债,133.031,-0.72,605088,冠盛股份,22.77,-1.85,1.88,17.61,129.3,2.88,AA-,12.33,22.89,16.1,2029-01-03,5.038,6.016,3943.56,4.92,-2.06,135.91
123127,耐普转债,137.4,0.51,300818,耐普矿机,32.49,-0.91,2.56,24.4,133.16,3.19,A+,17.08,31.72,19.8,2027-10-29,3.855,3.997,5542.51,10.13,-4.56,140.59
128042,凯中转债,125.799,0.11,002823,凯中精密,12.23,-0.41,2.49,10.05,121.69,3.38,AA-,7.04,13.07,19.3,2024-07-30,0.606,4.02,3025.18,5.97,-18.12,129.18
123092,天壕转债,158.988,1.14,300332,天壕能源,7.78,0.91,1.6,5.06,153.76,3.4,A+,3.54,6.58,6.0,2026-12-24,3.008,3.997,4251.81,6.72,-9.04,162.39
127065,瑞鹄转债,195.0,-1.74,002997,瑞鹄模具,32.13,-1.26,4.07,17.06,188.34,3.54,A+,11.94,22.18,2.9,2028-06-22,4.504,1.868,11853.15,32.21,-10.24,198.54
128087,孚日转债,124.6,-0.32,002083,孚日股份,5.0,-1.77,1.05,4.16,120.19,3.67,AA-,2.91,5.41,16.0,2025-12-17,1.989,6.443,1447.92,1.8,-6.21,128.27
113648,巨星转债,146.013,1.15,603477,巨星农牧,35.49,1.23,5.48,25.21,140.78,3.72,AA-,17.65,32.77,5.1,2028-04-25,4.345,9.154,10854.91,8.11,-5.39,149.73
128049,华源转债,127.6,-1.07,002787,华源控股,9.06,-2.37,1.99,7.37,122.93,3.8,AA-,5.16,9.58,9.0,2024-11-27,0.934,2.008,2931.27,11.41,-14.77,131.4
110068,龙净转债,132.634,1.63,600388,龙净环保,12.9,2.71,1.76,10.12,127.47,4.05,AA+,7.08,13.16,13.5,2026-03-24,2.255,18.758,16206.59,6.5,-6.88,136.68
128033,Z龙转债,105.88,-0.07,002658,雪迪龙,8.0,-1.72,1.99,7.87,101.65,4.16,AA,5.51,10.23,9.1,2023-12-27,0.014,2.559,10827.8,39.96,8.27,110.04
113504,艾华转债,109.576,-0.65,603989,艾华集团,21.25,-1.21,2.4,20.21,105.15,4.21,AA,14.15,26.27,5.4,2024-03-02,0.195,4.626,1640.93,3.23,-17.02,113.79
113615,金诚转债,318.793,1.19,603979,金诚信,37.86,1.77,3.28,12.43,304.59,4.66,AA,8.7,16.16,3.4,2026-12-23,3.006,7.637,8369.19,3.45,-28.92,323.45
127037,银轮转债,172.289,0.5,002126,银轮股份,17.46,-0.68,2.68,10.61,164.56,4.7,AA,7.43,13.79,5.3,2027-06-07,3.46,6.994,7901.12,6.56,-11.37,176.99
128081,海亮转债,118.6,-0.07,002203,海亮股份,10.8,-0.46,1.57,9.54,113.21,4.76,AA,6.68,12.4,12.9,2025-11-21,1.918,27.024,4185.27,1.31,-3.06,123.36
127014,北方转债,159.871,-1.62,000065,北方国际,11.78,-1.83,1.42,7.74,152.2,5.04,AA+,5.42,10.06,5.0,2025-10-24,1.841,5.322,17114.9,19.75,-17.81,164.91
128082,华锋转债,145.901,-6.48,002806,华锋股份,12.67,-10.01,2.1,9.13,138.77,5.14,A,6.39,11.87,10.4,2025-12-04,1.953,1.955,39925.44,136.76,-10.68,151.04
123096,思创转债,101.937,-0.45,300078,思创医惠,4.36,-2.9,3.11,4.5,96.89,5.21,BBB-,3.15,5.85,18.1,2027-01-26,3.099,6.594,1046.79,1.56,6.41,107.15
127053,豪美转债,136.499,0.44,002988,豪美新材,23.24,0.43,2.63,17.97,129.33,5.55,AA-,12.58,23.36,8.5,2028-01-24,4.093,4.817,6684.51,10.16,-2.43,142.05
110088,淮22转债,126.487,0.99,600985,淮北矿业,16.83,2.25,1.14,14.12,119.19,6.12,AAA,9.88,18.36,7.2,2028-09-14,4.734,30.0,15720.61,4.14,-2.81,132.61
128143,锋龙转债,141.0,-3.31,002931,锋龙股份,16.75,-1.47,4.62,12.63,132.62,6.32,A+,8.84,16.42,5.7,2027-01-08,3.049,1.734,163109.81,649.56,-5.15,147.32
113588,润达转债,166.477,-1.39,603108,润达医疗,20.49,-2.1,2.94,13.1,156.41,6.43,AA,9.17,17.03,2.7,2026-06-17,2.488,3.185,32155.54,59.85,-14.86,172.91
113505,杭电转债,109.415,-0.14,603618,杭电股份,6.07,-0.65,1.45,5.93,102.36,6.89,AA,4.15,7.71,17.9,2024-03-06,0.206,7.497,1722.82,2.09,-6.38,116.31
111012,福新转债,130.214,-2.77,605488,福莱新材,16.71,-8.39,2.9,13.73,121.7,6.99,A+,9.61,17.85,36.9,2029-01-04,5.041,3.119,25255.35,61.74,-1.4,137.2
113631,皖天转债,124.21,-0.7,603689,皖天然气,8.77,-1.46,1.4,7.56,116.01,7.07,AA+,5.29,9.83,22.5,2027-11-08,3.882,9.296,3658.84,3.16,-2.24,131.28
123187,超达转债,127.555,-0.35,301186,超达装备,38.83,-1.7,2.23,32.6,119.11,7.09,A,22.82,42.38,54.0,2029-04-04,5.288,4.53,3095.51,5.34,-1.0,134.65
123054,思特转债,166.934,-4.22,300608,思特奇,15.37,-9.11,3.43,9.89,155.41,7.42,AA-,6.92,12.86,4.0,2026-06-10,2.469,1.674,54113.64,190.23,-12.96,174.35
128091,新天转债,160.798,-1.29,002873,新天药业,12.14,-1.3,2.35,8.11,149.69,7.42,A+,5.68,10.54,5.6,2025-12-30,2.025,1.523,3098.3,12.58,-14.77,168.22
123236,家联转债,100.0,0.0,301193,家联科技,17.35,-6.32,2.16,18.69,92.83,7.72,AA-,13.08,24.3,46.8,2029-12-21,6.003,7.5,0.0,0.0,3.1,107.72
128037,岩土转债,111.415,-0.21,002542,中化岩土,2.73,-1.8,1.85,2.64,103.41,7.74,AA,1.85,3.43,13.9,2024-03-15,0.23,6.019,1710.09,2.55,-13.32,119.16
123044,红相转债,101.966,0.36,300427,*ST红相,6.69,3.88,1.5,7.08,94.49,7.91,A+,4.96,9.2,25.5,2026-03-12,2.222,5.493,4420.18,7.89,8.98,109.88
123234,中能转债,100.0,0.0,300062,中能电气,5.94,-0.67,2.62,6.42,92.52,8.08,A+,4.49,8.35,17.8,2029-12-10,5.973,4.0,0.0,0.0,3.1,108.08
113628,晨丰转债,124.862,-0.68,603685,晨丰科技,14.93,-2.67,2.24,12.94,115.38,8.22,A,9.06,16.82,16.4,2027-08-23,3.671,4.149,1403.55,2.7,-0.99,133.08
113069,博23转债,100.0,0.0,601137,博威合金,14.38,-0.9,1.68,15.63,92.0,8.69,AA,10.94,20.32,15.2,2028-12-21,5.003,17.0,0.0,0.0,2.34,108.69
123221,力诺转债,129.919,-0.22,301188,力诺特玻,17.2,-1.43,2.58,14.4,119.44,8.77,A+,10.08,18.72,19.3,2029-08-22,5.671,5.0,3315.76,5.07,-2.46,138.69
128083,新北转债,126.057,-0.74,002376,新北洋,7.51,-1.31,1.55,6.5,115.54,9.1,AA,4.55,8.45,18.7,2025-12-12,1.975,8.768,2653.83,2.39,-5.94,135.16
118028,会通转债,125.562,-0.13,688219,会通股份,10.7,-1.56,2.61,9.31,114.93,9.25,AA-,6.52,12.1,16.9,2028-12-06,4.962,8.3,2209.68,2.12,-0.93,134.81
127102,浙建转债,100.0,0.0,002761,浙江建投,10.05,-0.69,1.38,11.01,91.28,9.55,AA+,7.71,14.31,9.2,2029-12-24,6.003,10.0,0.0,0.0,2.01,109.55
123107,温氏转债,122.99,-0.14,300498,温氏股份,19.12,0.31,3.63,17.04,112.21,9.61,AAA,11.93,22.15,7.4,2027-03-29,3.269,77.386,8890.28,0.93,-2.8,132.6
128090,汽模转2,133.3,0.38,002510,天汽模,5.14,1.58,2.3,4.23,121.51,9.7,AA-,2.96,5.5,6.4,2025-12-27,2.016,3.082,86573.9,207.7,-7.9,143.0
123235,亿田转债,100.0,0.0,300911,亿田智能,34.6,-1.87,2.54,38.08,90.86,10.06,AA-,26.66,49.5,15.1,2029-12-20,6.0,5.202,0.0,0.0,3.18,110.06
123112,万讯转债,144.445,0.74,300112,万讯自控,11.08,2.88,2.68,8.46,130.97,10.29,AA-,5.92,11.0,8.6,2027-04-08,3.296,2.265,4606.72,14.08,-4.79,154.74
118025,奕瑞转债,128.644,-0.53,688301,奕瑞科技,267.95,-2.58,6.62,229.82,116.59,10.34,AA,160.87,298.77,5.3,2028-10-24,4.844,14.35,7021.73,3.81,-2.41,138.98
128066,亚泰转债,121.505,0.47,002811,郑中设计,9.65,-0.92,2.13,8.77,110.03,10.42,AA-,6.14,11.4,19.3,2025-04-17,1.321,4.61,3719.97,6.63,-4.77,131.93
123177,测绘转债,146.5,-1.35,300826,测绘股份,17.55,-3.31,2.15,13.28,132.15,10.86,A+,9.3,17.26,10.0,2029-03-02,5.197,2.437,5638.95,15.77,-3.81,157.36
123147,中辰转债,128.404,-1.06,300933,中辰股份,9.0,-1.32,2.55,7.78,115.68,11.0,AA-,5.45,10.11,27.0,2028-05-31,4.444,5.705,3092.18,4.2,-1.58,139.4
123223,九典转02,171.2,-1.04,300705,九典制药,33.7,-0.82,6.1,21.85,154.23,11.0,A+,15.3,28.41,5.0,2029-09-14,5.734,3.6,22042.71,35.17,-6.27,182.2
113594,淳中转债,130.496,-0.76,603516,淳中科技,21.02,-2.1,3.64,17.93,117.23,11.31,A+,12.55,23.31,7.7,2026-07-21,2.581,2.995,2655.32,6.75,-3.58,141.81
123141,宏丰转债,124.804,-0.32,300283,温州宏丰,6.02,-1.63,2.68,5.37,112.1,11.33,A,3.76,6.98,17.4,2028-03-15,4.233,3.21,1287.77,3.21,-0.71,136.13
128044,岭南转债,112.6,-1.4,002717,岭南股份,3.11,-4.89,1.74,3.08,100.97,11.51,A,2.16,4.0,14.5,2024-08-14,0.647,6.567,5129.4,6.9,-7.69,124.11
123202,祥源转债,130.0,-0.99,300980,祥源新材,22.7,-1.39,2.36,19.49,116.47,11.62,A+,13.64,25.34,39.7,2029-07-02,5.532,4.6,1610.83,2.67,-1.44,141.62
127099,盛航转债,100.0,0.0,001205,盛航股份,17.14,-0.12,1.83,19.15,89.5,11.73,AA-,13.41,24.9,36.8,2029-12-05,5.959,7.4,0.0,0.0,3.24,111.73
110084,贵燃转债,123.0,-0.13,600903,贵州燃气,7.9,-0.5,2.81,7.18,110.03,11.79,AA,5.03,9.33,10.1,2027-12-27,4.016,9.152,1786.06,1.59,-1.74,134.79
127078,优彩转债,122.452,-0.69,002998,优彩资源,7.86,-1.38,1.51,7.2,109.17,12.17,A+,5.04,9.36,50.2,2028-12-14,4.984,6.0,1088.44,1.47,-0.23,134.62
113519,长久转债,132.154,-0.88,603569,长久物流,13.0,-2.11,2.88,11.04,117.75,12.23,AA,7.73,14.35,2.8,2024-11-07,0.88,2.2,2520.65,8.59,-14.76,144.38
113535,大业转债,144.478,12.76,603278,大业股份,12.32,-0.16,2.18,9.59,128.47,12.46,AA-,6.71,12.47,1.2,2024-05-09,,0.481,213991.03,3103.01,,156.94
123080,海波转债,138.1,1.16,300517,海波重科,14.09,4.84,2.63,11.5,122.52,12.71,A+,8.05,14.95,8.5,2026-12-02,2.948,1.489,2271.61,11.09,-3.65,150.81
123188,水羊转债,132.25,-2.16,300740,水羊股份,15.97,-4.54,3.06,13.61,117.34,12.71,A+,9.53,17.69,12.2,2029-04-04,5.288,6.95,2811.4,3.03,-1.63,144.96
113027,华钰转债,137.766,-0.17,601020,华钰矿业,8.87,-0.56,2.3,7.26,122.18,12.76,A,5.08,9.44,3.4,2025-06-14,1.48,2.383,1840.12,5.59,-13.31,150.53
127100,神码转债,100.0,0.0,000034,神州数码,28.82,-3.09,2.35,32.51,88.65,12.8,AA,22.76,42.26,8.4,2029-12-20,6.0,13.39,0.0,0.0,2.41,112.8
123010,博世转债,110.776,-0.38,300422,博世科,6.01,-1.64,1.32,6.14,97.88,13.17,A,4.3,7.98,18.4,2024-07-05,0.537,4.296,471.73,0.99,-4.67,123.95
113651,松霖转债,127.562,0.2,603992,松霖科技,18.17,-1.3,3.04,16.13,112.65,13.24,AA,11.29,20.97,8.4,2028-07-20,4.581,6.099,3903.22,5.0,-1.94,140.8
113546,迪贝转债,129.218,-0.17,603320,迪贝电气,15.65,0.13,2.53,13.72,114.07,13.28,A+,9.6,17.84,11.3,2025-10-23,1.838,2.295,1573.13,5.28,-5.31,142.5
128062,亚药转债,113.695,-0.19,002370,亚太药业,4.21,-1.86,6.18,4.21,100.0,13.69,B-,2.95,5.47,27.6,2025-04-02,1.28,6.567,544.58,0.73,2.16,127.39
127088,赫达转债,132.04,0.78,002810,山东赫达,20.18,-0.49,3.28,17.4,115.98,13.85,AA-,12.18,22.62,8.9,2029-07-02,5.532,6.0,1761.61,2.23,-1.71,145.89
123150,九强转债,131.268,-0.32,300406,九强生物,20.16,-0.69,3.32,17.55,114.87,14.27,AA-,12.29,22.82,13.2,2028-06-30,4.526,11.21,1792.48,1.21,-2.88,145.54
113532,海环转债,118.051,-0.8,603817,海峡环保,6.34,-2.46,1.27,6.15,103.09,14.51,AA+,4.31,8.0,14.0,2025-04-02,1.28,4.585,2263.6,4.18,-5.59,132.56
123129,锦鸡转债,133.809,-1.85,300798,锦鸡股份,9.27,-3.64,3.1,7.95,116.6,14.76,A+,4.77,9.54,5.7,2027-11-04,3.871,1.942,6858.71,26.29,-3.51,148.57
123222,博俊转债,144.394,0.43,300926,博俊科技,30.64,2.13,5.93,24.37,125.73,14.85,A+,17.06,31.68,23.2,2029-09-07,5.715,5.0,9074.98,12.56,-3.25,159.24
123160,泰福转债,122.625,-0.15,300992,泰福泵业,21.15,-0.75,2.34,19.82,106.71,14.91,A,13.87,25.77,36.4,2028-09-28,4.773,3.349,949.63,2.31,-0.29,137.54
123233,凯盛转债,127.3,1.6,301069,凯盛新材,22.43,3.6,6.33,20.26,110.71,14.98,AA-,14.18,26.34,20.6,2029-11-28,5.94,6.5,102604.22,123.55,-1.02,142.28
111008,沿浦转债,133.788,3.61,605128,上海沿浦,54.65,6.08,3.7,46.99,116.3,15.04,A+,32.89,61.09,8.8,2028-11-02,4.869,3.839,37970.16,74.27,-2.43,148.83
110090,爱迪转债,127.814,-0.61,600933,爱柯迪,20.61,-1.2,3.09,18.56,111.05,15.1,AA,12.99,24.13,8.5,2028-09-23,4.759,15.698,6188.82,3.08,-2.36,142.91
110052,贵广转债,132.753,-1.73,600996,贵广网络,9.15,-4.79,2.28,7.94,115.24,15.2,AA+,5.56,10.32,2.4,2025-03-05,1.203,2.642,4564.4,12.93,-11.4,147.95
123158,宙邦转债,130.148,1.05,300037,新宙邦,47.55,2.3,4.01,42.09,112.97,15.2,AA,29.46,54.72,7.6,2028-09-26,4.767,19.695,8401.9,3.28,-2.65,145.35
123025,精测转债,194.198,-0.41,300567,精测电子,82.17,-1.96,6.47,48.79,168.42,15.31,AA-,34.15,63.43,1.8,2025-03-29,1.269,3.084,4543.39,7.61,-34.66,209.51
110074,精达转债,129.04,0.0,600577,精达股份,3.98,0.0,1.59,3.57,111.49,15.75,AA,2.5,4.64,6.4,2026-08-19,2.66,5.093,1992.01,3.03,-4.21,144.79
123229,艾录转债,122.315,-0.05,301062,上海艾录,10.71,-0.65,3.77,10.15,105.52,15.92,A+,7.11,13.2,19.5,2029-10-22,5.838,5.0,2833.81,4.62,-0.17,138.24
123192,科思转债,136.04,-1.71,300856,科思股份,60.98,-1.53,4.2,52.03,117.2,16.07,AA-,36.42,67.64,7.3,2029-04-13,5.312,7.242,2188.46,2.2,-2.33,152.11
123213,天源转债,124.014,-0.72,301127,天源环保,10.99,-1.08,1.83,10.3,106.7,16.23,AA-,7.21,13.39,36.8,2029-07-27,5.6,10.0,1880.95,1.51,-1.01,140.24
118030,睿创转债,133.899,-0.08,688002,睿创微纳,45.81,-0.52,4.35,39.92,114.76,16.68,AA,27.94,51.9,7.6,2028-12-30,5.027,15.638,3837.6,1.84,-3.02,150.58
111017,蓝天转债,126.515,0.02,605368,蓝天燃气,10.98,-0.99,2.04,10.13,108.39,16.72,AA,7.09,13.17,31.9,2029-08-14,5.649,8.7,675.99,0.61,-1.69,143.24
123050,聚飞转债,133.181,-0.1,300303,聚飞光电,5.56,-2.28,2.51,4.88,113.93,16.89,AA-,3.42,6.34,5.4,2026-04-14,2.312,3.746,3917.96,7.86,-3.8,150.07
113576,起步转债,95.316,0.04,603557,ST起步,2.12,-1.4,2.49,2.6,81.54,16.9,B-,1.82,3.38,22.8,2026-04-10,2.301,2.393,332.41,1.46,10.52,112.22
111005,富春转债,121.996,-0.22,605189,富春染织,16.51,-1.14,1.4,15.85,104.16,17.12,AA-,11.1,20.61,69.1,2028-06-23,4.507,5.699,885.1,1.27,-1.7,139.12
113664,大元转债,124.748,0.02,603757,大元泵业,23.71,0.47,2.4,22.28,106.42,17.22,AA-,15.6,28.96,11.4,2028-12-05,4.959,4.5,2125.84,3.79,-0.69,141.97
110055,伊力转债,156.604,-1.39,600197,伊力特,20.82,-1.09,2.65,15.59,133.55,17.26,AA,10.91,20.27,2.5,2025-03-15,1.23,2.433,3594.96,9.37,-24.21,173.86
113524,奇精转债,122.613,-1.13,603677,奇精机械,14.13,-2.35,2.36,13.53,104.44,17.41,AA-,9.47,17.59,12.1,2024-12-14,0.981,3.297,1529.09,3.75,-7.99,140.02
123099,普利转债,127.236,-0.77,300630,普利制药,21.4,-1.34,3.08,19.76,108.3,17.49,AA-,13.83,25.69,7.3,2027-02-09,3.137,5.311,2061.09,3.04,-1.23,144.73
127027,能化转债,116.02,0.0,000552,甘肃能化,3.06,0.0,1.15,3.1,98.71,17.54,AA+,2.17,4.03,25.4,2026-12-10,2.97,19.464,3268.76,1.44,-0.81,133.56
128130,景兴转债,117.2,-0.37,002067,景兴纸业,3.39,-1.45,0.73,3.4,99.71,17.55,AA,2.72,4.42,27.9,2026-08-31,2.693,9.986,2191.2,1.87,-1.27,134.75
110060,天路转债,134.074,0.18,600326,西藏天路,4.74,-1.04,1.54,4.17,113.67,17.95,AA,2.92,5.42,10.0,2025-10-28,1.852,5.666,2201.96,2.9,-9.43,152.02
110091,合力转债,137.535,0.78,600761,安徽合力,16.26,0.62,1.61,14.0,116.14,18.42,AA+,9.8,18.2,17.0,2028-12-13,4.981,20.471,4425.56,1.57,-4.05,155.96
128076,金轮转债,131.294,-0.23,002722,物产金轮,15.24,-1.23,1.28,13.76,110.76,18.54,AA-,9.63,17.89,8.0,2025-10-14,1.814,2.135,1419.08,5.05,-8.55,149.83
123225,翔丰转债,119.2,0.25,300890,翔丰华,33.81,1.23,2.15,33.63,100.54,18.57,AA-,23.54,43.72,24.3,2029-10-09,5.803,8.0,3809.71,4.01,0.59,137.77
123167,商络转债,132.69,0.38,300975,商络电子,7.73,-0.77,2.79,6.91,111.87,18.61,A+,4.84,8.98,15.7,2028-11-17,4.91,3.937,2363.89,4.51,-1.88,151.3
123038,联得转债,155.6,-1.14,300545,联得装备,31.43,-3.74,3.46,23.96,131.18,18.62,A+,16.77,31.15,4.2,2025-12-25,2.011,1.471,17100.21,73.59,-13.57,174.22
123063,大禹转债,120.523,-0.39,300021,大禹节水,4.7,-1.47,2.04,4.63,101.51,18.73,AA-,3.24,6.02,19.3,2026-07-28,2.6,6.345,2274.24,2.97,1.22,139.25
110043,无锡转债,105.528,0.0,600908,无锡银行,4.82,0.21,0.5,5.43,88.77,18.88,AA+,,7.06,32.5,2024-01-30,0.107,29.21,12690.77,4.12,4.19,124.41
113039,嘉泽转债,125.423,-0.27,601619,嘉泽新能,3.46,-0.86,1.32,3.28,105.49,18.9,AA,2.3,4.26,3.4,2026-08-24,2.674,2.877,2509.64,6.95,-4.44,144.32
113561,正裕转债,135.439,0.03,603089,正裕工业,11.24,-0.44,2.17,9.88,113.77,19.05,A+,6.92,12.84,5.5,2025-12-31,2.027,1.379,1637.05,8.75,-7.54,154.49
113549,白电转债,123.23,-0.38,603861,白云电器,9.29,-2.31,1.43,9.0,103.22,19.38,AA,6.3,11.7,20.4,2025-11-15,1.901,8.039,3746.17,3.78,-5.04,142.61
128141,旺能转债,120.4,0.08,002034,旺能环境,15.07,-0.07,1.01,14.97,100.67,19.6,AA,10.48,19.46,19.8,2026-12-17,2.989,12.701,2094.66,1.37,-2.04,140.0
127028,英特转债,131.61,-0.67,000411,英特集团,10.98,-2.66,1.39,9.98,110.02,19.62,AA+,6.99,12.97,11.6,2027-01-05,3.041,4.063,2257.97,4.22,-5.2,151.23
113537,文灿转债,221.415,-0.64,603348,文灿股份,35.04,-1.21,2.91,18.98,184.62,19.93,AA-,13.29,24.67,1.3,2025-06-10,1.469,1.231,4691.78,17.16,-35.43,241.35
123052,飞鹿转债,143.38,-0.16,300665,飞鹿股份,8.45,-1.4,3.07,7.09,119.18,20.3,A+,4.96,9.22,11.9,2026-06-05,2.455,1.502,868.49,4.03,-5.71,163.68
128048,张行转债,107.0,0.39,002839,张家港行,3.85,0.26,0.5,4.33,88.92,20.34,AA+,,5.63,31.3,2024-11-12,0.893,24.97,5687.16,2.13,2.09,127.34
118003,华兴转债,130.528,-0.52,688001,华兴源创,32.96,-1.85,3.75,30.43,108.31,20.51,AA,21.3,39.56,5.5,2027-11-29,3.94,7.998,3436.18,3.28,-3.37,151.04
128121,宏川转债,123.2,0.09,002930,宏川智慧,19.56,-0.71,3.49,19.14,102.19,20.55,AA-,13.4,24.88,7.9,2026-07-17,2.57,6.698,2404.07,2.9,-3.94,143.75
113060,浙22转债,124.379,0.19,601878,浙商证券,10.51,0.19,1.53,10.19,103.14,20.59,AAA,,13.25,17.2,2028-06-14,4.482,69.997,8404.14,0.97,-2.84,144.97
128034,江银转债,105.998,0.01,002807,江阴银行,3.48,-0.29,0.51,3.96,87.88,20.62,AA+,,5.15,23.3,2024-01-26,0.096,17.579,3274.04,1.76,0.02,126.62
111015,东亚转债,125.811,-0.94,605177,东亚药业,25.99,-1.85,1.44,24.95,104.17,20.78,AA-,17.47,32.44,23.4,2029-07-05,5.54,6.9,233.82,0.27,-0.88,146.59
127032,苏行转债,113.505,0.31,002966,苏州银行,6.37,-0.16,0.53,6.78,93.95,20.81,AAA,,8.81,22.0,2027-04-12,3.307,49.995,4515.0,0.79,0.27,134.32
113068,金铜转债,117.75,0.91,601609,金田股份,6.57,0.61,1.21,6.75,97.33,20.98,AA+,4.73,8.78,15.0,2029-07-27,5.6,14.5,1218.73,0.71,-0.82,138.73
123201,纽泰转债,133.831,-0.91,301229,纽泰格,33.0,-1.17,2.99,29.88,110.44,21.18,A,20.92,38.84,31.8,2029-06-27,5.518,3.5,2345.03,4.98,-1.77,155.01
127033,中装转2,102.58,-2.16,002822,中装建设,4.35,-2.03,0.88,5.14,84.63,21.21,AA-,3.6,6.68,40.6,2027-04-16,3.318,11.591,5770.78,4.81,3.94,123.79
127064,杭氧转债,127.108,0.1,002430,杭氧股份,29.0,0.52,3.34,27.68,104.77,21.32,AA+,19.38,35.98,4.1,2028-05-19,4.411,11.367,6020.33,4.18,-2.82,148.43
123206,开能转债,130.8,-0.61,300272,开能健康,6.11,-1.93,2.93,5.67,107.76,21.38,A+,3.97,7.37,9.5,2029-07-19,5.578,2.5,1150.14,3.51,-1.4,152.18
113582,火炬转债,129.249,1.21,603678,火炬电子,25.69,0.86,2.19,24.15,106.38,21.5,AA,16.91,31.4,3.5,2026-05-27,2.43,4.172,6080.36,11.32,-5.36,150.75
127020,中金转债,116.322,0.29,000060,中金岭南,4.25,0.24,1.24,4.44,95.72,21.52,AA+,3.11,5.77,19.0,2026-07-20,2.578,30.226,5115.93,1.46,-1.3,137.84
123198,金埔转债,114.6,-0.46,301098,金埔园林,11.51,-1.46,1.51,12.21,94.27,21.57,A+,8.55,15.87,41.8,2029-06-08,5.466,5.2,888.91,1.48,1.02,136.17
111002,特纸转债,121.111,-0.35,605007,五洲特纸,14.48,-0.82,2.57,14.54,99.59,21.61,AA,10.18,18.9,11.4,2027-12-08,3.964,6.619,1865.42,2.32,-1.04,142.72
404001,蓝盾退债,60.808,22.3,400194,R蓝盾1,0.11,-8.33,0.0,0.22,50.0,21.62,CC,0.15,0.29,70.7,2024-08-13,0.644,0.97,30.77,0.52,120.55,82.43
128063,未来转债,121.52,0.04,002631,德尔未来,5.98,-1.32,2.21,6.0,99.67,21.93,AA-,4.2,7.8,16.1,2025-04-03,1.282,6.291,1880.1,2.46,1.3,143.45
111007,永和转债,124.939,-0.15,605020,永和股份,24.4,-0.53,3.55,23.83,102.39,22.02,AA-,16.68,30.98,18.8,2028-10-11,4.808,7.996,3459.21,3.46,-0.85,146.96
113649,丰山转债,116.601,-0.69,603810,丰山集团,13.1,-1.65,1.31,13.73,95.41,22.21,AA-,9.61,17.85,23.5,2028-06-27,4.518,4.993,1277.41,2.19,0.67,138.81
127082,亚科转债,127.499,-0.24,002540,亚太科技,6.31,0.48,1.42,6.06,104.13,22.45,AA,4.24,7.88,21.3,2029-03-09,5.216,11.589,2508.69,1.69,-1.65,149.95
113663,新化转债,122.045,0.2,603867,新化股份,31.71,0.16,2.73,31.86,99.53,22.62,AA-,22.3,41.42,11.0,2028-11-28,4.94,6.499,1610.39,2.03,-0.35,144.67
123176,精测转2,156.377,0.46,300567,精测电子,82.17,-1.96,6.47,64.54,127.32,22.83,AA-,45.18,83.9,7.5,2029-03-02,5.197,12.759,3158.35,1.6,-5.59,179.21
123209,聚隆转债,137.4,-0.91,300644,南京聚隆,20.43,-1.54,2.55,18.27,111.82,22.87,A+,12.79,23.75,12.7,2029-07-25,5.595,2.185,5581.02,18.49,-2.61,160.27
113667,春23转债,127.0,-0.89,603890,春秋电子,10.63,-3.63,1.74,10.3,103.2,23.06,AA-,7.21,13.39,12.2,2029-03-17,5.238,5.7,3683.51,5.08,-1.05,150.06
128127,文科转债,106.12,-0.55,002775,文科园林,3.93,-1.75,5.54,4.56,86.18,23.13,A-,3.19,5.93,54.1,2026-08-20,2.663,9.492,411.67,0.41,4.48,129.25
113058,友发转债,113.824,0.63,601686,友发集团,6.07,0.66,1.34,6.58,92.25,23.39,AA,4.61,8.55,23.2,2028-03-30,4.274,20.0,2485.16,1.1,0.62,137.21
123138,丝路转债,138.83,-1.82,300556,丝路视觉,29.87,-9.48,3.92,26.56,112.46,23.45,A+,18.59,34.53,7.8,2028-03-02,4.197,2.396,165448.84,484.55,-3.26,162.28
123089,九洲转2,119.31,-0.43,300040,九洲集团,5.38,-1.65,1.1,5.57,96.59,23.52,AA-,3.9,7.24,12.3,2026-12-21,3.0,3.06,1413.79,3.87,-0.09,142.83
127054,双箭转债,121.095,0.5,002381,双箭股份,7.36,-0.94,1.48,7.51,98.0,23.56,AA,5.26,9.76,21.7,2028-02-11,4.143,5.136,1196.97,1.93,-0.89,144.66
127018,本钢转债,118.58,0.13,000761,本钢板材,3.79,-1.04,0.89,3.95,95.95,23.59,AAA,2.77,5.14,40.1,2026-06-29,2.521,56.31,4077.81,0.61,2.42,142.17
113061,拓普转债,128.013,0.41,601689,拓普集团,73.44,0.31,6.12,70.92,103.55,23.62,AA+,49.64,92.2,3.1,2028-07-14,4.564,24.997,5773.72,1.8,-2.49,151.63
123163,金沃转债,126.577,0.95,300984,金沃股份,27.71,-2.6,3.06,27.08,102.33,23.7,A,18.96,35.2,37.6,2028-10-14,4.816,3.1,3088.43,7.87,-0.92,150.28
123059,银信转债,131.922,-0.59,300231,银信科技,10.07,-2.33,2.6,9.45,106.56,23.8,AA-,6.62,12.29,11.3,2026-07-15,2.564,3.907,1924.09,3.72,-3.06,155.72
128133,奇正转债,121.206,-0.01,002287,奇正藏药,22.36,-0.67,3.38,22.87,97.77,23.97,AA,16.01,29.73,6.8,2026-09-22,2.753,7.994,1584.9,1.63,-1.83,145.18
128128,齐翔转2,115.916,-0.15,002408,齐翔腾达,5.16,-0.19,1.11,5.53,93.31,24.23,AA,3.87,7.19,4.8,2026-08-20,2.663,6.795,3386.0,4.31,-0.84,140.15
123166,蒙泰转债,116.96,-0.13,300876,蒙泰高新,24.42,-1.29,2.61,25.95,94.1,24.29,A+,18.17,33.74,18.0,2028-11-02,4.869,2.999,1026.07,2.92,0.73,141.25
113598,法兰转债,127.371,-0.31,603966,法兰泰克,7.86,-1.75,1.88,7.68,102.34,24.45,AA-,5.38,9.98,9.7,2026-07-31,2.608,2.752,1232.25,3.5,-2.62,151.82
113609,永安转债,116.97,-0.36,603776,永安行,13.92,-2.38,0.98,14.81,93.99,24.45,AA-,10.37,19.25,22.7,2026-11-24,2.926,7.337,1262.4,1.46,0.45,141.42
127040,国泰转债,112.088,0.98,002091,江苏国泰,7.67,-0.39,0.84,8.52,90.02,24.51,AA+,5.96,11.08,32.5,2027-07-07,3.543,39.872,2147.92,0.48,-0.05,136.6
110093,神马转债,113.65,0.2,600810,神马股份,7.52,-0.92,1.04,8.25,91.15,24.68,AAA,5.78,10.73,38.2,2029-03-16,5.236,30.0,1687.05,0.49,-0.39,138.33
118016,京源转债,116.091,-0.25,688096,京源环保,9.14,-2.25,1.61,9.82,93.08,24.73,A,6.87,12.77,24.1,2028-08-05,4.625,3.325,573.65,1.48,0.96,140.82
113637,XD华翔转,118.669,0.27,603112,华翔股份,11.95,-0.75,1.99,12.57,95.07,24.83,AA-,8.8,16.34,15.5,2027-12-22,4.0,7.998,2148.02,2.26,0.28,143.5
123204,金丹转债,120.686,0.41,300829,金丹科技,20.24,-1.22,2.13,20.94,96.66,24.86,AA-,14.66,27.22,29.6,2029-07-12,5.559,7.0,401.15,0.47,-0.12,145.55
123173,恒锋转债,131.503,-1.71,300605,恒锋信息,14.54,-4.47,4.1,13.81,105.29,24.9,A,9.67,17.95,14.6,2028-12-30,5.027,2.423,1587.51,4.94,-1.6,156.4
123152,润禾转债,127.0,0.97,300727,润禾材料,29.5,1.76,4.27,29.03,101.62,24.98,A+,20.32,37.74,8.7,2028-07-21,4.584,2.923,5577.92,15.07,-0.51,151.98
123130,设研转债,122.38,-0.43,300732,设研院,8.76,-1.46,0.98,8.96,97.77,25.17,AA,6.27,11.65,13.2,2027-11-11,3.89,3.755,1551.76,3.37,-1.33,147.55
123203,明电转02,125.258,-0.59,300739,明阳电路,14.75,-2.38,2.35,14.75,100.0,25.26,AA-,10.33,19.18,10.4,2029-07-02,5.532,4.485,679.23,1.21,-0.29,150.52
128039,三力转债,111.226,-0.48,002224,三力士,5.07,-1.74,1.45,5.72,88.64,25.49,A+,4.0,7.44,6.3,2024-06-08,0.463,2.024,1376.83,6.1,-10.21,136.72
113526,联泰转债,122.3,-0.01,603797,联泰环保,5.57,-1.59,1.1,5.72,97.38,25.59,AA+,4.0,7.44,5.9,2025-01-23,1.09,1.927,1236.87,5.24,-11.11,147.89
111013,新港转债,123.824,-1.18,605162,新中港,8.9,-2.94,2.99,9.03,98.56,25.63,AA-,6.32,11.74,40.8,2029-03-08,5.214,3.688,3488.82,7.6,-0.53,149.45
127050,麒麟转债,123.48,0.8,002984,森麒麟,28.15,1.99,1.83,28.67,98.19,25.76,AA,20.07,37.27,18.9,2027-11-11,3.89,21.988,2219.73,0.81,-2.0,149.24
127095,广泰转债,119.863,0.21,002111,威海广泰,8.93,-0.11,1.59,9.38,95.2,25.9,AA-,6.57,12.19,16.4,2029-10-17,5.825,7.0,1332.82,1.59,0.01,145.76
123200,海泰转债,130.1,-0.61,301022,海泰科,27.55,-1.5,2.21,26.69,103.22,26.04,A,18.68,34.7,33.9,2029-06-27,5.518,3.966,2772.33,5.35,-0.81,156.14
123131,奥飞转债,125.98,0.0,300738,奥飞数据,10.08,-1.66,3.14,10.09,99.9,26.1,A+,7.06,13.12,6.7,2027-12-03,3.951,6.348,6778.37,8.43,-1.14,152.08
123219,宇瞳转债,126.3,-0.47,300790,宇瞳光学,15.34,-1.79,2.56,15.32,100.13,26.14,A+,10.72,19.92,15.8,2029-08-10,5.638,6.0,2905.51,3.81,-1.1,152.44
127039,北港转债,119.35,1.5,000582,北部湾港,7.56,-0.26,1.0,8.0,94.5,26.3,AAA,5.6,10.4,16.5,2027-06-29,3.521,17.631,5027.84,2.38,-1.75,145.65
118019,金盘转债,125.2,-0.24,688676,金盘科技,34.1,0.21,4.66,34.45,98.98,26.49,AA,24.12,44.79,14.9,2028-09-16,4.74,9.766,3775.03,3.09,-1.85,151.69
123071,天能转债,117.9,0.19,300569,天能重工,7.0,1.01,1.27,7.54,92.84,27.0,AA-,5.28,9.8,13.8,2026-10-21,2.833,6.94,1603.3,1.96,0.37,144.9
113646,永吉转债,139.463,-0.59,603058,永吉股份,9.07,-2.68,3.74,8.26,109.81,27.01,AA-,5.78,10.74,3.7,2028-04-14,4.315,1.382,866.39,4.49,-4.83,166.47
123156,博汇转债,118.386,-0.44,300839,博汇股份,9.96,-1.68,2.28,10.69,93.17,27.06,A+,7.48,13.9,16.6,2028-08-16,4.655,3.969,596.91,1.27,0.46,145.45
127070,大中转债,115.8,0.04,001203,大中矿业,10.08,0.9,2.73,11.06,91.14,27.06,AA,7.74,14.38,34.8,2028-08-17,4.658,15.192,1854.87,1.05,0.19,142.86
127059,永东转2,117.73,-0.13,002753,永东股份,7.99,-1.6,1.33,8.63,92.58,27.16,AA-,6.04,11.22,19.5,2028-04-08,4.299,3.792,952.47,2.14,0.48,144.89
127007,湖广转债,114.005,-0.99,000665,湖北广电,4.99,-5.67,1.02,5.58,89.43,27.48,AA+,3.91,7.25,6.5,2024-06-28,0.518,3.677,2338.51,5.56,-10.17,141.49
113064,东材转债,123.82,-0.62,601208,东材科技,11.31,-3.5,2.29,11.65,97.08,27.54,AA,8.16,15.15,13.8,2028-11-16,4.907,13.999,1366.13,0.79,-1.2,151.36
123087,明电转债,120.883,-0.69,300739,明阳电路,14.75,-2.38,2.35,15.57,94.73,27.6,AA-,9.34,20.24,9.7,2026-12-15,2.984,4.189,1208.87,2.38,-0.53,148.48
123022,长信转债,138.0,-0.2,300088,长信科技,6.38,-1.54,1.88,5.9,108.14,27.62,AA,4.13,7.67,1.6,2025-03-18,1.238,2.562,3681.67,10.41,-15.81,165.62
127092,运机转债,119.4,0.45,001288,运机集团,16.53,-0.06,1.3,17.67,93.55,27.63,AA-,12.37,22.97,71.9,2029-09-20,5.751,7.3,932.06,1.07,0.25,147.03
127076,中宠转2,117.879,0.78,002891,中宠股份,26.13,-0.42,3.55,28.3,92.33,27.67,AA-,19.81,36.79,10.0,2028-10-25,4.847,7.69,3377.22,3.74,-0.28,145.55
123214,东宝转债,115.415,-0.73,300239,东宝生物,6.02,-1.31,2.18,6.67,90.26,27.88,A+,4.67,8.67,14.7,2029-07-30,5.608,4.55,562.18,1.07,0.45,143.3
123174,精锻转债,130.3,0.54,300258,精锻科技,13.21,-1.34,1.72,12.97,101.85,27.93,AA-,9.08,16.86,16.0,2029-02-15,5.156,9.799,2324.76,1.82,-1.57,158.23
113619,世运转债,120.274,0.0,603920,世运电路,17.59,-0.57,3.04,18.72,93.96,28.0,AA,13.1,24.34,10.7,2027-01-20,3.082,9.997,1850.23,1.53,-1.68,148.27
113602,景20转债,119.115,-0.75,603228,景旺电子,21.46,-2.45,2.12,23.08,92.98,28.11,AA,16.16,30.0,9.9,2026-08-24,2.674,17.798,2536.25,1.19,-2.55,147.23
110092,三房转债,101.56,-0.63,600370,三房巷,2.39,-0.83,1.41,3.02,79.14,28.33,AA,2.11,3.93,26.8,2029-01-06,5.047,25.0,4093.65,1.61,2.57,129.89
128109,楚江转债,113.52,-0.23,002171,楚江新材,7.28,0.41,1.55,8.23,88.46,28.33,AA,5.76,10.7,19.3,2026-06-04,2.452,18.225,2793.92,1.35,-0.08,141.85
113530,大丰转债,122.03,-0.65,603081,大丰实业,12.36,-0.48,1.73,13.0,95.08,28.35,AA,9.1,16.9,12.6,2025-03-27,1.263,6.297,7178.05,9.3,-2.34,150.38
127094,红墙转债,125.199,1.21,002809,红墙股份,10.62,-1.67,1.42,10.89,97.52,28.38,A+,7.62,14.16,21.6,2029-10-17,5.825,3.16,3966.19,10.05,-0.61,153.58
127045,牧原转债,110.077,0.72,002714,牧原股份,39.91,1.01,3.35,46.55,85.74,28.39,AA+,32.59,60.52,6.6,2027-08-16,3.652,95.436,7103.65,0.68,0.11,138.47
127087,星帅转2,118.973,0.42,002860,星帅尔,12.38,-0.56,2.28,13.36,92.67,28.39,A+,9.35,17.37,16.4,2029-06-14,5.482,4.629,633.33,1.15,0.28,147.36
118026,利元转债,104.784,0.33,688499,利元亨,36.69,1.75,1.73,45.0,81.53,28.52,A+,31.5,58.5,44.6,2028-10-24,4.844,9.5,3250.89,3.27,1.82,133.3
118045,盟升转债,146.858,1.07,688311,盟升电子,48.77,3.77,4.42,42.72,114.16,28.64,AA-,29.9,55.54,3.8,2029-09-11,5.726,3.0,90147.4,197.83,-4.02,175.5
111000,起帆转债,119.728,-0.03,605222,起帆电缆,18.37,0.77,1.67,19.75,93.01,28.72,AA-,13.83,25.68,13.2,2027-05-24,3.422,9.993,1252.3,1.04,-0.06,148.45
113600,新星转债,118.308,0.48,603978,深圳新星,16.02,-0.62,1.6,17.45,91.81,28.87,A+,12.22,22.69,17.0,2026-08-13,2.644,4.53,2402.76,4.47,1.83,147.18
110075,南航转债,118.228,-0.15,600029,南方航空,5.66,-0.35,2.42,6.17,91.73,28.88,AAA,4.32,8.02,8.2,2026-10-15,2.816,58.96,5586.15,0.8,-2.94,147.11
113527,维格转债,122.128,-0.35,603518,锦泓集团,9.12,-1.41,0.97,9.65,94.51,29.23,AA,6.76,12.55,9.1,2025-01-24,1.093,2.862,3302.9,9.36,-3.92,151.36
110063,鹰19转债,106.51,0.04,600567,山鹰国际,1.95,-1.02,0.65,2.37,82.28,29.45,AA+,1.66,3.08,20.8,2025-12-13,1.978,18.092,1767.9,0.92,3.07,135.96
123168,惠云转债,113.306,-0.85,300891,惠云钛业,9.43,-1.05,2.78,10.78,87.48,29.53,AA-,7.55,14.01,15.6,2028-11-23,4.926,4.9,1945.17,3.5,1.25,142.84
127086,恒邦转债,118.81,0.21,002237,恒邦股份,10.51,-0.28,1.33,11.46,91.71,29.55,AA+,8.02,14.9,33.0,2029-06-12,5.477,31.598,2890.91,0.77,-1.01,148.36
113021,中信转债,111.719,0.02,601998,中信银行,5.26,0.38,0.37,6.1,86.23,29.56,AAA,,7.93,22.2,2025-03-04,1.2,397.92,5361.82,0.12,1.9,141.28
110058,永鼎转债,135.3,-1.4,600105,永鼎股份,5.26,-2.41,2.4,5.04,104.37,29.64,AA-,3.53,6.55,3.5,2025-04-16,1.318,2.6,4009.02,11.3,-13.65,164.94
123220,易瑞转债,115.975,-0.35,300942,易瑞生物,11.5,-2.13,4.86,12.87,89.36,29.79,A+,9.01,16.73,26.1,2029-08-17,5.658,3.28,1608.88,4.22,0.54,145.77
123143,胜蓝转债,121.271,-0.43,300843,胜蓝股份,21.73,-1.85,2.89,23.27,93.38,29.87,AA-,16.29,30.25,10.7,2028-03-31,4.277,3.297,612.89,1.53,-0.83,151.14
113062,常银转债,106.844,0.52,601128,常熟银行,6.44,-0.77,0.72,7.83,82.25,29.91,AAA,,10.18,35.2,2028-09-15,4.737,59.998,4559.34,0.71,0.7,136.75
123169,正海转债,114.0,0.07,300224,正海磁材,11.41,0.26,2.43,13.03,87.57,30.19,AA-,9.12,16.94,15.1,2028-11-23,4.926,13.996,1214.2,0.76,0.41,144.19
113566,翔港转债,126.724,-0.54,603499,翔港科技,10.45,-3.06,3.5,10.74,97.3,30.24,A+,7.52,12.89,7.7,2026-02-28,2.189,1.611,1797.61,8.75,-1.76,156.96
113675,新23转债,122.066,0.64,603179,新泉股份,48.1,-0.12,5.0,51.35,93.67,30.31,AA-,35.95,66.76,4.9,2029-08-10,5.638,11.6,1619.34,1.15,-0.26,152.38
123085,万顺转2,114.054,-0.13,300057,万顺新材,5.83,-0.85,0.97,6.67,87.41,30.49,AA-,4.67,8.67,13.3,2026-12-11,2.973,5.704,2079.03,3.19,-0.83,144.54
127090,兴瑞转债,130.803,-0.76,002937,兴瑞科技,26.36,-2.48,5.29,26.3,100.23,30.51,AA-,18.41,34.19,6.0,2029-07-23,5.589,4.62,7209.06,11.86,-1.72,161.31
128119,龙大转债,112.829,0.3,002726,龙大美食,8.04,-0.86,3.43,9.3,86.45,30.51,AA-,6.51,12.09,10.9,2026-07-13,2.559,9.461,1046.54,0.98,1.9,143.34
123149,通裕转债,112.067,0.64,300185,通裕重工,2.35,-0.42,1.3,2.74,85.77,30.67,AA,1.92,3.56,17.0,2028-06-20,4.499,14.843,1606.1,0.97,0.94,142.74
123207,冠中转债,113.15,-0.36,300948,冠中生态,14.32,-1.78,2.26,16.56,86.47,30.85,A,11.59,21.53,40.1,2029-07-20,5.581,4.0,737.35,1.62,1.25,144.0
128122,兴森转债,139.716,-3.44,002436,兴森科技,14.33,-1.85,3.62,13.43,106.7,30.94,AA,8.06,17.46,1.2,2025-07-23,1.586,2.679,2806.56,7.36,-13.38,170.66
110094,众和转债,113.41,1.79,600888,新疆众和,7.1,1.57,1.03,8.2,86.59,30.98,AA,5.74,10.66,14.5,2029-07-17,5.573,13.75,3227.32,2.08,0.21,144.39
113067,燃23转债,118.1,0.12,601139,深圳燃气,6.96,-0.29,1.42,7.72,90.16,31.0,AAA,5.4,10.04,15.0,2029-07-26,5.597,30.0,3848.23,1.09,-1.05,149.1
123078,飞凯转债,131.0,0.05,300398,飞凯材料,15.41,-1.6,2.08,15.41,100.0,31.0,AA,10.79,18.49,7.6,2026-11-27,2.934,6.182,1930.39,2.38,-4.9,162.0
123146,中环转2,108.839,-0.03,300692,中环环保,6.16,-1.12,1.14,7.42,83.02,31.1,AA-,5.19,9.65,37.4,2028-05-06,4.375,8.64,549.73,0.58,2.45,139.94
123100,朗科转债,116.294,-0.6,300543,朗科智能,10.23,-2.48,2.42,11.54,88.65,31.19,AA-,8.08,15.0,17.6,2027-02-09,3.137,3.797,1147.51,2.59,0.06,147.48
113051,节能转债,111.161,-0.22,601016,节能风电,2.98,0.0,1.18,3.52,84.66,31.3,AA+,2.46,4.58,16.9,2027-06-21,3.499,29.987,1281.15,0.38,0.71,142.46
128056,今飞转债,131.362,-0.4,002863,今飞凯达,5.99,-1.96,1.4,5.99,100.0,31.36,A+,4.19,7.79,5.8,2025-02-28,1.189,1.719,927.04,4.09,-9.28,162.72
113033,利群转债,106.502,-0.19,601366,利群股份,5.51,-1.25,1.12,6.8,81.03,31.44,AA,4.76,8.84,38.8,2026-04-01,2.277,17.998,763.92,0.4,2.81,137.94
127043,川恒转债,117.1,-0.09,002895,川恒股份,17.78,1.2,1.89,19.98,88.99,31.59,AA-,13.99,25.97,11.8,2027-08-12,3.641,10.441,1749.67,1.43,0.69,148.69
123228,震裕转债,111.95,0.72,300953,震裕科技,52.35,1.16,2.19,61.57,85.03,31.67,AA-,43.1,80.04,50.1,2029-10-19,5.83,11.95,2232.85,1.67,1.2,143.62
123011,德尔转债,116.5,-0.74,300473,德尔股份,17.85,-1.92,1.75,20.18,88.45,31.71,AA-,14.13,26.23,9.4,2024-07-18,0.573,2.503,1332.37,4.56,-6.75,148.21
127035,濮耐转债,113.456,-0.74,002225,濮耐股份,3.72,-0.8,1.12,4.32,86.11,31.76,AA,3.02,5.62,20.4,2026-05-26,2.427,6.262,1894.96,2.66,-0.06,145.22
113634,珀莱转债,128.559,0.25,603605,珀莱雅,95.85,-1.3,9.66,98.25,97.56,31.78,AA,68.78,127.73,2.0,2027-12-08,3.964,7.508,1344.78,1.4,-1.9,160.34
128070,智能转债,143.2,-0.98,002877,智能自控,10.14,-2.03,3.13,9.34,108.57,31.9,A+,,12.14,10.8,2025-07-02,1.529,2.291,2619.48,7.98,-14.0,175.1
123153,英力转债,120.0,0.71,300956,英力股份,17.5,-2.29,2.05,19.24,90.96,31.93,A+,13.47,25.01,34.1,2028-07-21,4.584,3.4,2426.54,5.95,0.2,151.93
113055,成银转债,109.85,-0.3,601838,成都银行,10.93,-0.36,0.62,13.13,83.24,31.96,AAA,,17.07,12.5,2028-03-03,4.2,51.966,5794.86,1.01,0.25,141.81
113050,南银转债,104.598,0.38,601009,南京银行,7.22,0.84,0.45,9.11,79.25,31.98,AAA,,11.84,25.0,2027-06-15,3.482,166.16,11242.67,0.65,1.64,136.58
128071,合兴转债,113.55,-0.48,002228,合兴包装,3.37,-1.75,1.26,3.92,85.97,32.08,AA,2.74,5.1,7.2,2025-08-16,1.652,2.999,1197.22,3.51,-0.95,145.63
113678,中贝转债,133.286,-0.67,603220,中贝通信,33.14,-0.18,6.12,32.88,100.79,32.24,A+,23.02,42.74,4.7,2029-10-18,5.827,5.17,32931.88,47.45,-1.66,165.53
123120,隆华转债,114.613,-0.65,300263,隆华科技,6.69,-0.74,1.89,7.72,86.66,32.26,AA-,5.4,10.04,15.5,2027-07-30,3.606,7.981,1571.25,1.71,1.31,146.87
127005,长证转债,104.5,-0.02,000783,长江证券,5.3,-0.75,0.86,6.71,78.99,32.3,AAA,,8.72,17.0,2024-03-12,0.222,49.964,13978.75,2.68,2.16,136.8
123184,天阳转债,118.66,-0.97,300872,天阳科技,13.37,-2.98,2.03,14.92,89.61,32.42,AA-,10.44,19.4,21.6,2029-03-23,5.255,9.75,2684.63,2.31,0.27,151.08
111004,明新转债,118.382,0.02,605068,明新旭腾,21.82,-0.41,1.91,24.41,89.39,32.43,AA-,17.09,31.73,19.0,2028-03-30,4.274,6.729,2520.74,3.15,0.45,150.81
123172,漱玉转债,119.672,1.83,301017,漱玉平民,19.1,-0.68,3.33,21.16,90.27,32.58,AA-,14.81,27.51,38.3,2028-12-15,4.986,8.0,5767.82,6.07,-0.29,152.25
118004,博瑞转债,124.011,-1.07,688166,博瑞医药,32.68,-0.88,5.81,34.94,93.53,32.59,AA-,24.46,45.42,3.4,2028-01-04,4.038,4.649,2286.17,3.94,-0.7,156.6
123211,阳谷转债,115.842,0.21,300121,阳谷华泰,8.62,-1.26,1.13,9.87,87.34,32.64,AA-,6.91,12.83,19.1,2029-07-26,5.597,6.5,518.56,0.69,0.69,148.48
110047,山鹰转债,109.319,-0.07,600567,山鹰国际,1.95,-1.02,0.65,2.37,82.28,32.86,AA+,1.66,3.08,25.8,2024-11-21,0.918,22.455,2134.96,0.87,3.67,142.18
123067,斯莱转债,129.995,0.2,300382,斯莱克,9.45,0.53,2.62,9.66,97.83,32.88,AA-,6.76,12.56,4.0,2026-09-17,2.74,2.394,2709.46,8.7,-3.23,162.88
113577,春秋转债,132.698,-0.95,603890,春秋电子,10.63,-3.63,1.74,10.65,99.81,32.95,AA-,7.46,13.85,3.8,2026-04-14,2.312,1.777,1531.8,6.46,-5.77,165.65
111016,神通转债,134.534,-2.16,605228,神通科技,11.68,-2.1,3.13,11.55,101.13,33.04,AA-,8.09,15.02,50.2,2029-07-24,5.592,5.77,6522.27,8.27,-2.07,167.57
127072,博实转债,130.089,1.88,002698,博实股份,15.21,3.96,4.63,15.56,97.75,33.08,AA,10.89,20.23,3.5,2028-09-22,4.756,4.499,14286.11,24.29,-2.28,163.17
113516,苏农转债,108.067,-0.01,603323,苏农银行,4.09,-0.24,0.48,5.04,81.15,33.17,AA+,,6.55,20.4,2024-08-02,0.614,12.885,848.16,0.61,2.93,141.24
127042,嘉美转债,110.407,-0.35,002969,嘉美包装,4.02,-1.71,1.59,4.85,82.89,33.2,AA,3.4,6.31,32.4,2027-08-09,3.633,7.498,582.08,0.7,1.47,143.61
113662,豪能转债,121.494,0.38,603809,豪能股份,11.5,0.44,2.04,12.61,91.2,33.22,AA-,7.57,16.39,11.1,2028-11-25,4.932,5.0,2049.17,3.37,-0.65,154.71
118039,煜邦转债,114.405,-0.04,688597,煜邦电力,8.69,-1.36,2.35,10.12,85.87,33.23,A,7.08,13.16,26.1,2029-07-19,5.578,4.108,182.27,0.39,0.72,147.64
113673,岱美转债,122.16,0.22,603730,岱美股份,14.36,0.07,4.16,15.72,91.35,33.73,AA,11.0,20.44,5.0,2029-07-17,5.573,9.079,2396.76,2.16,-0.77,155.89
113672,福蓉转债,139.163,2.92,603327,福蓉科技,12.72,-0.47,4.4,12.25,103.84,34.02,AA,8.58,15.93,7.4,2029-07-17,5.573,6.4,61773.94,68.88,-3.72,173.18
123135,泰林转债,128.384,-0.03,300813,泰林生物,24.21,-1.26,3.97,25.3,95.69,34.16,A+,17.71,32.89,14.6,2027-12-28,4.019,2.082,933.0,3.48,-1.5,162.54
123197,光力转债,130.31,-2.24,300480,光力科技,20.67,-2.13,4.69,21.28,97.13,34.16,A+,14.9,27.66,8.2,2029-05-08,5.381,3.996,1543.95,2.93,-1.34,164.47
110079,杭银转债,106.279,0.17,600926,杭州银行,9.67,0.31,0.53,12.24,79.0,34.52,AAA,,15.91,28.9,2027-03-29,3.269,149.985,8131.12,0.51,1.59,140.8
113679,芯能转债,111.539,-0.03,603105,芯能科技,10.86,-0.55,2.87,13.1,82.9,34.55,AA-,9.17,17.03,16.2,2029-10-25,5.847,8.8,3439.64,3.5,1.32,146.09
123162,东杰转债,112.48,-0.81,300486,东杰智能,6.72,-2.33,1.66,8.05,83.48,34.74,A,5.64,10.47,21.3,2028-10-14,4.816,5.626,828.81,1.3,1.6,147.22
118041,星球转债,121.0,-0.25,688633,星球石墨,29.71,-0.64,1.98,33.12,89.7,34.89,A+,23.18,43.06,60.5,2029-07-30,5.608,6.2,618.71,0.82,-0.17,155.89
123217,富仕转债,117.94,-0.77,300852,四会富仕,36.51,-2.14,2.54,41.77,87.41,34.93,AA-,29.24,54.3,27.2,2029-08-07,5.63,5.7,504.8,0.75,-0.49,152.87
118024,冠宇转债,118.996,0.33,688772,珠海冠宇,20.78,0.29,3.29,23.59,88.09,35.09,AA,16.51,28.31,19.4,2028-10-24,4.844,30.89,3363.82,0.91,-0.39,154.09
123231,信测转债,127.5,-0.86,300938,信测标准,34.8,-1.0,3.17,36.89,94.34,35.16,AA-,25.82,47.96,29.3,2029-11-08,5.885,5.45,3886.32,5.55,-1.01,162.66
113647,禾丰转债,112.0,-0.35,603609,禾丰股份,8.39,-0.36,1.08,10.14,82.74,35.36,AA,7.1,13.18,19.0,2028-04-22,4.337,14.67,549.81,0.33,0.99,147.36
113621,彤程转债,135.602,-0.79,603650,彤程新材,32.38,-1.94,5.77,32.45,99.78,35.9,AA,22.72,42.19,2.8,2027-01-26,3.099,5.363,992.67,1.35,-5.48,171.5
113545,金能转债,111.63,-0.17,603113,金能科技,8.16,-0.49,0.8,9.96,81.93,36.25,AA,6.97,12.95,14.3,2025-10-14,1.814,9.864,757.65,0.69,0.09,147.88
123090,三诺转债,121.3,-0.83,300298,三诺生物,30.95,-1.59,5.59,34.81,88.91,36.43,AA,24.37,45.25,3.5,2026-12-21,3.0,4.984,1059.54,1.74,-1.7,157.73
127084,柳工转2,115.486,0.17,000528,柳工,6.56,-0.61,0.78,7.77,84.43,36.79,AAA,5.44,10.1,32.4,2029-03-27,5.266,30.0,4462.77,1.29,0.32,152.28
113669,景23转债,116.452,-0.89,603228,景旺电子,21.46,-2.45,2.12,25.21,85.13,36.8,AA,17.65,32.77,6.4,2029-04-04,5.288,11.54,1739.5,1.29,-0.56,153.25
123218,宏昌转债,135.09,-1.25,301008,宏昌科技,29.24,-1.45,2.13,29.62,98.72,36.85,A+,20.73,38.51,52.7,2029-08-09,5.636,3.8,6354.18,12.29,-1.96,171.94
113643,风语转债,120.983,-1.19,603466,风语筑,13.46,-3.86,3.35,15.23,88.38,36.89,AA-,10.66,19.8,6.2,2028-03-25,4.26,4.999,11417.89,18.58,-0.2,157.87
127055,精装转债,114.0,0.02,002989,中天精装,15.37,-1.09,1.64,18.5,83.08,37.22,AA-,12.95,24.05,22.9,2028-02-22,4.173,5.766,2726.61,4.15,1.26,151.22
118036,力合转债,120.039,-0.75,688589,力合微,38.22,-1.06,3.98,43.72,87.42,37.31,AA-,30.6,56.84,9.9,2029-06-27,5.518,3.8,1712.39,3.74,0.01,157.35
123171,共同转债,113.9,-0.86,300966,共同药业,22.51,-1.79,2.72,27.14,82.94,37.33,A+,19.0,35.28,28.6,2028-11-28,4.94,3.799,1347.28,3.1,1.26,151.23
118029,富淼转债,109.554,0.01,688350,富淼科技,15.96,-1.54,1.28,20.01,79.76,37.35,A+,14.01,26.01,45.0,2028-12-15,4.986,4.5,186.2,0.38,0.87,146.9
127098,欧晶转债,137.44,-2.52,001269,欧晶科技,45.94,7.49,5.32,45.91,100.07,37.35,AA-,32.14,59.68,12.2,2029-11-23,5.926,4.7,637465.6,913.21,-2.76,174.79
127069,小熊转债,120.728,-0.29,002959,小熊电器,47.81,-0.6,2.89,54.41,87.87,37.39,AA-,38.09,70.73,6.7,2028-08-12,4.644,5.041,970.97,1.59,-0.01,158.12
113565,宏辉转债,119.511,-0.39,603336,宏辉果蔬,5.06,-2.32,2.49,5.85,86.5,38.17,AA-,4.1,7.61,7.8,2026-02-26,2.184,2.247,1327.96,4.94,-1.39,157.68
113671,武进转债,120.001,0.51,603878,武进不锈,7.42,-0.4,1.53,8.55,86.78,38.28,AA,5.99,11.12,7.4,2029-07-09,5.551,3.1,804.94,2.17,-0.76,158.28
123191,智尚转债,114.58,0.0,300918,南山智尚,10.07,-1.95,1.81,12.17,82.74,38.47,AA-,8.52,15.82,19.3,2029-04-10,5.304,6.996,2422.69,3.01,0.32,153.05
123035,利德转债,113.937,0.0,300296,利亚德,5.65,-1.22,1.69,6.87,82.24,38.54,AA+,4.81,8.93,6.8,2025-11-14,1.899,7.987,2539.52,2.79,-1.0,152.48
127079,华亚转债,121.222,0.1,003043,华亚智能,48.7,-1.58,3.47,55.69,87.45,38.62,A+,38.98,72.4,24.1,2028-12-16,4.989,3.4,1863.05,4.51,-0.07,159.84
118044,赛特转债,116.542,-0.67,688398,赛特新材,29.75,-1.49,3.13,35.41,84.02,38.71,A+,24.79,46.03,12.8,2029-09-10,5.723,4.42,152.85,0.3,0.21,155.25
113563,柳药转债,116.141,0.13,603368,柳药集团,19.15,-1.03,1.08,22.89,83.66,38.82,AA,16.02,29.76,11.6,2026-01-16,2.071,8.017,1154.14,1.24,-2.08,154.96
128123,国光转债,115.05,-0.3,002749,国光股份,10.74,-0.65,2.76,12.98,82.74,39.05,AA-,9.09,16.87,7.4,2026-07-27,2.597,3.199,754.45,2.04,-0.36,154.1
123159,崧盛转债,114.199,-0.04,301002,崧盛股份,20.07,-0.89,3.06,24.45,82.09,39.12,AA-,17.12,31.79,25.2,2028-09-27,4.77,2.943,244.48,0.73,0.88,153.32
113632,鹤21转债,110.577,-0.21,603733,仙鹤股份,15.76,0.0,1.58,19.84,79.44,39.2,AA,13.89,25.79,18.4,2027-11-17,3.907,20.499,1840.68,0.81,1.32,149.78
110070,凌钢转债,116.746,0.15,600231,凌钢股份,2.17,-0.91,0.78,2.59,83.78,39.34,AA,1.81,3.37,3.5,2026-04-13,2.31,2.17,737.37,2.91,-0.44,156.09
113623,凤21转债,113.555,0.49,603225,新凤鸣,13.23,0.38,1.22,16.25,81.42,39.48,AA,11.38,21.13,12.4,2027-04-08,3.296,24.999,3796.21,1.34,0.74,153.04
113639,华正转债,122.646,-0.31,603186,华正新材,33.82,-0.76,2.93,38.51,87.82,39.65,AA+,26.96,50.06,11.9,2028-01-24,4.093,5.699,907.8,1.3,-2.17,162.3
128120,联诚转债,125.9,-1.16,002921,联诚精密,15.72,-3.62,1.72,17.44,90.14,39.68,A,12.21,22.67,14.9,2026-07-17,2.57,2.595,2988.88,9.07,-3.2,165.58
113065,齐鲁转债,99.608,-0.26,601665,齐鲁银行,3.91,-0.51,0.49,5.49,71.22,39.86,AAA,,7.14,76.3,2028-11-29,4.943,73.008,4278.21,0.59,2.9,139.47
113674,华设转债,118.682,-1.51,603018,华设集团,7.51,-1.7,1.11,8.86,84.76,40.02,AA,6.2,11.52,8.0,2029-07-20,5.581,4.0,2587.04,5.41,-0.24,158.7
123196,正元转02,114.308,-0.43,300645,正元智慧,17.92,-2.18,2.33,21.99,81.49,40.27,A+,15.39,28.59,13.9,2029-04-18,5.326,3.507,1053.33,2.62,0.85,154.58
127093,章鼓转债,134.718,-0.94,002598,山东章鼓,9.94,-3.12,2.72,10.35,96.04,40.27,A+,7.25,13.46,8.7,2029-10-16,5.822,2.43,5591.7,16.99,-2.17,174.99
123061,航新转债,123.645,0.06,300424,航新科技,13.05,-0.46,4.11,14.83,88.0,40.51,A,10.38,19.28,8.0,2026-07-22,2.584,2.496,477.34,1.54,-0.43,164.16
123048,应急转债,118.439,0.8,300527,中船应急,7.45,0.13,2.81,8.86,84.09,40.85,AA+,6.2,11.52,5.3,2026-04-10,2.301,3.79,2715.38,6.07,-2.72,159.29
118011,银微转债,117.577,-1.36,688689,银河微电,26.48,-4.3,2.61,31.73,83.45,40.89,A+,22.21,41.25,50.9,2028-07-04,4.537,4.997,865.6,1.46,0.65,158.47
123224,宇邦转债,116.781,1.28,301266,宇邦新材,43.7,1.65,2.76,52.9,82.61,41.37,A+,37.03,68.77,30.5,2029-09-18,5.745,5.0,22765.76,39.14,0.53,158.15
123082,北陆转债,114.817,-0.04,300016,北陆药业,7.03,-1.4,1.98,8.68,80.99,41.77,A+,6.08,11.28,14.5,2026-12-07,2.962,4.993,1740.03,3.03,1.33,156.59
127077,华宏转债,110.645,-0.69,002645,华宏科技,10.86,-0.46,1.7,13.92,78.02,41.82,AA-,9.74,18.1,9.5,2028-12-02,4.951,5.15,1467.95,2.57,1.79,152.47
128137,洁美转债,124.7,0.06,002859,洁美科技,23.64,-1.62,3.51,26.95,87.72,42.16,AA-,18.87,35.04,6.3,2026-11-04,2.871,5.992,616.54,0.83,-2.73,166.86
123175,百畅转债,108.251,-0.69,300614,百川畅银,18.24,-2.46,1.72,24.0,76.0,42.44,A+,16.8,31.2,25.9,2029-02-22,5.175,4.2,1404.42,3.08,1.74,150.69
123195,蓝晓转02,120.701,0.14,300487,蓝晓科技,51.76,1.97,8.07,61.19,84.59,42.69,A+,42.83,79.55,3.5,2029-04-17,5.323,5.46,374.97,0.57,0.11,163.39
123157,科蓝转债,125.48,-0.65,300663,科蓝软件,14.05,-2.7,5.31,16.01,87.76,42.98,AA-,11.21,20.81,8.7,2028-08-30,4.693,4.945,390.02,0.63,-0.96,168.46
113660,寿22转债,119.105,-0.81,603896,寿仙谷,31.35,-1.91,3.07,37.65,83.27,43.04,AA-,26.36,48.95,6.3,2028-11-17,4.91,3.977,480.64,1.01,-0.32,162.15
118012,微芯转债,120.0,-0.54,688321,微芯生物,21.26,-2.43,5.05,25.36,83.83,43.14,A+,17.75,32.97,5.7,2028-07-05,4.54,4.999,756.42,1.26,0.21,163.14
113665,汇通转债,106.231,-0.7,603176,汇通集团,6.09,-0.98,2.62,8.21,74.18,43.21,AA-,5.75,10.67,39.4,2028-12-15,4.986,3.6,666.14,1.74,2.52,149.44
123185,能辉转债,112.06,-0.38,301046,能辉科技,25.66,-1.57,4.6,32.8,78.23,43.24,A+,22.96,42.64,23.0,2029-03-31,5.277,3.479,1175.53,3.01,0.86,155.3
113640,苏利转债,105.404,-0.38,603585,苏利股份,14.08,-1.4,1.0,19.16,73.49,43.43,AA-,13.41,24.91,37.8,2028-02-16,4.156,9.572,393.36,0.39,3.26,148.83
113024,核建转债,106.153,0.15,601611,中国核建,6.8,0.44,0.73,9.2,73.91,43.62,AAA,6.44,11.96,15.1,2025-04-08,1.296,29.951,1279.83,0.4,0.48,149.77
113677,华懋转债,118.802,-0.71,603306,华懋科技,28.14,-0.95,2.49,34.18,82.33,44.3,AA-,23.93,44.43,11.4,2029-09-13,5.732,10.5,1552.37,1.24,-0.26,163.1
123212,立中转债,116.918,0.1,300428,立中集团,19.08,0.47,1.86,23.55,81.02,44.31,AA-,16.49,30.62,8.9,2029-07-26,5.597,8.998,1049.57,1.0,0.21,161.23
127016,鲁泰转债,108.5,0.2,000726,鲁泰A,6.48,-1.37,0.6,8.63,75.09,44.5,AA+,6.04,11.22,37.3,2026-04-09,2.299,13.998,1360.8,0.9,2.34,153.0
110067,华安转债,111.547,-0.33,600909,华安证券,4.64,-1.07,1.05,6.02,77.08,44.72,AAA,,7.83,12.8,2026-03-12,2.222,27.994,3914.06,1.26,-0.92,156.27
127071,天箭转债,117.925,0.96,003009,中天火箭,43.1,1.92,4.29,53.02,81.29,45.07,AA+,37.11,68.93,7.4,2028-08-22,4.671,4.949,1859.92,3.2,-1.11,163.0
127073,天赐转债,112.53,2.02,002709,天赐材料,22.4,1.73,3.23,28.88,77.56,45.08,AA,20.22,37.54,11.0,2027-09-23,3.756,34.101,10531.5,2.75,-0.18,157.61
128097,奥佳转债,111.043,-0.41,002614,奥佳华,7.46,-1.19,1.02,9.75,76.51,45.13,AA-,6.83,12.68,13.9,2026-02-25,2.181,4.583,301.02,0.59,0.95,156.17
123183,海顺转债,112.441,-0.25,300501,海顺新材,14.06,-1.13,1.48,18.15,77.47,45.15,AA-,12.71,23.6,36.0,2029-03-23,5.255,6.33,484.96,0.68,1.32,157.59
113654,永02转债,115.301,-0.5,603901,永创智能,11.07,-2.64,2.03,13.94,79.41,45.19,AA-,9.76,18.12,11.4,2028-08-04,4.622,6.104,843.9,1.19,0.49,160.49
123178,花园转债,111.0,-0.77,300401,花园生物,11.49,-3.61,2.14,15.05,76.35,45.39,AA-,10.54,19.57,19.3,2029-03-06,5.208,12.0,2791.72,2.08,1.59,156.39
111009,盛泰转债,105.162,-0.59,605138,盛泰集团,7.72,-1.4,1.61,10.7,72.15,45.76,AA,7.49,13.91,30.5,2028-11-07,4.882,7.011,971.15,1.31,1.85,150.92
123119,康泰转2,115.835,-0.4,300601,康泰生物,26.6,-2.35,3.1,33.48,79.45,45.8,AA,23.44,43.52,8.5,2027-07-15,3.564,19.992,3640.18,1.57,0.12,161.64
118038,金宏转债,120.737,-0.26,688106,金宏气体,22.72,-1.43,3.53,27.48,82.68,46.03,AA-,19.24,35.72,9.2,2029-07-16,5.57,10.16,824.99,0.67,-0.1,166.77
113045,环旭转债,111.216,-0.38,601231,环旭电子,14.49,-0.62,1.96,19.06,76.02,46.29,AA+,13.34,24.78,10.8,2027-03-04,3.2,34.499,2015.01,0.52,0.14,157.51
118009,华锐转债,123.467,1.07,688059,华锐精密,78.0,-0.36,4.05,92.45,84.37,46.34,A+,64.72,120.19,14.4,2028-06-24,4.51,3.999,1480.98,2.99,-0.87,169.81
123088,威唐转债,123.58,1.53,300707,威唐工业,17.39,1.87,3.32,20.62,84.34,46.53,A+,14.43,26.81,14.0,2026-12-15,2.984,3.008,7183.59,19.41,-1.22,170.11
123031,晶瑞转债,379.3,0.18,300655,晶瑞电材,9.44,-1.87,4.78,3.65,258.63,46.66,A+,2.56,4.75,0.6,2025-08-29,1.688,0.528,1973.84,9.89,-51.55,425.96
123190,道氏转02,100.681,0.61,300409,道氏技术,10.54,0.86,0.97,15.41,68.4,47.2,AA-,10.79,20.03,50.6,2029-04-07,5.296,25.999,2391.66,0.91,3.49,147.88
123142,申昊转债,115.875,0.66,300853,申昊科技,26.6,0.68,3.01,33.91,78.44,47.72,A+,23.74,44.08,19.6,2028-03-18,4.241,5.496,14270.83,22.13,-0.04,163.6
123114,三角转债,118.599,1.55,300775,三角防务,25.4,3.08,2.63,31.72,80.08,48.11,AA-,22.2,41.24,6.7,2027-05-25,3.425,9.005,6565.83,6.18,0.35,166.71
127083,山路转债,103.179,0.17,000498,山东路桥,5.58,-0.36,0.47,8.01,69.66,48.11,AAA,5.61,10.41,59.4,2029-03-24,5.258,48.36,4210.99,0.84,1.69,151.29
118043,福立转债,117.045,-0.24,688678,福立旺,16.81,-1.93,1.96,21.28,78.99,48.17,AA-,14.9,27.66,45.9,2029-08-13,5.647,7.0,252.49,0.31,0.47,165.22
113054,绿动转债,102.2,0.23,601330,绿色动力,6.6,-0.3,1.19,9.6,68.75,48.65,AA+,6.72,12.48,36.2,2028-02-25,4.181,23.599,1118.9,0.46,2.54,150.85
127081,中旗转债,113.5,-0.04,001212,中旗新材,23.0,-1.63,1.68,30.17,76.24,48.88,A+,21.12,39.22,42.8,2029-03-03,5.2,5.4,537.21,0.87,0.5,162.38
127060,湘佳转债,103.488,-0.36,002982,湘佳股份,21.02,-1.22,1.71,30.26,69.47,48.98,A+,21.18,39.34,33.0,2028-04-19,4.329,6.399,148.32,0.22,2.3,152.47
123193,海能转债,109.298,-1.11,300787,海能实业,15.94,-1.42,2.14,21.74,73.32,49.07,AA-,15.22,28.26,26.1,2029-04-13,5.312,6.0,1621.38,2.46,1.86,158.37
127091,科数转债,114.5,0.17,002335,科华数据,26.6,0.45,2.83,34.67,76.72,49.24,AA,24.27,45.07,14.0,2029-08-22,5.671,14.921,2849.17,1.66,0.25,163.74
127034,绿茵转债,105.344,-0.22,002887,绿茵生态,8.49,-1.62,1.14,12.04,70.52,49.39,AA-,8.43,15.65,50.7,2027-04-30,3.356,7.118,579.72,0.77,3.52,154.73
128144,利民转债,107.84,-0.57,002734,利民股份,7.9,-3.19,1.07,10.95,72.15,49.47,AA,7.67,14.24,38.1,2027-03-01,3.192,9.794,494.76,0.47,1.59,157.31
123189,晓鸣转债,108.701,-0.85,300967,晓鸣股份,14.13,-1.33,3.32,19.46,72.61,49.7,A+,13.62,25.3,22.3,2029-04-06,5.293,3.29,415.93,1.16,1.8,158.4
123232,金现转债,129.501,-3.14,300830,金现代,8.12,-3.79,3.07,9.39,86.48,49.76,A+,6.57,12.21,8.0,2029-11-26,5.934,2.025,22108.1,83.19,-1.17,179.26
123121,帝尔转债,114.977,0.13,300776,帝尔激光,56.91,1.62,5.27,74.38,76.51,50.27,AA-,52.07,96.69,8.7,2027-08-05,3.622,8.306,3100.44,3.25,1.21,165.25
113656,嘉诚转债,119.433,-0.08,603535,嘉诚国际,18.16,-2.47,1.73,22.9,79.3,50.61,AA-,16.03,29.77,20.2,2028-09-01,4.699,8.0,1970.37,2.06,0.05,170.04
123182,广联转债,111.577,2.48,300900,广联航空,23.78,2.46,3.3,32.1,74.08,50.61,A+,22.47,41.73,19.2,2029-03-22,5.252,7.0,5661.32,7.21,1.61,162.19
123170,南电转债,119.95,0.09,300346,南大光电,26.99,-1.71,6.65,33.89,79.64,50.62,AA-,23.72,44.06,6.5,2028-11-24,4.929,8.998,1380.43,1.27,0.52,170.57
123227,雅创转债,136.256,-8.55,301099,雅创电子,48.25,-3.62,3.87,53.34,90.46,50.63,A+,37.34,69.34,25.9,2029-10-19,5.83,3.63,71001.36,139.75,-2.08,186.89
127026,超声转债,110.896,-0.22,000823,超声电子,9.21,-1.6,1.08,12.52,73.56,50.75,AA,8.76,16.28,14.1,2026-12-08,2.964,6.997,795.1,1.03,0.13,161.65
123133,佩蒂转债,109.158,-0.55,300673,佩蒂股份,12.89,-1.15,1.76,17.83,72.29,50.99,AA-,12.48,23.18,34.1,2027-12-22,4.0,7.198,745.87,0.95,2.33,160.15
123199,山河转债,115.6,-0.1,300452,山河药辅,13.96,-1.69,3.93,18.25,76.49,51.12,A+,12.78,23.73,12.3,2029-06-12,5.477,3.2,304.56,0.82,-0.39,166.72
118037,上声转债,119.06,-1.44,688533,上声电子,37.67,-3.53,4.77,47.85,78.73,51.23,A+,33.5,62.21,34.5,2029-07-05,5.54,5.2,2330.43,3.73,-0.42,170.29
110064,建工转债,109.877,0.01,600939,重庆建工,3.24,-0.92,0.71,4.47,72.48,51.59,AA+,3.13,5.81,20.5,2025-12-20,1.997,12.646,630.32,0.45,2.89,161.47
113627,太平转债,106.803,-0.1,603877,太平鸟,15.31,0.53,1.69,21.81,70.2,52.15,AA,15.27,28.35,11.1,2027-07-15,3.564,8.0,3637.01,4.2,1.96,158.95
127075,百川转2,103.016,-0.37,002455,百川股份,6.97,-0.29,1.81,10.31,67.6,52.38,AA-,7.22,13.4,28.2,2028-10-19,4.83,9.779,521.08,0.52,3.42,155.4
123151,康医转债,109.092,-0.24,300869,康泰医学,20.11,-1.37,3.89,28.1,71.57,52.44,A+,19.67,36.53,17.5,2028-07-01,4.529,6.998,358.14,0.47,2.41,161.53
127074,麦米转2,112.01,-0.57,002851,麦格米特,22.65,-0.22,2.67,30.94,73.21,53.01,AA-,21.66,40.22,13.0,2028-10-13,4.814,12.199,2811.79,2.05,1.47,165.02
113657,再22转债,107.945,-0.08,603601,再升科技,4.23,-0.94,1.9,6.0,70.5,53.11,AA-,4.8,7.8,11.8,2028-09-29,4.775,5.1,200.33,0.36,1.32,161.06
110062,烽火转债,110.028,-0.43,600498,烽火通信,16.29,-1.51,1.56,22.67,71.86,53.12,AAA,15.87,29.47,16.5,2025-12-02,1.948,30.873,7277.68,2.13,-1.06,163.15
127068,顺博转债,101.928,0.74,002996,顺博合金,10.64,-0.09,1.86,16.0,66.5,53.28,AA-,11.2,20.8,30.5,2028-08-12,4.644,8.3,2816.67,3.32,2.34,155.21
113030,东风转债,121.474,2.34,601515,东峰集团,3.93,-0.76,1.25,4.96,79.23,53.31,AA,3.47,6.45,4.1,2025-12-24,2.008,2.945,3974.43,11.18,-2.62,174.78
113573,纵横转债,119.845,-0.4,603602,纵横通信,14.57,-3.12,3.89,18.64,78.17,53.32,A+,13.05,24.23,9.0,2026-04-17,2.321,2.698,147.77,0.46,0.9,173.17
128036,金农转债,125.632,-3.29,002548,金新农,5.58,-1.76,2.45,6.81,81.94,53.33,A-,4.77,8.85,3.9,2024-03-09,0.214,1.455,4887.12,26.18,-73.12,178.96
123215,铭利转债,117.159,1.61,301268,铭利达,28.74,3.16,4.58,37.67,76.29,53.56,AA-,26.37,48.97,16.6,2029-08-02,5.616,10.0,2725.5,2.32,0.93,170.72
110095,双良转债,102.803,0.6,600481,双良节能,7.98,1.14,2.13,11.93,66.89,53.69,AA,8.35,15.51,17.4,2029-08-07,5.63,26.0,2771.82,1.04,2.05,156.49
123106,正丹转债,113.58,0.01,300641,正丹股份,5.46,-1.44,1.73,7.4,73.78,53.94,AA-,5.18,9.62,12.0,2027-03-24,3.255,3.2,292.7,0.81,2.92,167.52
113056,重银转债,101.601,0.03,601963,重庆银行,6.92,0.44,0.45,10.5,65.91,54.16,AAA,,13.65,271.7,2028-03-23,4.255,129.994,13380.47,1.01,3.15,155.76
118033,华特转债,119.09,0.72,688268,华特气体,64.56,-1.25,4.32,83.75,77.09,54.49,AA-,58.63,108.88,8.3,2029-03-21,5.249,6.46,788.31,1.02,0.2,173.58
110073,国投转债,107.4,0.09,600061,国投资本,6.69,0.15,0.81,9.66,69.26,55.08,AAA,,12.56,18.6,2026-07-24,2.589,79.992,4752.35,0.55,0.69,162.48
118007,山石转债,123.018,0.13,688030,山石网科,19.4,-2.27,3.05,24.52,79.12,55.48,A+,17.16,31.88,7.6,2028-03-22,4.252,2.673,235.1,0.71,-0.56,178.5
128095,恩捷转债,125.0,0.88,002812,恩捷股份,53.18,3.48,1.93,66.26,80.26,55.74,AA,46.38,86.14,1.0,2026-02-11,2.143,4.531,14959.13,26.23,-4.57,180.74
123161,强联转债,113.189,-0.45,300850,新强联,29.3,0.65,2.22,40.36,72.6,55.91,AA,28.25,52.47,17.8,2028-10-11,4.808,12.1,551.93,0.4,0.67,169.1
113601,塞力转债,103.101,-0.44,603716,塞力医疗,11.22,-3.61,1.64,16.98,66.08,56.03,A,11.89,22.07,24.0,2026-08-21,2.666,5.423,1595.25,2.85,5.64,159.13
127080,声迅转债,155.9,-0.92,003004,声迅股份,29.08,-4.75,3.08,29.14,99.79,56.22,A+,20.4,37.88,14.1,2028-12-30,5.027,2.799,7465.74,17.03,-5.02,212.12
118027,宏图转债,111.978,-0.36,688066,航天宏图,45.13,-1.25,4.39,62.98,71.66,56.27,A,44.09,81.87,8.6,2028-11-28,4.94,10.088,4624.81,4.09,1.56,168.25
113542,好客转债,110.409,-0.16,603898,好莱客,10.85,-1.09,1.12,15.39,70.5,56.61,AA,10.77,20.01,17.8,2025-08-01,1.611,6.026,1613.55,2.42,0.79,167.02
113676,荣23转债,116.861,0.04,603165,荣晟环保,11.74,-0.76,1.51,15.74,74.59,56.68,AA-,11.02,20.46,17.6,2029-08-17,5.658,5.76,637.51,0.95,0.43,173.54
123226,中富转债,139.607,-0.04,300814,中富电路,32.29,-3.81,5.03,36.44,88.61,57.55,AA-,25.51,47.37,31.7,2029-10-17,5.825,5.2,18260.24,25.22,-2.64,197.16
123144,裕兴转债,107.682,-0.17,300305,裕兴股份,9.46,-1.77,1.37,13.85,68.3,57.65,AA-,9.7,18.01,27.3,2028-04-11,4.307,5.999,1228.85,1.9,2.6,165.33
123208,孩王转债,109.95,0.32,301078,孩子王,8.1,-0.25,2.86,11.64,69.59,58.0,AA,8.15,15.13,20.2,2029-07-23,5.589,10.39,696.27,0.61,0.84,167.95
128074,游族转债,115.95,-4.84,002174,游族网络,12.43,-9.99,2.5,16.97,73.25,58.3,AA,11.88,22.06,6.0,2025-09-23,1.756,6.822,21155.65,26.38,0.42,174.25
118035,国力转债,120.472,0.56,688103,国力股份,47.78,0.59,4.14,62.79,76.1,58.32,A+,43.95,81.63,15.8,2029-06-12,5.477,4.8,2850.9,4.86,-0.06,178.79
110085,通22转债,105.547,-0.39,600438,通威股份,23.65,1.37,1.66,35.5,66.62,58.43,AA+,24.85,46.15,11.3,2028-02-24,4.178,119.832,8041.31,0.63,1.74,163.98
113618,美诺转债,114.605,0.0,603538,美诺华,19.04,-0.05,1.91,26.35,72.26,58.61,AA-,18.45,34.26,11.8,2027-01-14,3.066,4.767,1399.55,2.56,-0.09,173.22
111014,李子转债,113.1,-0.1,605337,李子园,13.87,-1.7,2.93,19.47,71.24,58.76,AA,13.63,25.31,28.0,2029-06-20,5.499,6.0,584.3,0.86,0.65,171.86
127067,恒逸转2,101.279,0.65,000703,恒逸石化,6.69,0.0,0.98,10.5,63.71,58.96,AA+,7.35,13.65,12.3,2028-07-21,4.584,29.998,934.25,0.31,2.46,160.24
118018,瑞科转债,114.677,1.56,688323,瑞华泰,22.25,6.21,3.96,30.91,71.98,59.31,A+,21.64,40.18,19.8,2028-08-18,4.66,4.3,3222.1,6.56,-0.07,173.99
113638,台21转债,112.07,-0.41,603055,台华新材,11.66,-2.43,2.4,16.6,70.24,59.55,AA,11.62,21.58,5.8,2027-12-29,4.022,5.999,1176.21,1.75,1.06,171.62
128132,交建转债,113.84,2.1,002941,新疆交建,13.03,-1.44,2.63,18.33,71.09,60.14,AA,12.83,23.83,10.2,2026-09-15,2.734,8.485,14285.14,14.76,0.48,173.98
128105,长集转债,105.073,-0.12,002616,长青集团,5.18,-0.77,1.47,7.91,65.49,60.45,AA-,5.54,10.28,32.8,2026-04-09,2.299,7.994,294.46,0.35,3.4,165.52
113636,甬金转债,112.406,0.13,603995,甬金股份,19.37,-0.15,1.39,27.66,70.03,60.51,AA-,19.36,35.96,13.6,2027-12-13,3.978,9.995,2546.51,2.25,1.64,172.92
113644,艾迪转债,108.3,-0.09,603638,艾迪精密,16.01,-0.06,4.11,23.74,67.44,60.59,AA-,16.62,30.86,7.5,2028-04-15,4.318,10.0,986.53,0.91,2.46,168.89
127049,希望转2,101.7,0.13,000876,新希望,9.08,0.55,1.69,14.39,63.1,61.17,AAA,10.07,18.71,19.9,2027-11-02,3.866,81.436,6021.48,0.73,2.23,162.87
113597,佳力转债,128.255,-0.42,603912,佳力图,8.57,-1.72,2.47,10.79,79.43,61.48,AA-,7.55,14.03,6.4,2026-07-30,2.606,2.98,859.06,2.24,-1.85,189.74
113659,莱克转债,106.148,0.04,603355,莱克电气,21.82,0.79,3.09,33.21,65.7,61.56,AA,23.25,43.17,9.7,2028-10-14,4.816,12.0,480.56,0.38,1.67,167.71
113052,兴业转债,101.581,-0.03,601166,兴业银行,14.62,0.97,0.39,23.29,62.77,61.82,AAA,,30.28,16.5,2027-12-27,4.016,499.976,31841.75,0.63,3.03,163.4
127030,盛虹转债,106.4,-0.38,000301,东方盛虹,8.75,-0.23,1.54,13.31,65.74,61.85,AA+,9.32,17.3,10.4,2027-03-22,3.249,49.977,1920.24,0.36,1.59,168.25
110087,天业转债,100.974,0.28,600075,新疆天业,4.24,0.47,0.78,6.8,62.35,61.94,AA+,4.76,8.84,41.4,2028-06-23,4.507,29.999,1305.57,0.43,2.43,162.91
123091,长海转债,109.5,0.48,300196,长海股份,10.67,-0.65,0.98,15.79,67.57,62.04,AA,11.05,20.53,20.9,2026-12-23,3.006,5.497,649.67,1.08,1.78,171.54
113037,紫银转债,105.43,-0.03,601860,紫金银行,2.49,-0.4,0.5,3.85,64.68,63.01,AA+,,5.01,51.5,2026-07-23,2.586,44.995,1429.18,0.3,3.06,168.44
113048,晶科转债,106.291,0.94,601778,晶科科技,3.42,0.59,0.78,5.25,65.14,63.17,AA,3.68,6.83,18.8,2027-04-23,3.337,22.959,4019.79,1.65,2.79,169.46
118042,奥维转债,113.112,2.03,688516,奥特维,86.1,1.44,5.92,124.65,69.07,63.76,AA-,87.26,162.05,12.1,2029-08-09,5.636,11.4,2258.93,1.76,1.06,176.87
127022,恒逸转债,99.65,-0.25,000703,恒逸石化,6.69,0.0,0.98,11.0,60.82,63.85,AA+,7.7,14.3,8.2,2026-10-16,2.819,19.998,3974.61,1.99,2.83,163.5
113043,财通转债,110.387,-0.64,601108,财通证券,7.62,-1.55,1.05,11.34,67.2,64.28,AAA,,14.74,10.7,2026-12-10,2.97,37.996,3864.29,0.92,-0.43,174.67
118015,芯海转债,115.212,-1.2,688595,芯海科技,39.0,-5.22,5.72,55.67,70.06,64.46,A+,38.97,72.37,7.4,2028-07-21,4.584,4.1,1978.09,4.16,1.12,179.67
127052,西子转债,104.7,0.0,002534,西子洁能,11.9,0.0,2.26,18.7,63.64,64.53,AA,13.09,24.31,12.8,2027-12-24,4.008,11.1,1851.91,1.59,2.38,169.23
128118,瀛通转债,114.124,-1.35,002861,瀛通通讯,14.73,-10.02,2.56,21.35,68.99,65.41,A+,14.95,27.76,17.0,2026-07-02,2.529,2.996,8261.86,23.9,1.98,179.53
118013,道通转债,109.33,0.26,688208,道通科技,22.92,-2.09,3.13,34.71,66.03,65.57,AA,24.3,45.12,12.4,2028-07-08,4.548,12.797,4551.54,3.26,2.07,174.9
113606,荣泰转债,110.0,-0.05,603579,荣泰健康,21.01,-1.22,1.46,31.66,66.36,65.76,AA-,22.16,41.16,20.5,2026-10-30,2.858,5.999,293.64,0.45,2.84,175.76
118034,晶能转债,101.305,-0.25,688223,晶科能源,8.37,1.45,2.52,13.7,61.1,65.82,AA+,9.59,16.44,38.9,2029-04-20,5.332,100.0,5006.51,0.49,2.02,167.13
128053,尚荣转债,138.469,-0.36,002551,尚荣医疗,4.07,-1.69,1.24,4.88,83.4,66.03,AA,3.42,6.34,7.6,2025-02-14,1.151,1.896,2383.78,9.08,-17.17,204.5
113666,爱玛转债,104.663,-0.65,603529,爱玛科技,24.93,-0.95,2.78,39.64,62.89,66.42,AA,27.75,51.53,35.9,2029-02-23,5.178,20.0,2722.57,1.3,1.89,171.08
128129,青农转债,102.252,0.1,002958,青农商行,2.59,0.0,0.37,4.22,61.37,66.6,AAA,,5.49,39.5,2026-08-25,2.677,49.997,2372.78,0.46,3.09,168.85
113653,永22转债,107.406,0.41,603681,永冠新材,14.52,-1.16,1.12,22.59,64.28,67.1,AA-,15.81,29.37,27.7,2028-07-28,4.603,7.7,668.09,0.81,2.6,174.51
123128,首华转债,102.168,-0.69,300483,首华燃气,11.97,-2.13,1.09,19.61,61.04,67.38,AA,13.73,25.49,44.1,2027-11-01,3.863,13.79,1260.99,0.89,3.0,169.55
127041,弘亚转债,110.1,-0.05,002833,弘亚数控,16.99,-0.64,2.54,25.84,65.75,67.45,AA-,18.09,33.59,13.8,2026-07-12,2.556,5.999,771.56,1.17,2.61,177.55
113670,金23转债,109.294,-0.51,603180,金牌厨柜,25.35,0.0,1.46,38.85,65.25,67.5,AA,27.2,50.51,19.7,2029-04-17,5.323,7.7,1486.55,1.76,1.82,176.79
123012,万顺转债,165.555,-3.75,300057,万顺新材,5.83,-0.85,0.97,5.92,98.48,68.11,AA-,4.14,7.7,2.8,2024-07-20,0.578,1.22,20448.08,99.89,-62.23,233.67
110086,精工转债,101.622,-0.16,600496,精工钢构,2.97,-0.67,0.7,4.92,60.37,68.34,AA,3.44,6.4,33.5,2028-04-22,4.337,20.0,825.76,0.41,3.33,169.96
113593,沪工转债,114.003,-0.19,603131,上海沪工,14.25,-2.06,3.46,21.1,67.54,68.8,A+,14.77,27.43,8.8,2026-07-20,2.578,3.997,718.35,1.57,1.85,182.8
113046,金田转债,105.138,0.11,601609,金田股份,6.57,0.61,1.21,10.55,62.28,68.83,AA+,7.39,13.72,15.5,2027-03-22,3.249,14.998,429.85,0.27,2.6,173.97
123076,强力转债,112.29,-0.02,300429,强力新材,12.56,-2.26,3.41,18.9,66.46,68.97,AA-,13.23,24.57,18.0,2026-11-19,2.912,8.498,2122.05,2.22,1.29,181.26
113616,韦尔转债,112.875,0.24,603501,韦尔股份,108.69,-0.04,7.31,162.8,66.76,69.07,AA+,113.96,211.64,1.8,2026-12-28,3.019,24.329,1144.52,0.42,0.31,181.95
113610,灵康转债,107.237,-0.32,603669,灵康药业,5.39,-0.74,3.76,8.51,63.34,69.31,A+,5.96,11.06,11.8,2026-12-01,2.945,4.579,200.97,0.41,3.66,176.55
123109,昌红转债,113.35,-0.89,300151,昌红科技,17.98,-0.72,5.74,26.9,66.84,69.58,AA-,18.83,34.97,8.0,2027-04-01,3.277,4.595,513.63,0.98,1.8,182.93
113629,泉峰转债,109.679,-0.64,603982,泉峰汽车,14.28,-2.86,1.5,22.24,64.21,70.82,AA-,15.57,28.91,17.8,2027-09-14,3.732,6.191,1076.76,1.58,2.49,180.5
127038,国微转债,112.66,0.23,002049,紫光国微,64.69,0.36,4.93,98.18,65.89,70.98,AA+,68.73,127.63,2.7,2027-06-10,3.469,14.925,4435.98,2.63,0.32,183.64
123165,回天转债,107.034,0.14,300041,回天新材,9.67,-0.72,1.88,15.45,62.59,71.01,AA-,10.82,20.09,16.1,2028-10-27,4.852,8.5,1070.14,1.18,2.43,178.04
123210,信服转债,109.442,-0.96,300454,深信服,71.0,-2.73,3.76,111.74,63.54,72.24,AA,78.22,145.26,6.3,2029-07-26,5.597,12.148,2439.28,1.83,0.55,181.68
118006,阿拉转债,113.345,0.0,688179,阿拉丁,18.56,-1.12,3.66,28.29,65.61,72.77,A+,19.8,36.78,10.5,2028-03-15,4.233,3.87,290.38,0.66,1.64,186.12
127047,帝欧转债,84.979,-0.13,002798,帝欧家居,6.56,-1.5,0.91,13.34,49.18,72.81,A+,9.34,17.34,78.1,2027-10-25,3.844,14.998,668.94,0.52,9.49,157.79
128134,鸿路转债,107.101,-0.32,002541,鸿路钢构,20.39,-0.29,1.57,32.96,61.86,73.13,AA,23.07,42.85,15.6,2026-10-09,2.8,15.728,1490.59,0.88,2.06,180.23
113049,长汽转债,107.869,0.08,601633,长城汽车,24.9,-0.56,3.22,40.08,62.13,73.63,AAA,28.06,52.1,2.3,2027-06-10,3.469,34.953,1334.62,0.35,0.55,181.5
123205,大叶转债,145.28,-20.0,300879,大叶股份,16.7,-3.47,2.77,20.01,83.46,74.08,A+,14.01,26.01,17.8,2029-07-16,5.57,4.76,50093.61,69.36,-3.62,219.36
111003,聚合转债,116.794,-0.22,605166,聚合顺,9.46,-2.87,1.79,14.21,66.57,75.44,AA-,9.95,18.47,6.8,2028-03-07,4.211,2.037,909.61,3.83,0.78,192.23
127085,韵达转债,108.333,0.31,002120,韵达股份,7.47,-1.32,1.18,12.1,61.74,75.48,AA+,8.47,15.73,11.7,2029-04-11,5.307,24.5,393.01,0.15,0.73,183.81
123230,金钟转债,163.0,-0.23,301133,金钟股份,27.01,-1.57,3.22,29.1,92.82,75.61,A,20.37,37.83,41.7,2029-11-08,5.885,3.5,22014.91,38.58,-4.98,238.61
127024,盈峰转债,105.366,0.02,000967,盈峰环境,4.78,-1.04,0.87,7.98,59.9,75.9,AA+,5.59,10.37,9.7,2026-11-04,2.871,14.761,960.28,0.62,2.6,181.27
111010,立昂转债,104.004,-0.2,605358,立昂微,26.49,-0.79,2.22,44.96,58.92,76.52,AA,31.47,58.45,18.9,2028-11-14,4.901,33.897,4667.19,1.32,2.44,180.52
128101,联创转债,124.236,-0.36,002036,联创电子,9.63,-1.63,2.96,13.69,70.34,76.61,AA,9.58,17.8,2.9,2026-03-16,2.233,2.988,1237.09,3.33,-4.12,200.85
127031,洋丰转债,110.595,1.46,000902,新洋丰,10.85,1.78,1.52,17.38,62.43,77.16,AA,12.17,22.59,7.8,2027-03-25,3.258,9.999,2069.96,1.88,1.59,187.76
118014,高测转债,108.368,-0.24,688556,高测股份,35.73,2.2,2.95,58.51,61.07,77.46,A+,40.96,76.06,4.2,2028-07-18,4.575,4.832,2401.96,4.56,1.13,185.83
128142,新乳转债,107.134,-0.34,002946,新乳业,11.02,-1.25,3.69,18.33,60.12,78.2,AA,12.83,23.83,7.7,2026-12-18,2.992,7.18,1132.91,1.47,1.92,185.33
123049,维尔转债,103.12,-0.35,300190,维尔利,4.17,-1.42,0.86,7.23,57.68,78.79,A+,5.06,9.4,28.3,2026-04-13,2.31,9.17,251.98,0.27,7.85,181.91
110089,兴发转债,104.292,0.27,600141,兴发集团,17.45,1.04,0.96,30.0,58.17,79.3,AA+,21.0,39.0,14.4,2028-09-22,4.756,27.997,1285.98,0.44,2.08,183.59
111001,山玻转债,109.41,0.02,605006,山东玻纤,6.78,-0.29,1.48,11.12,60.97,79.45,AA-,7.78,14.46,14.7,2027-11-08,3.882,5.999,251.2,0.38,2.29,188.86
123180,浙矿转债,107.249,-0.71,300837,浙矿股份,28.97,-2.62,2.09,48.49,59.74,79.51,AA-,33.94,63.04,15.6,2029-03-09,5.216,3.2,1362.22,3.96,2.23,186.76
123216,科顺转债,105.332,-0.21,300737,科顺股份,6.02,-0.99,1.27,10.26,58.67,79.52,AA,7.18,13.34,40.6,2029-08-03,5.619,21.98,1381.29,0.6,2.41,184.85
118040,宏微转债,110.759,-0.1,688711,宏微科技,38.43,-0.98,5.05,62.35,61.64,79.7,A,43.65,81.06,9.0,2029-07-24,5.592,4.3,395.79,0.83,1.71,190.46
127062,垒知转债,109.25,-0.15,002398,垒知集团,4.66,-1.69,0.9,7.68,60.68,80.05,AA-,5.38,9.98,14.6,2028-04-21,4.334,3.96,557.74,1.29,2.26,189.3
123113,仙乐转债,106.777,0.26,300791,仙乐健康,33.19,-0.6,2.09,56.07,59.19,80.39,AA-,39.25,72.89,20.6,2027-04-19,3.326,10.248,594.88,0.54,2.98,187.17
113059,福莱转债,104.711,0.75,601865,福莱特,24.43,2.69,2.61,42.22,57.86,80.96,AA,29.55,54.89,9.7,2028-05-20,4.414,39.999,4989.03,1.19,2.56,185.67
127056,中特转债,102.499,0.69,000708,中信特钢,13.31,0.83,1.81,23.5,56.64,80.97,AAA,16.45,30.55,7.4,2028-02-25,4.181,49.997,2715.57,0.53,1.78,183.47
113042,上银转债,109.786,0.12,601229,上海银行,5.9,0.17,0.36,9.83,60.02,82.91,AAA,,12.78,24.5,2027-01-25,3.096,199.98,10199.73,0.46,2.97,192.7
113579,健友转债,113.301,-1.02,603707,健友股份,15.09,-0.46,3.57,24.54,61.49,84.25,AA,17.18,31.9,2.1,2026-04-23,2.337,5.023,963.99,1.69,-0.39,197.55
123155,中陆转债,104.398,-0.2,301040,中环海陆,17.9,-2.19,1.67,31.76,56.36,85.23,A+,22.23,41.29,28.9,2028-08-12,4.644,3.6,79.54,0.21,3.33,189.63
113680,丽岛转债,171.173,0.85,603937,丽岛新材,11.99,-1.64,1.57,13.01,92.16,85.73,A+,9.11,16.91,12.0,2029-11-14,5.901,3.0,44009.69,84.66,-5.81,256.9
404002,搜特退债,20.348,6.24,400198,*搜特3,0.12,-7.69,1.74,1.1,10.91,86.52,CC,0.77,1.43,246.1,2026-03-12,2.222,7.84,7.43,0.05,125.5,106.87
118032,建龙转债,105.19,-0.16,688357,建龙微纳,49.03,-0.28,2.32,87.14,56.27,86.95,AA-,61.0,113.28,17.2,2029-03-08,5.214,7.0,405.1,0.55,2.66,192.14
113668,鹿山转债,103.653,-0.04,603051,鹿山新材,32.41,0.19,2.35,58.68,55.23,87.67,A+,41.08,76.28,32.7,2029-03-27,5.266,5.24,1034.52,1.9,3.14,191.32
118023,广大转债,99.562,-0.08,688186,广大特材,17.47,0.11,1.06,33.07,52.83,88.47,AA-,23.15,42.99,41.4,2028-10-13,4.814,15.5,2296.92,1.49,3.99,188.03
113047,旗滨转债,108.957,0.01,601636,旗滨集团,6.79,0.44,1.4,11.76,57.74,88.71,AA+,8.23,15.29,8.2,2027-04-09,3.299,14.986,644.96,0.39,1.24,197.67
113569,科达转债,110.194,-0.43,603660,苏州科达,8.45,-6.32,4.18,14.57,58.0,90.0,A+,10.2,18.94,12.3,2026-03-09,2.214,5.137,15942.06,28.14,3.41,200.19
113655,欧22转债,103.5,0.3,603833,欧派家居,67.1,0.3,2.34,123.69,54.25,90.79,AA,86.58,160.8,4.9,2028-08-05,4.625,19.999,2070.72,1.0,2.7,194.29
127061,美锦转债,98.4,-0.75,000723,美锦能源,6.66,-0.89,1.91,12.93,51.51,91.04,AA-,9.05,16.81,13.5,2028-04-20,4.332,35.896,5033.61,1.43,5.46,189.44
128136,立讯转债,108.099,0.17,002475,立讯精密,32.35,-0.71,4.39,57.31,56.45,91.5,AA+,40.12,74.5,1.3,2026-11-03,2.869,29.991,1848.72,0.57,1.04,199.6
123101,拓斯转债,111.87,-0.17,300607,拓斯达,15.27,-1.67,2.64,26.16,58.37,91.65,AA,18.31,34.01,15.4,2027-03-10,3.216,6.697,647.83,0.86,0.69,203.52
123064,万孚转债,110.0,-0.45,300482,万孚生物,29.38,-2.55,2.88,51.23,57.35,91.81,AA,35.86,66.6,6.1,2026-09-01,2.696,5.979,509.39,0.77,1.12,201.81
128135,洽洽转债,111.988,-0.01,002557,洽洽食品,33.9,-0.96,3.23,58.18,58.27,92.2,AA,40.73,75.63,7.8,2026-10-20,2.83,13.399,588.95,0.39,1.99,204.19
128125,华阳转债,107.136,-0.4,002949,华阳国际,13.81,-1.71,1.79,24.79,55.71,92.32,AA-,17.35,32.23,21.8,2026-07-30,2.606,4.497,260.43,0.54,3.33,199.46
123108,乐普转2,108.15,-0.29,300003,乐普医疗,15.83,-0.69,1.84,28.39,55.76,93.96,AA+,19.87,36.91,6.4,2026-03-30,2.271,16.377,1481.36,0.84,0.88,202.11
128124,科华转债,99.896,0.01,002022,科华生物,10.62,-1.12,1.24,20.64,51.45,94.15,A+,14.45,26.83,13.5,2026-07-28,2.6,7.375,2436.33,3.3,3.35,194.05
127051,博杰转债,108.448,-0.47,002975,博杰股份,34.33,-1.77,2.81,61.87,55.49,95.45,AA-,43.31,80.43,21.4,2027-11-17,3.907,5.259,462.47,0.81,2.7,203.9
127066,科利转债,104.015,0.69,002850,科达利,80.52,1.55,2.16,152.2,52.9,96.61,AA,106.54,197.86,12.0,2028-07-08,4.548,15.343,2518.18,1.58,2.24,200.63
113652,伟22转债,101.02,0.12,603568,伟明环保,16.57,0.73,2.66,32.56,50.89,98.5,AA,22.79,42.33,5.3,2028-07-22,4.586,14.77,139.35,0.09,2.82,199.52
128131,崇达转2,108.316,-0.33,002815,崇达技术,9.21,-1.6,1.42,16.91,54.47,98.87,AA,11.84,21.98,23.8,2026-09-07,2.712,13.998,725.48,0.48,1.7,207.19
127017,万青转债,109.609,-0.1,000789,万年青,6.8,-0.15,0.77,12.4,54.84,99.88,AA+,8.68,16.12,18.4,2026-06-03,2.449,9.996,267.02,0.24,2.57,209.49
123124,晶瑞转2,109.002,0.09,300655,晶瑞电材,9.44,-1.87,4.78,17.36,54.38,100.45,A+,12.15,22.57,5.9,2027-08-16,3.652,5.227,238.49,0.42,0.43,209.45
128072,翔鹭转债,112.332,-0.65,002842,翔鹭钨业,8.4,-1.06,2.57,15.14,55.48,102.47,A+,10.6,19.68,16.6,2025-08-20,1.663,3.016,2502.34,7.39,-0.18,214.8
127044,蒙娜转债,101.471,-1.0,002918,蒙娜丽莎,13.31,-1.33,1.57,26.57,50.09,102.56,AA-,18.6,34.54,40.0,2027-08-16,3.652,11.689,940.76,0.79,3.88,204.03
127089,晶澳转债,99.834,0.11,002459,晶澳科技,19.07,1.27,1.8,38.74,49.23,102.81,AA+,27.12,50.36,14.2,2029-07-17,5.573,89.603,4621.71,0.52,2.2,202.64
123115,捷捷转债,108.357,0.22,300623,捷捷微电,15.37,-1.6,3.08,28.78,53.41,102.9,AA-,20.15,37.41,12.3,2027-06-08,3.463,11.944,833.22,0.64,2.42,211.26
127019,国城转债,97.75,-0.1,000688,国城矿业,10.14,1.6,3.87,21.2,47.83,104.37,AA,14.84,27.56,7.5,2026-07-15,2.564,8.487,810.38,0.98,6.04,202.12
113605,大参转债,107.541,-0.44,603233,大参林,24.66,-0.52,4.11,47.11,52.35,105.44,AA,32.98,61.24,5.0,2026-10-22,2.836,14.047,781.77,0.52,1.89,212.98
123132,回盛转债,104.9,-0.38,300871,回盛生物,14.09,-1.67,1.55,27.71,50.85,106.3,AA-,19.4,36.02,30.0,2027-12-17,3.989,6.999,341.43,0.47,3.5,211.2
123126,瑞丰转债,110.59,-0.1,300243,瑞丰高材,9.38,-2.29,2.15,17.54,53.48,106.8,A+,12.28,22.8,19.0,2027-09-10,3.721,3.4,103.04,0.27,4.22,217.39
127025,冀东转债,101.7,0.54,000401,冀东水泥,6.4,-0.93,0.57,13.11,48.82,108.33,AAA,9.18,17.04,17.9,2026-11-05,2.874,17.764,480.31,0.27,2.38,210.03
128116,瑞达转债,106.372,-0.11,002961,瑞达期货,14.67,-0.54,2.51,29.0,50.59,110.28,AA,20.3,37.7,9.9,2026-06-29,2.521,6.491,1014.97,1.47,2.62,216.65
113625,江山转债,110.56,0.21,603208,江山欧派,28.76,-0.79,3.55,55.04,52.25,111.59,AA-,38.53,71.55,11.4,2027-06-11,3.471,5.825,437.22,0.68,3.19,222.15
123034,通光转债,231.88,-1.32,300265,通光线缆,8.74,-1.13,1.77,8.0,109.25,112.25,A+,5.6,10.4,2.4,2025-11-04,1.871,0.778,1824.99,10.07,-31.54,344.13
113589,天创转债,98.103,-2.43,603608,天创时尚,5.66,-6.14,1.8,12.29,46.05,113.02,A+,8.6,15.98,25.2,2026-06-24,2.507,5.995,85587.0,139.58,6.03,211.12
110082,宏发转债,106.569,0.77,600885,宏发股份,25.41,-0.43,3.23,50.96,49.86,113.73,AA,35.67,66.25,7.5,2027-10-28,3.852,19.995,1203.41,0.57,2.34,220.3
113661,福22转债,103.599,0.95,603806,福斯特,22.39,3.08,2.76,46.37,48.29,114.55,AA,32.46,60.28,7.3,2028-11-22,4.923,30.299,2440.97,0.78,1.99,218.15
118022,锂科转债,97.355,0.25,688779,长远锂科,7.04,0.72,1.75,15.53,45.33,114.76,AA,10.87,20.19,44.3,2028-10-11,4.808,32.497,3268.64,1.03,3.56,212.12
110059,浦发转债,107.368,0.07,600000,浦发银行,6.58,0.15,0.27,13.24,49.7,116.04,AAA,,17.21,25.9,2025-10-28,1.852,499.986,17366.24,0.32,2.95,223.41
110072,广汇转债,91.313,-0.12,600297,广汇汽车,1.69,-1.17,0.35,4.03,41.94,117.75,AA+,2.82,5.24,24.6,2026-08-18,2.658,33.659,986.48,0.32,8.62,209.06
127046,百润转债,108.6,0.24,002568,百润股份,23.35,-1.89,6.26,46.95,49.73,118.36,AA,32.87,61.04,6.7,2027-09-29,3.773,11.276,963.91,0.79,1.39,226.96
123179,立高转债,105.999,0.19,300973,立高食品,46.16,-0.73,3.13,96.52,47.82,121.64,AA-,67.56,125.48,29.0,2029-03-07,5.211,9.5,515.16,0.51,2.51,227.64
123154,火星转债,106.002,-0.38,300894,火星人,15.75,-0.57,3.9,33.49,47.03,125.4,AA-,23.44,43.54,23.9,2028-08-05,4.625,5.29,250.21,0.44,2.77,231.4
123056,雪榕转债,108.25,-0.18,300511,雪榕生物,5.34,-1.84,1.6,11.15,47.89,126.03,AA-,7.81,13.38,26.8,2026-06-24,2.507,5.84,264.88,0.42,3.93,234.28
123186,志特转债,101.762,-0.86,300986,志特新材,12.2,-1.61,1.94,27.22,44.82,127.05,A+,19.05,35.39,47.7,2029-03-31,5.277,6.14,1030.27,1.64,3.39,228.81
127015,希望转债,105.064,-0.12,000876,新希望,9.08,0.55,1.69,19.64,46.23,127.25,AAA,13.75,25.53,2.3,2026-01-03,2.036,9.494,2214.09,2.22,1.77,232.31
123145,药石转债,107.224,-0.15,300725,药石科技,38.4,-1.11,2.73,81.44,47.15,127.4,AA,57.01,105.87,17.8,2028-04-20,4.332,11.494,401.91,0.33,1.62,234.62
123039,开润转债,115.09,-0.16,300577,开润股份,14.83,-1.4,1.91,29.73,49.88,130.72,A+,20.81,38.65,11.2,2025-12-26,2.014,2.216,850.3,3.34,1.76,245.81
128041,盛路转债,279.5,-1.31,002446,盛路通信,8.16,0.49,2.25,6.83,119.47,133.94,A+,4.78,8.88,0.8,2024-07-17,0.57,0.525,5706.22,38.38,-106.94,413.44
113650,博22转债,105.425,0.23,603916,苏博特,10.49,-0.85,1.05,23.65,44.36,137.68,AA-,16.56,30.75,18.1,2028-07-01,4.529,7.999,218.84,0.26,2.96,243.11
123122,富瀚转债,108.704,0.02,300613,富瀚微,41.88,-1.81,3.94,92.34,45.35,139.68,A+,64.64,120.04,6.4,2027-08-06,3.625,5.805,366.12,0.58,2.7,248.38
113608,威派转债,106.104,0.14,603956,威派格,7.76,-2.63,2.02,17.62,44.04,140.92,A+,12.33,22.91,10.6,2026-11-09,2.885,4.2,157.56,0.35,4.19,247.02
110081,闻泰转债,103.234,0.23,600745,闻泰科技,41.3,-1.76,1.35,96.61,42.75,141.49,AA+,67.63,125.59,16.7,2027-07-28,3.6,85.974,3329.16,0.38,2.22,244.72
113574,华体转债,113.271,-0.1,603679,华体科技,14.22,-2.8,2.58,30.71,46.3,144.62,A+,21.5,39.92,9.0,2026-03-31,2.274,2.086,402.8,1.7,0.29,257.89
110076,华海转债,106.132,0.06,600521,华海药业,14.57,-0.07,2.67,33.67,43.27,145.26,AA,23.57,43.77,8.7,2026-11-02,2.866,18.424,388.24,0.2,2.34,251.39
128117,道恩转债,112.199,0.13,002838,道恩股份,12.5,-0.95,1.83,27.91,44.79,150.52,AA-,19.54,36.28,7.4,2026-07-02,2.529,3.583,239.68,0.6,3.26,262.72
123072,乐歌转债,127.831,0.49,300729,乐歌股份,17.64,4.94,1.87,35.47,49.73,157.04,A+,24.83,46.11,2.7,2026-10-21,2.833,1.418,2840.88,15.65,-0.38,284.87
113624,正川转债,108.2,0.35,603976,正川股份,19.43,-2.61,2.43,46.32,41.95,157.94,A+,32.42,60.22,13.8,2027-04-28,3.351,4.049,136.42,0.31,3.33,266.14
118031,天23转债,100.122,0.21,688599,天合光能,26.39,2.13,1.83,69.21,38.13,162.58,AA,48.45,89.97,15.5,2029-02-13,5.151,88.647,5519.77,0.62,3.67,262.7
118020,芳源转债,102.107,-0.25,688148,芳源股份,7.2,0.14,2.56,18.63,38.65,164.2,A+,13.04,24.22,23.1,2028-09-23,4.759,6.418,220.98,0.34,4.96,266.31
113641,华友转债,101.105,0.22,603799,华友钴业,30.79,3.53,1.57,81.18,37.93,166.57,AA+,56.83,105.53,14.6,2028-02-24,4.178,75.985,3750.29,0.49,2.59,267.68
128138,侨银转债,117.168,0.03,002973,侨银股份,11.03,-1.08,2.1,25.13,43.89,166.95,AA-,17.59,32.67,18.6,2026-11-17,2.907,4.199,240.22,0.49,4.95,284.12
127097,三羊转债,260.89,-5.13,001317,三羊马,36.6,-0.54,3.63,37.65,97.21,168.37,A+,26.36,48.95,19.6,2029-10-25,5.847,2.1,87664.82,157.34,-12.78,429.26
113584,家悦转债,104.869,-0.08,603708,家家悦,13.95,-1.06,3.48,35.8,38.97,169.13,AA,25.06,46.54,7.6,2026-06-05,2.455,6.449,420.91,0.62,3.26,274.0
128035,大族转债,104.5,0.05,002008,大族激光,19.96,-0.65,1.26,51.59,38.69,170.1,AA+,36.11,67.07,11.8,2024-02-06,0.126,22.99,4099.78,1.71,3.8,274.6
123065,宝莱转债,115.289,0.02,300246,宝莱特,10.25,-2.47,1.88,24.02,42.67,170.17,AA-,16.81,31.23,10.1,2026-09-04,2.704,2.188,159.45,0.63,1.3,285.46
128108,蓝帆转债,101.1,-0.52,002382,蓝帆医疗,6.61,-1.64,0.67,17.84,37.05,172.86,AA,12.49,23.19,23.0,2026-05-28,2.433,15.208,1181.86,0.77,4.11,273.96
113658,密卫转债,104.039,0.21,603713,密尔克卫,51.07,1.98,2.08,134.07,38.09,173.13,AA-,93.85,174.29,10.4,2027-09-16,3.737,8.719,1428.56,1.57,2.75,277.17
113053,隆22转债,100.537,-0.04,601012,隆基绿能,21.22,-0.28,2.25,58.45,36.31,176.93,AAA,40.92,75.99,4.4,2028-01-05,4.041,69.958,7613.86,1.08,2.53,277.47
118000,嘉元转债,106.413,-0.04,688388,嘉元科技,19.25,0.89,1.14,50.48,38.13,179.05,AA-,35.34,65.62,12.3,2027-02-23,3.175,9.784,986.1,0.95,3.95,285.46
110044,广电转债,240.75,2.6,600831,广电网络,5.82,-4.59,1.11,6.82,85.34,182.12,AA,4.77,8.87,1.7,2024-06-27,0.515,0.706,42162.24,248.04,-107.05,422.87
123104,卫宁转债,112.305,-0.09,300253,卫宁健康,7.05,-3.42,2.84,17.71,39.81,182.12,AA,12.4,23.02,7.4,2027-03-16,3.233,9.7,550.73,0.51,3.26,294.43
128085,鸿达转债,67.63,-7.23,002002,ST鸿达,0.93,-5.1,0.31,3.91,23.79,184.34,CC,2.74,5.08,11.7,2025-12-16,1.986,3.371,12088.33,51.43,34.61,251.97
118010,洁特转债,100.95,-0.16,688026,洁特生物,16.68,-2.17,2.05,48.09,34.69,191.05,A+,33.66,62.52,18.8,2028-06-28,4.521,4.4,320.98,0.72,2.95,292.0
123093,金陵转债,118.186,-0.11,300651,金陵体育,19.41,-2.46,3.17,48.97,39.64,198.17,A+,34.28,63.66,18.1,2027-01-19,3.08,2.485,123.78,0.42,2.73,316.36
113596,城地转债,97.466,0.0,603887,城地香江,7.83,-2.37,1.03,24.26,32.28,201.98,A-,16.98,31.54,34.0,2026-07-28,2.6,11.984,792.06,0.68,5.42,299.45
123117,健帆转债,106.889,0.0,300529,健帆生物,21.79,-0.86,5.66,61.72,35.31,202.76,AA,43.2,80.24,9.0,2027-06-23,3.504,9.998,110.31,0.1,1.97,309.65
123018,溢利转债,278.344,-2.06,300381,溢多利,7.38,-1.2,1.37,8.05,91.68,203.61,AA-,5.64,10.47,1.5,2024-12-20,0.997,0.541,5138.37,33.79,-60.64,481.95
123013,横河转债,411.9,-1.93,300539,横河精密,11.9,-2.14,4.94,8.88,134.01,207.37,A+,6.22,11.54,1.9,2024-07-26,0.595,0.379,4195.14,26.61,-123.29,619.27
123103,震安转债,110.698,-0.2,300767,震安科技,16.78,-1.35,2.57,47.39,35.41,212.63,A+,33.17,61.61,7.1,2027-03-12,3.222,2.494,233.66,0.85,2.66,323.33
127096,泰坦转债,308.0,4.9,003036,泰坦股份,12.64,-0.32,2.03,13.81,91.53,236.51,A,9.67,17.95,41.2,2029-10-24,5.844,2.955,60011.08,68.68,-14.95,544.51
118008,海优转债,100.003,-0.4,688680,海优新材,56.73,1.52,2.01,217.3,26.11,283.05,AA-,152.11,282.49,23.5,2028-06-23,4.507,6.939,1077.65,1.55,4.21,383.05
118005,天奈转债,101.319,0.67,688116,天奈科技,26.64,-0.19,3.56,103.75,25.68,294.59,AA-,72.63,134.88,9.1,2028-01-27,4.101,8.299,591.77,0.71,3.16,395.91
113575,东时转债,163.767,0.15,603377,东方时尚,4.86,-4.14,1.56,12.15,40.0,309.42,AA,8.51,15.8,2.8,2026-04-09,2.299,0.982,7184.06,44.58,-15.66,473.19
113633,科沃转债,101.959,-0.34,603486,科沃斯,38.43,-0.39,3.32,175.41,21.91,365.38,AA,122.79,228.03,4.8,2027-11-30,3.943,10.397,517.78,0.49,3.0,467.34
