债券代码,债券名称,涨跌幅,最新价,最高,最低,今开,涨跌额,换手率,量比,动态市盈率,成交量,成交额,昨日收盘,总市值,流通市值,行情ID,市场类型,更新时间,最新交易日
128144,利民转债,-,-,-,-,-,-,0.0,-,-,-,-,260.7,672973848,672973848,0.128144,深A,2025-09-01 08:55:30,2025-09-01
128142,新乳转债,-,-,-,-,-,-,0.0,-,-,-,-,132.639,952196016,952196016,0.128142,深A,2025-09-01 08:54:54,2025-09-01
128141,旺能转债,-,-,-,-,-,-,0.0,-,-,-,-,133.377,1543946677,1543946677,0.128141,深A,2025-09-01 08:55:27,2025-09-01
128138,侨银转债,-,-,-,-,-,-,0.0,-,-,-,-,131.265,551130673,551130673,0.128138,深A,2025-09-01 08:54:51,2025-09-01
128137,洁美转债,-,-,-,-,-,-,0.0,-,-,-,-,136.763,818599723,818599723,0.128137,深A,2025-09-01 08:54:45,2025-09-01
128136,立讯转债,-,-,-,-,-,-,0.0,-,-,-,-,124.139,3722849409,3722849409,0.128136,深A,2025-09-01 08:54:48,2025-09-01
128135,洽洽转债,-,-,-,-,-,-,0.0,-,-,-,-,117.118,1569197559,1569197559,0.128135,深A,2025-09-01 08:55:06,2025-09-01
128134,鸿路转债,-,-,-,-,-,-,0.0,-,-,-,-,118.3,1860554378,1860554378,0.128134,深A,2025-09-01 08:55:03,2025-09-01
128133,奇正转债,-,-,-,-,-,-,0.0,-,-,-,-,145.298,15003036,15003036,0.128133,深A,2025-09-01 08:55:24,2025-09-01
128132,交建转债,-,-,-,-,-,-,0.0,-,-,-,-,154.722,520681460,520681460,0.128132,深A,2025-09-01 08:54:42,2025-09-01
128131,崇达转2,-,-,-,-,-,-,0.0,-,-,-,-,170.124,643345001,643345001,0.128131,深A,2025-09-01 08:55:21,2025-09-01
128130,景兴转债,-,-,-,-,-,-,0.0,-,-,-,-,133.086,884436721,884436721,0.128130,深A,2025-09-01 08:55:30,2025-09-01
128129,青农转债,-,-,-,-,-,-,0.0,-,-,-,-,113.08,5653643685,5653643685,0.128129,深A,2025-09-01 08:54:45,2025-09-01
128128,齐翔转2,-,-,-,-,-,-,0.0,-,-,-,-,121.4,824774118,824774118,0.128128,深A,2025-09-01 08:54:42,2025-09-01
128127,文科转债,-,-,-,-,-,-,0.0,-,-,-,-,118.6,953320676,953320676,0.128127,深A,2025-09-01 08:55:39,2025-09-01
128125,华阳转债,-,-,-,-,-,-,0.0,-,-,-,-,126.501,568845016,568845016,0.128125,深A,2025-09-01 08:55:39,2025-09-01
128124,科华转债,-,-,-,-,-,-,0.0,-,-,-,-,110.5,248674836,248674836,0.128124,深A,2025-09-01 08:55:27,2025-09-01
128121,宏川转债,-,-,-,-,-,-,0.0,-,-,-,-,114.228,744806768,744806768,0.128121,深A,2025-09-01 08:55:36,2025-09-01
128119,龙大转债,-,-,-,-,-,-,0.0,-,-,-,-,115.474,1092439006,1092439006,0.128119,深A,2025-09-01 08:55:24,2025-09-01
128116,瑞达转债,-,-,-,-,-,-,0.0,-,-,-,-,134.612,873526210,873526210,0.128116,深A,2025-09-01 08:55:00,2025-09-01
128108,蓝帆转债,-,-,-,-,-,-,0.0,-,-,-,-,107.346,1632157500,1632157500,0.128108,深A,2025-09-01 08:55:21,2025-09-01
128105,长集转债,-,-,-,-,-,-,0.0,-,-,-,-,130.206,787718306,787718306,0.128105,深A,2025-09-01 08:55:18,2025-09-01
128101,联创转债,-,-,-,-,-,-,0.0,-,-,-,-,130.9,390559131,390559131,0.128101,深A,2025-09-01 08:55:33,2025-09-01
128097,奥佳转债,-,-,-,-,-,-,0.0,-,-,-,-,111.581,511327966,511327966,0.128097,深A,2025-09-01 08:55:15,2025-09-01
128095,恩捷转债,-,-,-,-,-,-,0.0,-,-,-,-,123.499,559131719,559131719,0.128095,深A,2025-09-01 08:54:57,2025-09-01
128081,海亮转债,-,-,-,-,-,-,0.0,-,-,-,-,130.785,1210072780,1210072780,0.128081,深A,2025-09-01 08:55:12,2025-09-01
128076,金轮转债,-,-,-,-,-,-,0.0,-,-,-,-,138.5,254297219,254297219,0.128076,深A,2025-09-01 08:55:18,2025-09-01
127111,金威转债,-,-,-,-,-,-,0.0,-,-,-,-,100.0,1292394800,1292394800,0.127111,深A,2025-09-01 08:00:00,2025-09-01
127110,广核转债,-,-,-,-,-,-,0.0,-,-,-,-,139.19,6820310000,6820310000,0.127110,深A,2025-09-01 08:55:33,2025-09-01
127109,电化转债,-,-,-,-,-,-,0.0,-,-,-,-,165.378,805390860,805390860,0.127109,深A,2025-09-01 08:55:15,2025-09-01
127108,太能转债,-,-,-,-,-,-,0.0,-,-,-,-,120.0,3540000000,3540000000,0.127108,深A,2025-09-01 08:55:30,2025-09-01
127107,领益转债,-,-,-,-,-,-,0.0,-,-,-,-,174.1,3711271768,3711271768,0.127107,深A,2025-09-01 08:54:51,2025-09-01
127105,龙星转债,-,-,-,-,-,-,0.0,-,-,-,-,129.331,975977639,975977639,0.127105,深A,2025-09-01 08:55:12,2025-09-01
127104,姚记转债,-,-,-,-,-,-,0.0,-,-,-,-,168.53,981982683,981982683,0.127104,深A,2025-09-01 08:55:09,2025-09-01
127103,东南转债,-,-,-,-,-,-,0.0,-,-,-,-,111.9,2237885974,2237885974,0.127103,深A,2025-09-01 08:54:48,2025-09-01
127102,浙建转债,-,-,-,-,-,-,0.0,-,-,-,-,122.1,1215006477,1215006477,0.127102,深A,2025-09-01 08:55:06,2025-09-01
127099,盛航转债,-,-,-,-,-,-,0.0,-,-,-,-,129.794,589355097,589355097,0.127099,深A,2025-09-01 08:55:30,2025-09-01
127098,欧晶转债,-,-,-,-,-,-,0.0,-,-,-,-,117.49,551382920,551382920,0.127098,深A,2025-09-01 08:55:09,2025-09-01
127097,三羊转债,-,-,-,-,-,-,0.0,-,-,-,-,145.2,303823304,303823304,0.127097,深A,2025-09-01 08:55:27,2025-09-01
127096,泰坦转债,-,-,-,-,-,-,0.0,-,-,-,-,144.0,420493248,420493248,0.127096,深A,2025-09-01 08:55:24,2025-09-01
127095,广泰转债,-,-,-,-,-,-,0.0,-,-,-,-,135.6,939387848,939387848,0.127095,深A,2025-09-01 08:55:21,2025-09-01
127094,红墙转债,-,-,-,-,-,-,0.0,-,-,-,-,136.601,411412433,411412433,0.127094,深A,2025-09-01 08:55:03,2025-09-01
127093,章鼓转债,-,-,-,-,-,-,0.0,-,-,-,-,140.0,339528420,339528420,0.127093,深A,2025-09-01 08:55:18,2025-09-01
127092,运机转债,-,-,-,-,-,-,0.0,-,-,-,-,219.705,1153664144,1153664144,0.127092,深A,2025-09-01 08:55:15,2025-09-01
127090,兴瑞转债,-,-,-,-,-,-,0.0,-,-,-,-,123.074,568146014,568146014,0.127090,深A,2025-09-01 08:54:45,2025-09-01
127089,晶澳转债,-,-,-,-,-,-,0.0,-,-,-,-,126.27,11312803558,11312803558,0.127089,深A,2025-09-01 08:55:00,2025-09-01
127088,赫达转债,-,-,-,-,-,-,0.0,-,-,-,-,120.467,722620336,722620336,0.127088,深A,2025-09-01 08:54:42,2025-09-01
127086,恒邦转债,-,-,-,-,-,-,0.0,-,-,-,-,130.286,4116028796,4116028796,0.127086,深A,2025-09-01 08:55:39,2025-09-01
127085,韵达转债,-,-,-,-,-,-,0.0,-,-,-,-,120.036,2940795214,2940795214,0.127085,深A,2025-09-01 08:55:24,2025-09-01
127084,柳工转2,-,-,-,-,-,-,0.0,-,-,-,-,172.5,4281978368,4281978368,0.127084,深A,2025-09-01 08:55:06,2025-09-01
127083,山路转债,-,-,-,-,-,-,0.0,-,-,-,-,117.2,5667673511,5667673511,0.127083,深A,2025-09-01 08:55:03,2025-09-01
127082,亚科转债,-,-,-,-,-,-,0.0,-,-,-,-,134.033,1553244905,1553244905,0.127082,深A,2025-09-01 08:55:00,2025-09-01
127081,中旗转债,-,-,-,-,-,-,0.0,-,-,-,-,397.5,904644015,904644015,0.127081,深A,2025-09-01 08:55:12,2025-09-01
127080,声迅转债,-,-,-,-,-,-,0.0,-,-,-,-,127.604,356481297,356481297,0.127080,深A,2025-09-01 08:55:36,2025-09-01
127079,华亚转债,-,-,-,-,-,-,0.0,-,-,-,-,181.2,562987856,562987856,0.127079,深A,2025-09-01 08:54:57,2025-09-01
127078,优彩转债,-,-,-,-,-,-,0.0,-,-,-,-,134.396,806244964,806244964,0.127078,深A,2025-09-01 08:55:33,2025-09-01
127077,华宏转债,-,-,-,-,-,-,0.0,-,-,-,-,147.536,225166050,225166050,0.127077,深A,2025-09-01 08:54:54,2025-09-01
127076,中宠转2,-,-,-,-,-,-,0.0,-,-,-,-,241.8,1169945431,1169945431,0.127076,深A,2025-09-01 08:54:51,2025-09-01
127075,百川转2,-,-,-,-,-,-,0.0,-,-,-,-,117.8,1138844340,1138844340,0.127075,深A,2025-09-01 08:55:30,2025-09-01
127073,天赐转债,-,-,-,-,-,-,0.0,-,-,-,-,121.95,4158547926,4158547926,0.127073,深A,2025-09-01 08:55:21,2025-09-01
127072,博实转债,-,-,-,-,-,-,0.0,-,-,-,-,136.484,613938744,613938744,0.127072,深A,2025-09-01 08:54:48,2025-09-01
127071,天箭转债,-,-,-,-,-,-,0.0,-,-,-,-,136.821,677117141,677117141,0.127071,深A,2025-09-01 08:55:09,2025-09-01
127070,大中转债,-,-,-,-,-,-,0.0,-,-,-,-,131.743,2001177883,2001177883,0.127070,深A,2025-09-01 08:54:57,2025-09-01
127069,小熊转债,-,-,-,-,-,-,0.0,-,-,-,-,128.331,646893215,646893215,0.127069,深A,2025-09-01 08:55:06,2025-09-01
127068,顺博转债,-,-,-,-,-,-,0.0,-,-,-,-,114.351,949071448,949071448,0.127068,深A,2025-09-01 08:55:03,2025-09-01
127067,恒逸转2,-,-,-,-,-,-,0.0,-,-,-,-,116.193,3485336150,3485336150,0.127067,深A,2025-09-01 08:55:00,2025-09-01
127066,科利转债,-,-,-,-,-,-,0.0,-,-,-,-,129.429,1985727157,1985727157,0.127066,深A,2025-09-01 08:54:57,2025-09-01
127064,杭氧转债,-,-,-,-,-,-,0.0,-,-,-,-,127.836,1452999444,1452999444,0.127064,深A,2025-09-01 08:55:27,2025-09-01
127062,垒知转债,-,-,-,-,-,-,0.0,-,-,-,-,122.988,486865216,486865216,0.127062,深A,2025-09-01 08:54:54,2025-09-01
127061,美锦转债,-,-,-,-,-,-,0.0,-,-,-,-,113.04,3152796153,3152796153,0.127061,深A,2025-09-01 08:54:51,2025-09-01
127060,湘佳转债,-,-,-,-,-,-,0.0,-,-,-,-,115.429,738622091,738622091,0.127060,深A,2025-09-01 08:55:24,2025-09-01
127059,永东转2,-,-,-,-,-,-,0.0,-,-,-,-,120.922,458404782,458404782,0.127059,深A,2025-09-01 08:54:45,2025-09-01
127056,中特转债,-,-,-,-,-,-,0.0,-,-,-,-,114.493,5724239199,5724239199,0.127056,深A,2025-09-01 08:54:48,2025-09-01
127055,精装转债,-,-,-,-,-,-,0.0,-,-,-,-,180.8,385647485,385647485,0.127055,深A,2025-09-01 08:54:42,2025-09-01
127054,双箭转债,-,-,-,-,-,-,0.0,-,-,-,-,124.672,640314644,640314644,0.127054,深A,2025-09-01 08:54:45,2025-09-01
127053,豪美转债,-,-,-,-,-,-,0.0,-,-,-,-,266.5,688759923,688759923,0.127053,深A,2025-09-01 08:55:18,2025-09-01
127052,西子转债,-,-,-,-,-,-,0.0,-,-,-,-,123.552,1037867441,1037867441,0.127052,深A,2025-09-01 08:54:42,2025-09-01
127050,麒麟转债,-,-,-,-,-,-,0.0,-,-,-,-,127.394,2657525213,2657525213,0.127050,深A,2025-09-01 08:55:15,2025-09-01
127049,希望转2,-,-,-,-,-,-,0.0,-,-,-,-,121.0,9853610679,9853610679,0.127049,深A,2025-09-01 08:55:21,2025-09-01
127047,帝欧转债,-,-,-,-,-,-,0.0,-,-,-,-,129.87,1108724086,1108724086,0.127047,深A,2025-09-01 08:55:18,2025-09-01
127046,百润转债,-,-,-,-,-,-,0.0,-,-,-,-,120.968,1363882627,1363882627,0.127046,深A,2025-09-01 08:55:12,2025-09-01
127045,牧原转债,-,-,-,-,-,-,0.0,-,-,-,-,133.606,12750099140,12750099140,0.127045,深A,2025-09-01 08:55:39,2025-09-01
127044,蒙娜转债,-,-,-,-,-,-,0.0,-,-,-,-,118.933,400946216,400946216,0.127044,深A,2025-09-01 08:55:39,2025-09-01
127042,嘉美转债,-,-,-,-,-,-,0.0,-,-,-,-,117.303,879509624,879509624,0.127042,深A,2025-09-01 08:55:09,2025-09-01
127041,弘亚转债,-,-,-,-,-,-,0.0,-,-,-,-,125.105,750516405,750516405,0.127041,深A,2025-09-01 08:55:15,2025-09-01
127040,国泰转债,-,-,-,-,-,-,0.0,-,-,-,-,126.4,5039534504,5039534504,0.127040,深A,2025-09-01 08:55:36,2025-09-01
127039,北港转债,-,-,-,-,-,-,0.0,-,-,-,-,133.17,1438154766,1438154766,0.127039,深A,2025-09-01 08:55:12,2025-09-01
127038,国微转债,-,-,-,-,-,-,0.0,-,-,-,-,128.598,1918758161,1918758161,0.127038,深A,2025-09-01 08:55:33,2025-09-01
127037,银轮转债,-,-,-,-,-,-,0.0,-,-,-,-,417.16,2109170972,2109170972,0.127037,深A,2025-09-01 08:55:36,2025-09-01
127034,绿茵转债,-,-,-,-,-,-,0.0,-,-,-,-,121.9,521611197,521611197,0.127034,深A,2025-09-01 08:55:33,2025-09-01
127033,中装转2,-,-,-,-,-,-,0.0,-,-,-,-,85.7,658573305,658573305,0.127033,深A,2025-09-01 08:55:06,2025-09-01
127031,洋丰转债,-,-,-,-,-,-,0.0,-,-,-,-,125.65,1256412296,1256412296,0.127031,深A,2025-09-01 08:55:03,2025-09-01
127030,盛虹转债,-,-,-,-,-,-,0.0,-,-,-,-,117.5,5872026545,5872026545,0.127030,深A,2025-09-01 08:55:00,2025-09-01
127028,英特转债,-,-,-,-,-,-,0.0,-,-,-,-,136.462,554317514,554317514,0.127028,深A,2025-09-01 08:54:54,2025-09-01
127027,能化转债,-,-,-,-,-,-,0.0,-,-,-,-,117.902,2294813048,2294813048,0.127027,深A,2025-09-01 08:55:30,2025-09-01
127026,超声转债,-,-,-,-,-,-,0.0,-,-,-,-,135.515,948164712,948164712,0.127026,深A,2025-09-01 08:55:09,2025-09-01
127025,冀东转债,-,-,-,-,-,-,0.0,-,-,-,-,108.5,1927410058,1927410058,0.127025,深A,2025-09-01 08:55:27,2025-09-01
127024,盈峰转债,-,-,-,-,-,-,0.0,-,-,-,-,124.732,1841085107,1841085107,0.127024,深A,2025-09-01 08:54:57,2025-09-01
127022,恒逸转债,-,-,-,-,-,-,0.0,-,-,-,-,112.719,2254143628,2254143628,0.127022,深A,2025-09-01 08:54:51,2025-09-01
127020,中金转债,-,-,-,-,-,-,0.0,-,-,-,-,131.626,3978422044,3978422044,0.127020,深A,2025-09-01 08:54:48,2025-09-01
127019,国城转债,-,-,-,-,-,-,0.0,-,-,-,-,127.183,956172096,956172096,0.127019,深A,2025-09-01 08:54:54,2025-09-01
127018,本钢转债,-,-,-,-,-,-,0.0,-,-,-,-,121.0,6813459301,6813459301,0.127018,深A,2025-09-01 08:54:45,2025-09-01
127017,万青转债,-,-,-,-,-,-,0.0,-,-,-,-,114.844,1147923317,1147923317,0.127017,深A,2025-09-01 08:55:24,2025-09-01
127016,鲁泰转债,-,-,-,-,-,-,0.0,-,-,-,-,114.5,1602816800,1602816800,0.127016,深A,2025-09-01 08:55:30,2025-09-01
127015,希望转债,-,-,-,-,-,-,0.0,-,-,-,-,111.59,1059420619,1059420619,0.127015,深A,2025-09-01 08:54:51,2025-09-01
123258,胜蓝转02,-,-,-,-,-,-,0.0,-,-,-,-,100.0,450000000,450000000,0.123258,深A,2025-09-01 08:00:00,2025-09-01
123257,安克转债,-,-,-,-,-,-,0.0,-,-,-,-,172.532,1906168042,1906168042,0.123257,深A,2025-09-01 08:55:21,2025-09-01
123256,恒帅转债,-,-,-,-,-,-,0.0,-,-,-,-,201.289,659402635,659402635,0.123256,深A,2025-09-01 08:54:48,2025-09-01
123255,鼎龙转债,-,-,-,-,-,-,0.0,-,-,-,-,151.068,1374718800,1374718800,0.123255,深A,2025-09-01 08:55:06,2025-09-01
123254,亿纬转债,-,-,-,-,-,-,0.0,-,-,-,-,136.901,6845050000,6845050000,0.123254,深A,2025-09-01 08:55:18,2025-09-01
123253,永贵转债,-,-,-,-,-,-,0.0,-,-,-,-,134.125,1314425000,1314425000,0.123253,深A,2025-09-01 08:54:42,2025-09-01
123252,银邦转债,-,-,-,-,-,-,0.0,-,-,-,-,125.039,981491380,981491380,0.123252,深A,2025-09-01 08:55:39,2025-09-01
123251,华医转债,-,-,-,-,-,-,0.0,-,-,-,-,172.9,1212741002,1212741002,0.123251,深A,2025-09-01 08:54:45,2025-09-01
123250,嘉益转债,-,-,-,-,-,-,0.0,-,-,-,-,122.786,485648467,485648467,0.123250,深A,2025-09-01 08:55:03,2025-09-01
123249,英搏转债,-,-,-,-,-,-,0.0,-,-,-,-,200.037,1386119985,1386119985,0.123249,深A,2025-09-01 08:54:42,2025-09-01
123247,万凯转债,-,-,-,-,-,-,0.0,-,-,-,-,155.796,4028601323,4028601323,0.123247,深A,2025-09-01 08:55:39,2025-09-01
123246,远信转债,-,-,-,-,-,-,0.0,-,-,-,-,161.921,374888891,374888891,0.123246,深A,2025-09-01 08:55:36,2025-09-01
123245,集智转债,-,-,-,-,-,-,0.0,-,-,-,-,244.99,377105267,377105267,0.123245,深A,2025-09-01 08:55:00,2025-09-01
123244,松原转债,-,-,-,-,-,-,0.0,-,-,-,-,151.056,610694937,610694937,0.123244,深A,2025-09-01 08:55:27,2025-09-01
123243,严牌转债,-,-,-,-,-,-,0.0,-,-,-,-,145.2,469214236,469214236,0.123243,深A,2025-09-01 08:55:36,2025-09-01
123242,赛龙转债,-,-,-,-,-,-,0.0,-,-,-,-,151.63,378343385,378343385,0.123242,深A,2025-09-01 08:54:57,2025-09-01
123241,欧通转债,-,-,-,-,-,-,0.0,-,-,-,-,603.0,1613442879,1613442879,0.123241,深A,2025-09-01 08:55:33,2025-09-01
123240,楚天转债,-,-,-,-,-,-,0.0,-,-,-,-,127.757,1277540744,1277540744,0.123240,深A,2025-09-01 08:55:24,2025-09-01
123239,锋工转债,-,-,-,-,-,-,0.0,-,-,-,-,165.647,725380140,725380140,0.123239,深A,2025-09-01 08:55:21,2025-09-01
123237,佳禾转债,-,-,-,-,-,-,0.0,-,-,-,-,159.001,686199344,686199344,0.123237,深A,2025-09-01 08:55:15,2025-09-01
123236,家联转债,-,-,-,-,-,-,0.0,-,-,-,-,142.262,1037422731,1037422731,0.123236,深A,2025-09-01 08:55:33,2025-09-01
123235,亿田转债,-,-,-,-,-,-,0.0,-,-,-,-,263.797,1187927485,1187927485,0.123235,深A,2025-09-01 08:55:12,2025-09-01
123234,中能转债,-,-,-,-,-,-,0.0,-,-,-,-,124.45,497591795,497591795,0.123234,深A,2025-09-01 08:54:54,2025-09-01
123233,凯盛转债,-,-,-,-,-,-,0.0,-,-,-,-,135.104,877974695,877974695,0.123233,深A,2025-09-01 08:55:30,2025-09-01
123232,金现转债,-,-,-,-,-,-,0.0,-,-,-,-,127.166,228658838,228658838,0.123232,深A,2025-09-01 08:55:09,2025-09-01
123231,信测转债,-,-,-,-,-,-,0.0,-,-,-,-,134.268,101078830,101078830,0.123231,深A,2025-09-01 08:54:51,2025-09-01
123230,金钟转债,-,-,-,-,-,-,0.0,-,-,-,-,131.1,458608776,458608776,0.123230,深A,2025-09-01 08:55:06,2025-09-01
123229,艾录转债,-,-,-,-,-,-,0.0,-,-,-,-,129.942,231229710,231229710,0.123229,深A,2025-09-01 08:55:27,2025-09-01
123225,翔丰转债,-,-,-,-,-,-,0.0,-,-,-,-,133.963,768257845,768257845,0.123225,深A,2025-09-01 08:55:03,2025-09-01
123224,宇邦转债,-,-,-,-,-,-,0.0,-,-,-,-,128.0,364604032,364604032,0.123224,深A,2025-09-01 08:55:30,2025-09-01
123223,九典转02,-,-,-,-,-,-,0.0,-,-,-,-,142.35,292215795,292215795,0.123223,深A,2025-09-01 08:55:00,2025-09-01
123222,博俊转债,-,-,-,-,-,-,0.0,-,-,-,-,201.5,491863314,491863314,0.123222,深A,2025-09-01 08:55:24,2025-09-01
123221,力诺转债,-,-,-,-,-,-,0.0,-,-,-,-,148.5,602366045,602366045,0.123221,深A,2025-09-01 08:54:48,2025-09-01
123220,易瑞转债,-,-,-,-,-,-,0.0,-,-,-,-,149.769,435576777,435576777,0.123220,深A,2025-09-01 08:55:21,2025-09-01
123217,富仕转债,-,-,-,-,-,-,0.0,-,-,-,-,141.899,808603505,808603505,0.123217,深A,2025-09-01 08:55:18,2025-09-01
123216,科顺转债,-,-,-,-,-,-,0.0,-,-,-,-,120.22,2642233390,2642233390,0.123216,深A,2025-09-01 08:54:57,2025-09-01
123215,铭利转债,-,-,-,-,-,-,0.0,-,-,-,-,140.6,1202897957,1202897957,0.123215,深A,2025-09-01 08:54:45,2025-09-01
123214,东宝转债,-,-,-,-,-,-,0.0,-,-,-,-,121.378,552229845,552229845,0.123214,深A,2025-09-01 08:55:15,2025-09-01
123213,天源转债,-,-,-,-,-,-,0.0,-,-,-,-,212.2,693547053,693547053,0.123213,深A,2025-09-01 08:54:54,2025-09-01
123212,立中转债,-,-,-,-,-,-,0.0,-,-,-,-,132.708,1194016873,1194016873,0.123212,深A,2025-09-01 08:55:27,2025-09-01
123211,阳谷转债,-,-,-,-,-,-,0.0,-,-,-,-,185.277,569118325,569118325,0.123211,深A,2025-09-01 08:54:42,2025-09-01
123210,信服转债,-,-,-,-,-,-,0.0,-,-,-,-,150.3,1825526666,1825526666,0.123210,深A,2025-09-01 08:55:12,2025-09-01
123209,聚隆转债,-,-,-,-,-,-,0.0,-,-,-,-,211.0,353386176,353386176,0.123209,深A,2025-09-01 08:55:39,2025-09-01
123207,冠中转债,-,-,-,-,-,-,0.0,-,-,-,-,124.8,498870154,498870154,0.123207,深A,2025-09-01 08:55:24,2025-09-01
123206,开能转债,-,-,-,-,-,-,0.0,-,-,-,-,124.657,5148833,5148833,0.123206,深A,2025-09-01 08:55:21,2025-09-01
123203,明电转02,-,-,-,-,-,-,0.0,-,-,-,-,164.414,241994719,241994719,0.123203,深A,2025-09-01 08:55:18,2025-09-01
123201,纽泰转债,-,-,-,-,-,-,0.0,-,-,-,-,156.2,482842004,482842004,0.123201,深A,2025-09-01 08:54:51,2025-09-01
123200,海泰转债,-,-,-,-,-,-,0.0,-,-,-,-,162.42,148390973,148390973,0.123200,深A,2025-09-01 08:54:48,2025-09-01
123199,山河转债,-,-,-,-,-,-,0.0,-,-,-,-,129.029,412648032,412648032,0.123199,深A,2025-09-01 08:55:09,2025-09-01
123198,金埔转债,-,-,-,-,-,-,0.0,-,-,-,-,128.0,417152256,417152256,0.123198,深A,2025-09-01 08:55:18,2025-09-01
123197,光力转债,-,-,-,-,-,-,0.0,-,-,-,-,126.137,503971428,503971428,0.123197,深A,2025-09-01 08:55:36,2025-09-01
123196,正元转02,-,-,-,-,-,-,0.0,-,-,-,-,130.333,456370123,456370123,0.123196,深A,2025-09-01 08:54:45,2025-09-01
123195,蓝晓转02,-,-,-,-,-,-,0.0,-,-,-,-,129.951,709484378,709484378,0.123195,深A,2025-09-01 08:54:42,2025-09-01
123194,百洋转债,-,-,-,-,-,-,0.0,-,-,-,-,129.816,1098147037,1098147037,0.123194,深A,2025-09-01 08:55:15,2025-09-01
123193,海能转债,-,-,-,-,-,-,0.0,-,-,-,-,130.217,780971770,780971770,0.123193,深A,2025-09-01 08:55:06,2025-09-01
123192,科思转债,-,-,-,-,-,-,0.0,-,-,-,-,122.069,877282071,877282071,0.123192,深A,2025-09-01 08:55:33,2025-09-01
123189,晓鸣转债,-,-,-,-,-,-,0.0,-,-,-,-,139.093,457207176,457207176,0.123189,深A,2025-09-01 08:55:39,2025-09-01
123188,水羊转债,-,-,-,-,-,-,0.0,-,-,-,-,183.6,1234373278,1234373278,0.123188,深A,2025-09-01 08:55:03,2025-09-01
123187,超达转债,-,-,-,-,-,-,0.0,-,-,-,-,152.372,416613389,416613389,0.123187,深A,2025-09-01 08:55:36,2025-09-01
123185,能辉转债,-,-,-,-,-,-,0.0,-,-,-,-,127.445,443350058,443350058,0.123185,深A,2025-09-01 08:55:15,2025-09-01
123183,海顺转债,-,-,-,-,-,-,0.0,-,-,-,-,122.556,775636825,775636825,0.123183,深A,2025-09-01 08:55:12,2025-09-01
123182,广联转债,-,-,-,-,-,-,0.0,-,-,-,-,124.658,872042172,872042172,0.123182,深A,2025-09-01 08:55:33,2025-09-01
123180,浙矿转债,-,-,-,-,-,-,0.0,-,-,-,-,119.35,381817717,381817717,0.123180,深A,2025-09-01 08:55:30,2025-09-01
123179,立高转债,-,-,-,-,-,-,0.0,-,-,-,-,118.336,1124132950,1124132950,0.123179,深A,2025-09-01 08:55:27,2025-09-01
123178,花园转债,-,-,-,-,-,-,0.0,-,-,-,-,132.23,1555018585,1555018585,0.123178,深A,2025-09-01 08:55:12,2025-09-01
123177,测绘转债,-,-,-,-,-,-,0.0,-,-,-,-,158.5,205888330,205888330,0.123177,深A,2025-09-01 08:55:09,2025-09-01
123176,精测转2,-,-,-,-,-,-,0.0,-,-,-,-,142.8,1821411001,1821411001,0.123176,深A,2025-09-01 08:55:06,2025-09-01
123175,百畅转债,-,-,-,-,-,-,0.0,-,-,-,-,116.147,487786389,487786389,0.123175,深A,2025-09-01 08:55:30,2025-09-01
123173,恒锋转债,-,-,-,-,-,-,0.0,-,-,-,-,140.818,339056793,339056793,0.123173,深A,2025-09-01 08:55:24,2025-09-01
123172,漱玉转债,-,-,-,-,-,-,0.0,-,-,-,-,119.497,955745490,955745490,0.123172,深A,2025-09-01 08:55:03,2025-09-01
123171,共同转债,-,-,-,-,-,-,0.0,-,-,-,-,121.98,463389822,463389822,0.123171,深A,2025-09-01 08:55:09,2025-09-01
123169,正海转债,-,-,-,-,-,-,0.0,-,-,-,-,150.48,800841920,800841920,0.123169,深A,2025-09-01 08:55:27,2025-09-01
123168,惠云转债,-,-,-,-,-,-,0.0,-,-,-,-,125.15,613126745,613126745,0.123168,深A,2025-09-01 08:55:21,2025-09-01
123166,蒙泰转债,-,-,-,-,-,-,0.0,-,-,-,-,138.02,413974152,413974152,0.123166,深A,2025-09-01 08:55:24,2025-09-01
123165,回天转债,-,-,-,-,-,-,0.0,-,-,-,-,119.953,1019306255,1019306255,0.123165,深A,2025-09-01 08:55:18,2025-09-01
123162,东杰转债,-,-,-,-,-,-,0.0,-,-,-,-,250.65,308223302,308223302,0.123162,深A,2025-09-01 08:55:15,2025-09-01
123161,强联转债,-,-,-,-,-,-,0.0,-,-,-,-,164.65,1145830140,1145830140,0.123161,深A,2025-09-01 08:55:21,2025-09-01
123160,泰福转债,-,-,-,-,-,-,0.0,-,-,-,-,155.0,359089120,359089120,0.123160,深A,2025-09-01 08:55:06,2025-09-01
123159,崧盛转债,-,-,-,-,-,-,0.0,-,-,-,-,144.2,424425879,424425879,0.123159,深A,2025-09-01 08:55:00,2025-09-01
123158,宙邦转债,-,-,-,-,-,-,0.0,-,-,-,-,139.27,2742782823,2742782823,0.123158,深A,2025-09-01 08:55:12,2025-09-01
123157,科蓝转债,-,-,-,-,-,-,0.0,-,-,-,-,147.089,344284750,344284750,0.123157,深A,2025-09-01 08:55:09,2025-09-01
123155,中陆转债,-,-,-,-,-,-,0.0,-,-,-,-,140.216,504734133,504734133,0.123155,深A,2025-09-01 08:55:06,2025-09-01
123154,火星转债,-,-,-,-,-,-,0.0,-,-,-,-,117.276,620257518,620257518,0.123154,深A,2025-09-01 08:55:03,2025-09-01
123151,康医转债,-,-,-,-,-,-,0.0,-,-,-,-,118.596,829957816,829957816,0.123151,深A,2025-09-01 08:55:18,2025-09-01
123150,九强转债,-,-,-,-,-,-,0.0,-,-,-,-,121.09,1357445661,1357445661,0.123150,深A,2025-09-01 08:55:15,2025-09-01
123149,通裕转债,-,-,-,-,-,-,0.0,-,-,-,-,127.5,1892255168,1892255168,0.123149,深A,2025-09-01 08:54:57,2025-09-01
123147,中辰转债,-,-,-,-,-,-,0.0,-,-,-,-,136.093,635110647,635110647,0.123147,深A,2025-09-01 08:54:54,2025-09-01
123146,中环转2,-,-,-,-,-,-,0.0,-,-,-,-,127.609,1096464637,1096464637,0.123146,深A,2025-09-01 08:55:03,2025-09-01
123145,药石转债,-,-,-,-,-,-,0.0,-,-,-,-,131.63,579139619,579139619,0.123145,深A,2025-09-01 08:55:12,2025-09-01
123144,裕兴转债,-,-,-,-,-,-,0.0,-,-,-,-,114.398,686083244,686083244,0.123144,深A,2025-09-01 08:55:00,2025-09-01
123142,申昊转债,-,-,-,-,-,-,0.0,-,-,-,-,121.416,667148138,667148138,0.123142,深A,2025-09-01 08:55:09,2025-09-01
123138,丝路转债,-,-,-,-,-,-,0.0,-,-,-,-,126.77,303448081,303448081,0.123138,深A,2025-09-01 08:55:00,2025-09-01
123133,佩蒂转债,-,-,-,-,-,-,0.0,-,-,-,-,130.9,942183642,942183642,0.123133,深A,2025-09-01 08:55:06,2025-09-01
123131,奥飞转债,-,-,-,-,-,-,0.0,-,-,-,-,291.3,921341118,921341118,0.123131,深A,2025-09-01 08:54:57,2025-09-01
123130,设研转债,-,-,-,-,-,-,0.0,-,-,-,-,114.6,259703311,259703311,0.123130,深A,2025-09-01 08:55:00,2025-09-01
123129,锦鸡转债,-,-,-,-,-,-,0.0,-,-,-,-,137.0,265424074,265424074,0.123129,深A,2025-09-01 08:54:54,2025-09-01
123128,首华转债,-,-,-,-,-,-,0.0,-,-,-,-,121.472,1628112417,1628112417,0.123128,深A,2025-09-01 08:54:51,2025-09-01
123126,瑞丰转债,-,-,-,-,-,-,0.0,-,-,-,-,129.13,438869224,438869224,0.123126,深A,2025-09-01 08:54:57,2025-09-01
123124,晶瑞转2,-,-,-,-,-,-,0.0,-,-,-,-,120.96,632086883,632086883,0.123124,深A,2025-09-01 08:55:03,2025-09-01
123122,富瀚转债,-,-,-,-,-,-,0.0,-,-,-,-,118.54,687854784,687854784,0.123122,深A,2025-09-01 08:54:48,2025-09-01
123121,帝尔转债,-,-,-,-,-,-,0.0,-,-,-,-,132.893,1102564051,1102564051,0.123121,深A,2025-09-01 08:54:54,2025-09-01
123119,康泰转2,-,-,-,-,-,-,0.0,-,-,-,-,135.138,2701404836,2701404836,0.123119,深A,2025-09-01 08:54:42,2025-09-01
123118,惠城转债,-,-,-,-,-,-,0.0,-,-,-,-,2080.0,2575780480,2575780480,0.123118,深A,2025-09-01 08:54:51,2025-09-01
123117,健帆转债,-,-,-,-,-,-,0.0,-,-,-,-,118.22,1182003282,1182003282,0.123117,深A,2025-09-01 08:55:00,2025-09-01
123114,三角转债,-,-,-,-,-,-,0.0,-,-,-,-,124.74,1123051434,1123051434,0.123114,深A,2025-09-01 08:54:51,2025-09-01
123113,仙乐转债,-,-,-,-,-,-,0.0,-,-,-,-,123.11,1261655163,1261655163,0.123113,深A,2025-09-01 08:54:48,2025-09-01
123112,万讯转债,-,-,-,-,-,-,0.0,-,-,-,-,134.7,305037579,305037579,0.123112,深A,2025-09-01 08:54:48,2025-09-01
123109,昌红转债,-,-,-,-,-,-,0.0,-,-,-,-,121.83,559837967,559837967,0.123109,深A,2025-09-01 08:55:39,2025-09-01
123108,乐普转2,-,-,-,-,-,-,0.0,-,-,-,-,123.234,2018152446,2018152446,0.123108,深A,2025-09-01 08:54:45,2025-09-01
123107,温氏转债,-,-,-,-,-,-,0.0,-,-,-,-,128.395,9894617001,9894617001,0.123107,深A,2025-09-01 08:54:45,2025-09-01
123104,卫宁转债,-,-,-,-,-,-,0.0,-,-,-,-,124.422,1206792867,1206792867,0.123104,深A,2025-09-01 08:54:42,2025-09-01
123092,天壕转债,-,-,-,-,-,-,0.0,-,-,-,-,130.9,448044651,448044651,0.123092,深A,2025-09-01 08:55:39,2025-09-01
123091,长海转债,-,-,-,-,-,-,0.0,-,-,-,-,132.93,730765261,730765261,0.123091,深A,2025-09-01 08:54:57,2025-09-01
123090,三诺转债,-,-,-,-,-,-,0.0,-,-,-,-,119.847,597293958,597293958,0.123090,深A,2025-09-01 08:54:54,2025-09-01
123089,九洲转2,-,-,-,-,-,-,0.0,-,-,-,-,146.97,254121565,254121565,0.123089,深A,2025-09-01 08:55:36,2025-09-01
123088,威唐转债,-,-,-,-,-,-,0.0,-,-,-,-,131.166,394083656,394083656,0.123088,深A,2025-09-01 08:54:42,2025-09-01
123087,明电转债,-,-,-,-,-,-,0.0,-,-,-,-,150.952,61203186,61203186,0.123087,深A,2025-09-01 08:54:54,2025-09-01
123085,万顺转2,-,-,-,-,-,-,0.0,-,-,-,-,134.1,719390044,719390044,0.123085,深A,2025-09-01 08:54:51,2025-09-01
123080,海波转债,-,-,-,-,-,-,0.0,-,-,-,-,171.45,254836422,254836422,0.123080,深A,2025-09-01 08:54:48,2025-09-01
123076,强力转债,-,-,-,-,-,-,0.0,-,-,-,-,133.999,780622564,780622564,0.123076,深A,2025-09-01 08:54:51,2025-09-01
123072,乐歌转债,-,-,-,-,-,-,0.0,-,-,-,-,129.73,183968556,183968556,0.123072,深A,2025-09-01 08:54:48,2025-09-01
123071,天能转债,-,-,-,-,-,-,0.0,-,-,-,-,120.551,836350892,836350892,0.123071,深A,2025-09-01 08:55:39,2025-09-01
123065,宝莱转债,-,-,-,-,-,-,0.0,-,-,-,-,127.92,279842525,279842525,0.123065,深A,2025-09-01 08:54:45,2025-09-01
123064,万孚转债,-,-,-,-,-,-,0.0,-,-,-,-,120.79,721948543,721948543,0.123064,深A,2025-09-01 08:55:36,2025-09-01
123061,航新转债,-,-,-,-,-,-,0.0,-,-,-,-,138.798,232552857,232552857,0.123061,深A,2025-09-01 08:54:42,2025-09-01
123059,银信转债,-,-,-,-,-,-,0.0,-,-,-,-,167.345,262608149,262608149,0.123059,深A,2025-09-01 08:54:45,2025-09-01
123056,雪榕转债,-,-,-,-,-,-,0.0,-,-,-,-,152.7,258683115,258683115,0.123056,深A,2025-09-01 08:55:39,2025-09-01
123054,思特转债,-,-,-,-,-,-,0.0,-,-,-,-,154.269,257224274,257224274,0.123054,深A,2025-09-01 08:54:42,2025-09-01
123049,维尔转债,-,-,-,-,-,-,0.0,-,-,-,-,123.8,1135164292,1135164292,0.123049,深A,2025-09-01 08:55:39,2025-09-01
123039,开润转债,-,-,-,-,-,-,0.0,-,-,-,-,117.3,259966008,259966008,0.123039,深A,2025-09-01 08:55:36,2025-09-01
123034,通光转债,-,-,-,-,-,-,0.0,-,-,-,-,198.095,152798795,152798795,0.123034,深A,2025-09-01 08:55:36,2025-09-01
118058,微导转债,-,-,-,-,-,-,0.0,-,-,-,-,187.546,2194288200,2194288200,1.118058,沪A,2025-09-01 08:30:32,2025-09-01
118057,甬矽转债,-,-,-,-,-,-,0.0,-,-,-,-,167.896,1955988400,1955988400,1.118057,沪A,2025-09-01 08:30:21,2025-09-01
118056,路维转债,-,-,-,-,-,-,0.0,-,-,-,-,170.513,1048654950,1048654950,1.118056,沪A,2025-09-01 08:30:24,2025-09-01
118055,伟测转债,-,-,-,-,-,-,0.0,-,-,-,-,160.844,1889917000,1889917000,1.118055,沪A,2025-09-01 08:30:24,2025-09-01
118054,安集转债,-,-,-,-,-,-,0.0,-,-,-,-,171.465,1424016825,1424016825,1.118054,沪A,2025-09-01 08:30:13,2025-09-01
118053,正帆转债,-,-,-,-,-,-,0.0,-,-,-,-,141.478,1472920384,1472920384,1.118053,沪A,2025-09-01 08:30:23,2025-09-01
118052,浩瀚转债,-,-,-,-,-,-,0.0,-,-,-,-,136.249,482716582,482716582,1.118052,沪A,2025-09-01 08:30:11,2025-09-01
118051,皓元转债,-,-,-,-,-,-,0.0,-,-,-,-,177.201,1456457902,1456457902,1.118051,沪A,2025-09-01 08:30:05,2025-09-01
118050,航宇转债,-,-,-,-,-,-,0.0,-,-,-,-,171.296,1142277098,1142277098,1.118050,沪A,2025-09-01 08:30:13,2025-09-01
118049,汇成转债,-,-,-,-,-,-,0.0,-,-,-,-,187.64,2155272444,2155272444,1.118049,沪A,2025-09-01 08:30:06,2025-09-01
118048,利扬转债,-,-,-,-,-,-,0.0,-,-,-,-,171.477,832757473,832757473,1.118048,沪A,2025-09-01 08:30:17,2025-09-01
118045,盟升转债,-,-,-,-,-,-,0.0,-,-,-,-,229.215,284015722,284015722,1.118045,沪A,2025-09-01 08:30:18,2025-09-01
118044,赛特转债,-,-,-,-,-,-,0.0,-,-,-,-,142.274,628818357,628818357,1.118044,沪A,2025-09-01 08:30:22,2025-09-01
118043,福立转债,-,-,-,-,-,-,0.0,-,-,-,-,203.032,869236841,869236841,1.118043,沪A,2025-09-01 08:30:28,2025-09-01
118042,奥维转债,-,-,-,-,-,-,0.0,-,-,-,-,117.547,1339977027,1339977027,1.118042,沪A,2025-09-01 08:30:23,2025-09-01
118041,星球转债,-,-,-,-,-,-,0.0,-,-,-,-,130.997,811965255,811965255,1.118041,沪A,2025-09-01 08:30:30,2025-09-01
118040,宏微转债,-,-,-,-,-,-,0.0,-,-,-,-,131.314,564602927,564602927,1.118040,沪A,2025-09-01 08:30:29,2025-09-01
118039,煜邦转债,-,-,-,-,-,-,0.0,-,-,-,-,130.648,536191150,536191150,1.118039,沪A,2025-09-01 08:30:30,2025-09-01
118038,金宏转债,-,-,-,-,-,-,0.0,-,-,-,-,127.382,1294057178,1294057178,1.118038,沪A,2025-09-01 08:30:14,2025-09-01
118037,上声转债,-,-,-,-,-,-,0.0,-,-,-,-,128.589,601760515,601760515,1.118037,沪A,2025-09-01 08:30:09,2025-09-01
118036,力合转债,-,-,-,-,-,-,0.0,-,-,-,-,130.956,497589585,497589585,1.118036,沪A,2025-09-01 08:30:14,2025-09-01
118035,国力转债,-,-,-,-,-,-,0.0,-,-,-,-,136.812,656672974,656672974,1.118035,沪A,2025-09-01 08:30:26,2025-09-01
118034,晶能转债,-,-,-,-,-,-,0.0,-,-,-,-,114.761,11475965730,11475965730,1.118034,沪A,2025-09-01 08:30:23,2025-09-01
118033,华特转债,-,-,-,-,-,-,0.0,-,-,-,-,122.7,792462858,792462858,1.118033,沪A,2025-09-01 08:30:25,2025-09-01
118032,建龙转债,-,-,-,-,-,-,0.0,-,-,-,-,118.421,828814368,828814368,1.118032,沪A,2025-09-01 08:30:24,2025-09-01
118031,天23转债,-,-,-,-,-,-,0.0,-,-,-,-,122.426,10852440527,10852440527,1.118031,沪A,2025-09-01 08:30:25,2025-09-01
118030,睿创转债,-,-,-,-,-,-,0.0,-,-,-,-,214.947,3158506449,3158506449,1.118030,沪A,2025-09-01 08:30:16,2025-09-01
118029,富淼转债,-,-,-,-,-,-,0.0,-,-,-,-,140.06,630260196,630260196,1.118029,沪A,2025-09-01 08:30:09,2025-09-01
118027,宏图转债,-,-,-,-,-,-,0.0,-,-,-,-,123.553,1246339652,1246339652,1.118027,沪A,2025-09-01 08:30:21,2025-09-01
118025,奕瑞转债,-,-,-,-,-,-,0.0,-,-,-,-,134.632,1914110265,1914110265,1.118025,沪A,2025-09-01 08:30:23,2025-09-01
118024,冠宇转债,-,-,-,-,-,-,0.0,-,-,-,-,127.391,3935058308,3935058308,1.118024,沪A,2025-09-01 08:30:25,2025-09-01
118022,锂科转债,-,-,-,-,-,-,0.0,-,-,-,-,113.545,3689982004,3689982004,1.118022,沪A,2025-09-01 08:30:13,2025-09-01
118021,新致转债,-,-,-,-,-,-,0.0,-,-,-,-,269.204,536074001,536074001,1.118021,沪A,2025-09-01 08:30:19,2025-09-01
118020,芳源转债,-,-,-,-,-,-,0.0,-,-,-,-,117.997,757254007,757254007,1.118020,沪A,2025-09-01 08:30:10,2025-09-01
118018,瑞科转债,-,-,-,-,-,-,0.0,-,-,-,-,117.229,504076494,504076494,1.118018,沪A,2025-09-01 08:30:08,2025-09-01
118016,京源转债,-,-,-,-,-,-,0.0,-,-,-,-,153.079,256484324,256484324,1.118016,沪A,2025-09-01 08:30:26,2025-09-01
118015,芯海转债,-,-,-,-,-,-,0.0,-,-,-,-,124.014,508426397,508426397,1.118015,沪A,2025-09-01 08:30:21,2025-09-01
118014,高测转债,-,-,-,-,-,-,0.0,-,-,-,-,149.789,81635754,81635754,1.118014,沪A,2025-09-01 08:30:22,2025-09-01
118013,道通转债,-,-,-,-,-,-,0.0,-,-,-,-,208.732,2671107920,2671107920,1.118013,沪A,2025-09-01 08:30:25,2025-09-01
118012,微芯转债,-,-,-,-,-,-,0.0,-,-,-,-,165.043,825000444,825000444,1.118012,沪A,2025-09-01 08:30:22,2025-09-01
118011,银微转债,-,-,-,-,-,-,0.0,-,-,-,-,124.764,623494366,623494366,1.118011,沪A,2025-09-01 08:30:16,2025-09-01
118010,洁特转债,-,-,-,-,-,-,0.0,-,-,-,-,116.189,511165372,511165372,1.118010,沪A,2025-09-01 08:30:13,2025-09-01
118009,华锐转债,-,-,-,-,-,-,0.0,-,-,-,-,137.581,550004812,550004812,1.118009,沪A,2025-09-01 08:30:13,2025-09-01
118008,海优转债,-,-,-,-,-,-,0.0,-,-,-,-,127.47,884352571,884352571,1.118008,沪A,2025-09-01 08:30:10,2025-09-01
118007,山石转债,-,-,-,-,-,-,0.0,-,-,-,-,140.703,375962637,375962637,1.118007,沪A,2025-09-01 08:30:18,2025-09-01
118006,阿拉转债,-,-,-,-,-,-,0.0,-,-,-,-,129.61,501571259,501571259,1.118006,沪A,2025-09-01 08:30:14,2025-09-01
118005,天奈转债,-,-,-,-,-,-,0.0,-,-,-,-,117.831,977926601,977926601,1.118005,沪A,2025-09-01 08:30:20,2025-09-01
118004,博瑞转债,-,-,-,-,-,-,0.0,-,-,-,-,277.614,1246914108,1246914108,1.118004,沪A,2025-09-01 08:30:25,2025-09-01
118003,华兴转债,-,-,-,-,-,-,0.0,-,-,-,-,134.392,955380633,955380633,1.118003,沪A,2025-09-01 08:30:12,2025-09-01
118000,嘉元转债,-,-,-,-,-,-,0.0,-,-,-,-,127.606,1248424369,1248424369,1.118000,沪A,2025-09-01 08:30:18,2025-09-01
113698,凯众转债,-,-,-,-,-,-,0.0,-,-,-,-,100.0,308447000,308447000,1.113698,沪A,2025-09-01 08:00:00,2025-09-01
113696,伯25转债,-,-,-,-,-,-,0.0,-,-,-,-,135.652,3800969040,3800969040,1.113696,沪A,2025-09-01 08:30:17,2025-09-01
113695,华辰转债,-,-,-,-,-,-,0.0,-,-,-,-,145.359,668651400,668651400,1.113695,沪A,2025-09-01 08:30:21,2025-09-01
113694,清源转债,-,-,-,-,-,-,0.0,-,-,-,-,129.919,649595000,649595000,1.113694,沪A,2025-09-01 08:30:10,2025-09-01
113693,志邦转债,-,-,-,-,-,-,0.0,-,-,-,-,124.988,837419600,837419600,1.113693,沪A,2025-09-01 08:30:17,2025-09-01
113692,保隆转债,-,-,-,-,-,-,0.0,-,-,-,-,129.849,1804755799,1804755799,1.113692,沪A,2025-09-01 08:30:12,2025-09-01
113691,和邦转债,-,-,-,-,-,-,0.0,-,-,-,-,121.6,5593270464,5593270464,1.113691,沪A,2025-09-01 08:30:30,2025-09-01
113690,豪24转债,-,-,-,-,-,-,0.0,-,-,-,-,264.743,1014609280,1014609280,1.113690,沪A,2025-09-01 08:30:28,2025-09-01
113689,洛凯转债,-,-,-,-,-,-,0.0,-,-,-,-,138.353,557977649,557977649,1.113689,沪A,2025-09-01 08:30:21,2025-09-01
113688,国检转债,-,-,-,-,-,-,0.0,-,-,-,-,131.564,1052239663,1052239663,1.113688,沪A,2025-09-01 08:30:19,2025-09-01
113687,振华转债,-,-,-,-,-,-,0.0,-,-,-,-,268.03,1088113350,1088113350,1.113687,沪A,2025-09-01 08:30:24,2025-09-01
113686,泰瑞转债,-,-,-,-,-,-,0.0,-,-,-,-,137.406,462409664,462409664,1.113686,沪A,2025-09-01 08:30:32,2025-09-01
113685,升24转债,-,-,-,-,-,-,0.0,-,-,-,-,131.493,3341066452,3341066452,1.113685,沪A,2025-09-01 08:30:17,2025-09-01
113683,伟24转债,-,-,-,-,-,-,0.0,-,-,-,-,136.499,388674078,388674078,1.113683,沪A,2025-09-01 08:30:11,2025-09-01
113682,益丰转债,-,-,-,-,-,-,0.0,-,-,-,-,121.425,2182316884,2182316884,1.113682,沪A,2025-09-01 08:30:20,2025-09-01
113681,镇洋转债,-,-,-,-,-,-,0.0,-,-,-,-,145.217,843031154,843031154,1.113681,沪A,2025-09-01 08:30:26,2025-09-01
113680,丽岛转债,-,-,-,-,-,-,0.0,-,-,-,-,126.015,377902603,377902603,1.113680,沪A,2025-09-01 08:30:23,2025-09-01
113679,芯能转债,-,-,-,-,-,-,0.0,-,-,-,-,117.823,1036734003,1036734003,1.113679,沪A,2025-09-01 08:30:19,2025-09-01
113678,中贝转债,-,-,-,-,-,-,0.0,-,-,-,-,137.17,700934585,700934585,1.113678,沪A,2025-09-01 08:30:06,2025-09-01
113677,华懋转债,-,-,-,-,-,-,0.0,-,-,-,-,192.034,2016263095,2016263095,1.113677,沪A,2025-09-01 08:30:16,2025-09-01
113676,荣23转债,-,-,-,-,-,-,0.0,-,-,-,-,128.864,742019530,742019530,1.113676,沪A,2025-09-01 08:30:07,2025-09-01
113675,新23转债,-,-,-,-,-,-,0.0,-,-,-,-,130.132,1509377774,1509377774,1.113675,沪A,2025-09-01 08:30:24,2025-09-01
113674,华设转债,-,-,-,-,-,-,0.0,-,-,-,-,128.694,514615133,514615133,1.113674,沪A,2025-09-01 08:30:05,2025-09-01
113673,岱美转债,-,-,-,-,-,-,0.0,-,-,-,-,121.435,1102521723,1102521723,1.113673,沪A,2025-09-01 08:30:29,2025-09-01
113672,福蓉转债,-,-,-,-,-,-,0.0,-,-,-,-,144.303,567732736,567732736,1.113672,沪A,2025-09-01 08:30:25,2025-09-01
113671,武进转债,-,-,-,-,-,-,0.0,-,-,-,-,120.84,374535121,374535121,1.113671,沪A,2025-09-01 08:30:12,2025-09-01
113670,金23转债,-,-,-,-,-,-,0.0,-,-,-,-,118.262,910607939,910607939,1.113670,沪A,2025-09-01 08:30:19,2025-09-01
113669,景23转债,-,-,-,-,-,-,0.0,-,-,-,-,266.042,2532674879,2532674879,1.113669,沪A,2025-09-01 08:30:25,2025-09-01
113668,鹿山转债,-,-,-,-,-,-,0.0,-,-,-,-,139.768,356261644,356261644,1.113668,沪A,2025-09-01 08:30:12,2025-09-01
113667,春23转债,-,-,-,-,-,-,0.0,-,-,-,-,150.981,860538857,860538857,1.113667,沪A,2025-09-01 08:30:05,2025-09-01
113666,爱玛转债,-,-,-,-,-,-,0.0,-,-,-,-,127.164,2542642908,2542642908,1.113666,沪A,2025-09-01 08:30:03,2025-09-01
113665,汇通转债,-,-,-,-,-,-,0.0,-,-,-,-,123.339,443581313,443581313,1.113665,沪A,2025-09-01 08:30:15,2025-09-01
113664,大元转债,-,-,-,-,-,-,0.0,-,-,-,-,263.961,891705923,891705923,1.113664,沪A,2025-09-01 08:30:05,2025-09-01
113663,新化转债,-,-,-,-,-,-,0.0,-,-,-,-,165.107,828989204,828989204,1.113663,沪A,2025-09-01 08:30:29,2025-09-01
113661,福22转债,-,-,-,-,-,-,0.0,-,-,-,-,127.241,3855241976,3855241976,1.113661,沪A,2025-09-01 08:30:18,2025-09-01
113660,寿22转债,-,-,-,-,-,-,0.0,-,-,-,-,119.914,476884787,476884787,1.113660,沪A,2025-09-01 08:30:11,2025-09-01
113659,莱克转债,-,-,-,-,-,-,0.0,-,-,-,-,120.021,1440079170,1440079170,1.113659,沪A,2025-09-01 08:30:26,2025-09-01
113658,密卫转债,-,-,-,-,-,-,0.0,-,-,-,-,134.243,1170956046,1170956046,1.113658,沪A,2025-09-01 08:30:11,2025-09-01
113657,再22转债,-,-,-,-,-,-,0.0,-,-,-,-,139.055,668362852,668362852,1.113657,沪A,2025-09-01 08:30:18,2025-09-01
113656,XD嘉诚转,-,-,-,-,-,-,0.0,-,-,-,-,130.337,1042530733,1042530733,1.113656,沪A,2025-09-01 08:30:23,2025-09-01
113655,欧22转债,-,-,-,-,-,-,0.0,-,-,-,-,128.894,2577769280,2577769280,1.113655,沪A,2025-09-01 08:30:09,2025-09-01
113654,永02转债,-,-,-,-,-,-,0.0,-,-,-,-,133.975,817803496,817803496,1.113654,沪A,2025-09-01 08:30:06,2025-09-01
113653,永22转债,-,-,-,-,-,-,0.0,-,-,-,-,122.303,941686625,941686625,1.113653,沪A,2025-09-01 08:30:15,2025-09-01
113652,伟22转债,-,-,-,-,-,-,0.0,-,-,-,-,122.769,1813075918,1813075918,1.113652,沪A,2025-09-01 08:30:19,2025-09-01
113651,松霖转债,-,-,-,-,-,-,0.0,-,-,-,-,212.884,506402286,506402286,1.113651,沪A,2025-09-01 08:30:26,2025-09-01
113650,博22转债,-,-,-,-,-,-,0.0,-,-,-,-,118.313,946052281,946052281,1.113650,沪A,2025-09-01 08:30:19,2025-09-01
113649,丰山转债,-,-,-,-,-,-,0.0,-,-,-,-,131.178,602179168,602179168,1.113649,沪A,2025-09-01 08:30:07,2025-09-01
113648,巨星转债,-,-,-,-,-,-,0.0,-,-,-,-,122.52,1102360223,1102360223,1.113648,沪A,2025-09-01 08:30:19,2025-09-01
113647,禾丰转债,-,-,-,-,-,-,0.0,-,-,-,-,119.71,1756108590,1756108590,1.113647,沪A,2025-09-01 08:30:09,2025-09-01
113646,永吉转债,-,-,-,-,-,-,0.0,-,-,-,-,138.213,189937833,189937833,1.113646,沪A,2025-09-01 08:30:16,2025-09-01
113644,艾迪转债,-,-,-,-,-,-,0.0,-,-,-,-,124.262,1242546685,1242546685,1.113644,沪A,2025-09-01 08:30:16,2025-09-01
113643,风语转债,-,-,-,-,-,-,0.0,-,-,-,-,126.136,630401239,630401239,1.113643,沪A,2025-09-01 08:30:19,2025-09-01
113641,华友转债,-,-,-,-,-,-,0.0,-,-,-,-,138.829,8362961780,8362961780,1.113641,沪A,2025-09-01 08:30:25,2025-09-01
113640,苏利转债,-,-,-,-,-,-,0.0,-,-,-,-,133.752,1217416054,1217416054,1.113640,沪A,2025-09-01 08:30:15,2025-09-01
113639,华正转债,-,-,-,-,-,-,0.0,-,-,-,-,139.296,793309107,793309107,1.113639,沪A,2025-09-01 08:30:26,2025-09-01
113638,台21转债,-,-,-,-,-,-,0.0,-,-,-,-,119.871,718921528,718921528,1.113638,沪A,2025-09-01 08:30:28,2025-09-01
113636,甬金转债,-,-,-,-,-,-,0.0,-,-,-,-,119.183,1191249579,1191249579,1.113636,沪A,2025-09-01 08:30:04,2025-09-01
113634,珀莱转债,-,-,-,-,-,-,0.0,-,-,-,-,128.63,965678277,965678277,1.113634,沪A,2025-09-01 08:30:19,2025-09-01
113633,科沃转债,-,-,-,-,-,-,0.0,-,-,-,-,121.612,1264241382,1264241382,1.113633,沪A,2025-09-01 08:30:31,2025-09-01
113632,鹤21转债,-,-,-,-,-,-,0.0,-,-,-,-,131.856,2702831756,2702831756,1.113632,沪A,2025-09-01 08:30:13,2025-09-01
113631,皖天转债,-,-,-,-,-,-,0.0,-,-,-,-,133.916,1124789946,1124789946,1.113631,沪A,2025-09-01 08:30:05,2025-09-01
113628,晨丰转债,-,-,-,-,-,-,0.0,-,-,-,-,148.065,588220935,588220935,1.113628,沪A,2025-09-01 08:30:31,2025-09-01
113627,太平转债,-,-,-,-,-,-,0.0,-,-,-,-,116.216,929438622,929438622,1.113627,沪A,2025-09-01 08:30:05,2025-09-01
113625,江山转债,-,-,-,-,-,-,0.0,-,-,-,-,121.564,708154063,708154063,1.113625,沪A,2025-09-01 08:30:13,2025-09-01
113624,正川转债,-,-,-,-,-,-,0.0,-,-,-,-,121.725,492779318,492779318,1.113624,沪A,2025-09-01 08:30:21,2025-09-01
113623,凤21转债,-,-,-,-,-,-,0.0,-,-,-,-,126.42,3160392543,3160392543,1.113623,沪A,2025-09-01 08:30:30,2025-09-01
113621,彤程转债,-,-,-,-,-,-,0.0,-,-,-,-,142.864,766183489,766183489,1.113621,沪A,2025-09-01 08:30:23,2025-09-01
113618,美诺转债,-,-,-,-,-,-,0.0,-,-,-,-,135.207,644134396,644134396,1.113618,沪A,2025-09-01 08:30:32,2025-09-01
113616,韦尔转债,-,-,-,-,-,-,0.0,-,-,-,-,126.763,3083425551,3083425551,1.113616,沪A,2025-09-01 08:30:06,2025-09-01
113615,金诚转债,-,-,-,-,-,-,0.0,-,-,-,-,589.706,2924552554,2924552554,1.113615,沪A,2025-09-01 08:30:26,2025-09-01
113610,灵康转债,-,-,-,-,-,-,0.0,-,-,-,-,131.395,332388618,332388618,1.113610,沪A,2025-09-01 08:30:05,2025-09-01
113606,荣泰转债,-,-,-,-,-,-,0.0,-,-,-,-,159.484,109335851,109335851,1.113606,沪A,2025-09-01 08:30:29,2025-09-01
113605,大参转债,-,-,-,-,-,-,0.0,-,-,-,-,122.65,1722788507,1722788507,1.113605,沪A,2025-09-01 08:30:28,2025-09-01
113601,塞力转债,-,-,-,-,-,-,0.0,-,-,-,-,293.21,551364106,551364106,1.113601,沪A,2025-09-01 08:30:07,2025-09-01
113597,佳力转债,-,-,-,-,-,-,0.0,-,-,-,-,137.589,409072735,409072735,1.113597,沪A,2025-09-01 08:30:15,2025-09-01
113593,沪工转债,-,-,-,-,-,-,0.0,-,-,-,-,130.37,520976772,520976772,1.113593,沪A,2025-09-01 08:30:16,2025-09-01
113589,天创转债,-,-,-,-,-,-,0.0,-,-,-,-,213.959,142503113,142503113,1.113589,沪A,2025-09-01 08:30:29,2025-09-01
113588,润达转债,-,-,-,-,-,-,0.0,-,-,-,-,168.034,393749031,393749031,1.113588,沪A,2025-09-01 08:30:06,2025-09-01
113584,家悦转债,-,-,-,-,-,-,0.0,-,-,-,-,119.842,772837090,772837090,1.113584,沪A,2025-09-01 08:30:06,2025-09-01
113579,健友转债,-,-,-,-,-,-,0.0,-,-,-,-,111.75,561503520,561503520,1.113579,沪A,2025-09-01 08:30:26,2025-09-01
113577,春秋转债,-,-,-,-,-,-,0.0,-,-,-,-,140.687,249688474,249688474,1.113577,沪A,2025-09-01 08:30:20,2025-09-01
113575,东时转债,-,-,-,-,-,-,0.0,-,-,-,-,182.543,178171095,178171095,1.113575,沪A,2025-09-01 08:30:21,2025-09-01
113574,华体转债,-,-,-,-,-,-,0.0,-,-,-,-,135.677,281870324,281870324,1.113574,沪A,2025-09-01 08:30:16,2025-09-01
113569,科达转债,-,-,-,-,-,-,0.0,-,-,-,-,134.699,365458592,365458592,1.113569,沪A,2025-09-01 08:30:22,2025-09-01
113565,宏辉转债,-,-,-,-,-,-,0.0,-,-,-,-,147.653,180337468,180337468,1.113565,沪A,2025-09-01 08:30:08,2025-09-01
113563,柳药转债,-,-,-,-,-,-,0.0,-,-,-,-,111.268,892233613,892233613,1.113563,沪A,2025-09-01 08:30:12,2025-09-01
113545,金能转债,-,-,-,-,-,-,0.0,-,-,-,-,112.414,1074800371,1074800371,1.113545,沪A,2025-09-01 08:30:25,2025-09-01
113070,渝水转债,-,-,-,-,-,-,0.0,-,-,-,-,124.714,2369438792,2369438792,1.113070,沪A,2025-09-01 08:30:03,2025-09-01
113069,博23转债,-,-,-,-,-,-,0.0,-,-,-,-,185.53,2620728134,2620728134,1.113069,沪A,2025-09-01 08:30:06,2025-09-01
113067,燃23转债,-,-,-,-,-,-,0.0,-,-,-,-,124.337,3730005557,3730005557,1.113067,沪A,2025-09-01 08:30:23,2025-09-01
113066,平煤转债,-,-,-,-,-,-,0.0,-,-,-,-,134.031,1913399750,1913399750,1.113066,沪A,2025-09-01 08:30:13,2025-09-01
113064,东材转债,-,-,-,-,-,-,0.0,-,-,-,-,171.54,204122994,204122994,1.113064,沪A,2025-09-01 08:30:08,2025-09-01
113062,常银转债,-,-,-,-,-,-,0.0,-,-,-,-,129.652,7778469147,7778469147,1.113062,沪A,2025-09-01 08:30:30,2025-09-01
113059,福莱转债,-,-,-,-,-,-,0.0,-,-,-,-,117.244,4689627514,4689627514,1.113059,沪A,2025-09-01 08:30:18,2025-09-01
113058,友发转债,-,-,-,-,-,-,0.0,-,-,-,-,134.725,2637720957,2637720957,1.113058,沪A,2025-09-01 08:30:26,2025-09-01
113056,重银转债,-,-,-,-,-,-,0.0,-,-,-,-,123.688,16078383704,16078383704,1.113056,沪A,2025-09-01 08:30:30,2025-09-01
113054,绿动转债,-,-,-,-,-,-,0.0,-,-,-,-,118.12,2787477263,2787477263,1.113054,沪A,2025-09-01 08:30:22,2025-09-01
113053,隆22转债,-,-,-,-,-,-,0.0,-,-,-,-,127.302,8904492290,8904492290,1.113053,沪A,2025-09-01 08:30:32,2025-09-01
113052,兴业转债,-,-,-,-,-,-,0.0,-,-,-,-,124.698,51565362366,51565362366,1.113052,沪A,2025-09-01 08:30:28,2025-09-01
113051,节能转债,-,-,-,-,-,-,0.0,-,-,-,-,121.568,3645376950,3645376950,1.113051,沪A,2025-09-01 08:30:13,2025-09-01
113049,长汽转债,-,-,-,-,-,-,0.0,-,-,-,-,118.205,4131382955,4131382955,1.113049,沪A,2025-09-01 08:30:31,2025-09-01
113048,晶科转债,-,-,-,-,-,-,0.0,-,-,-,-,124.131,2849697711,2849697711,1.113048,沪A,2025-09-01 08:30:13,2025-09-01
113047,旗滨转债,-,-,-,-,-,-,0.0,-,-,-,-,134.264,2011387502,2011387502,1.113047,沪A,2025-09-01 08:30:04,2025-09-01
113046,金田转债,-,-,-,-,-,-,0.0,-,-,-,-,134.564,2017457498,2017457498,1.113046,沪A,2025-09-01 08:30:24,2025-09-01
113045,环旭转债,-,-,-,-,-,-,0.0,-,-,-,-,127.8,4408869960,4408869960,1.113045,沪A,2025-09-01 08:30:08,2025-09-01
113043,财通转债,-,-,-,-,-,-,0.0,-,-,-,-,135.164,5135448049,5135448049,1.113043,沪A,2025-09-01 08:30:11,2025-09-01
113042,上银转债,-,-,-,-,-,-,0.0,-,-,-,-,126.031,25178279470,25178279470,1.113042,沪A,2025-09-01 08:30:22,2025-09-01
113039,嘉泽转债,-,-,-,-,-,-,0.0,-,-,-,-,138.088,397204608,397204608,1.113039,沪A,2025-09-01 08:30:08,2025-09-01
113037,紫银转债,-,-,-,-,-,-,0.0,-,-,-,-,112.718,5071823058,5071823058,1.113037,沪A,2025-09-01 08:30:08,2025-09-01
113033,利群转债,-,-,-,-,-,-,0.0,-,-,-,-,113.13,1466904670,1466904670,1.113033,沪A,2025-09-01 08:30:25,2025-09-01
113030,东风转债,-,-,-,-,-,-,0.0,-,-,-,-,152.336,290555023,290555023,1.113030,沪A,2025-09-01 08:30:11,2025-09-01
111023,利柏转债,-,-,-,-,-,-,0.0,-,-,-,-,134.023,1005172500,1005172500,1.111023,沪A,2025-09-01 08:30:15,2025-09-01
111022,锡振转债,-,-,-,-,-,-,0.0,-,-,-,-,147.035,764582000,764582000,1.111022,沪A,2025-09-01 08:30:12,2025-09-01
111021,奥锐转债,-,-,-,-,-,-,0.0,-,-,-,-,126.809,1029831106,1029831106,1.111021,沪A,2025-09-01 08:30:12,2025-09-01
111020,合顺转债,-,-,-,-,-,-,0.0,-,-,-,-,139.244,470619656,470619656,1.111020,沪A,2025-09-01 08:30:09,2025-09-01
111019,宏柏转债,-,-,-,-,-,-,0.0,-,-,-,-,130.887,942906938,942906938,1.111019,沪A,2025-09-01 08:30:31,2025-09-01
111018,华康转债,-,-,-,-,-,-,0.0,-,-,-,-,138.527,1803924914,1803924914,1.111018,沪A,2025-09-01 08:30:08,2025-09-01
111017,蓝天转债,-,-,-,-,-,-,0.0,-,-,-,-,134.405,902577961,902577961,1.111017,沪A,2025-09-01 08:30:05,2025-09-01
111016,神通转债,-,-,-,-,-,-,0.0,-,-,-,-,143.798,789743937,789743937,1.111016,沪A,2025-09-01 08:30:32,2025-09-01
111015,东亚转债,-,-,-,-,-,-,0.0,-,-,-,-,120.676,803970061,803970061,1.111015,沪A,2025-09-01 08:30:32,2025-09-01
111014,李子转债,-,-,-,-,-,-,0.0,-,-,-,-,120.621,723651215,723651215,1.111014,沪A,2025-09-01 08:30:18,2025-09-01
111013,新港转债,-,-,-,-,-,-,0.0,-,-,-,-,130.419,480122029,480122029,1.111013,沪A,2025-09-01 08:30:22,2025-09-01
111012,福新转债,-,-,-,-,-,-,0.0,-,-,-,-,378.994,386490501,386490501,1.111012,沪A,2025-09-01 08:30:03,2025-09-01
111010,立昂转债,-,-,-,-,-,-,0.0,-,-,-,-,119.652,4055762600,4055762600,1.111010,沪A,2025-09-01 08:30:28,2025-09-01
111009,盛泰转债,-,-,-,-,-,-,0.0,-,-,-,-,121.902,854619570,854619570,1.111009,沪A,2025-09-01 08:30:20,2025-09-01
111007,永和转债,-,-,-,-,-,-,0.0,-,-,-,-,153.367,664435995,664435995,1.111007,沪A,2025-09-01 08:30:11,2025-09-01
111005,富春转债,-,-,-,-,-,-,0.0,-,-,-,-,137.307,727459351,727459351,1.111005,沪A,2025-09-01 08:30:14,2025-09-01
111004,明新转债,-,-,-,-,-,-,0.0,-,-,-,-,128.805,866730133,866730133,1.111004,沪A,2025-09-01 08:30:32,2025-09-01
111003,聚合转债,-,-,-,-,-,-,0.0,-,-,-,-,137.035,278962150,278962150,1.111003,沪A,2025-09-01 08:30:26,2025-09-01
111002,特纸转债,-,-,-,-,-,-,0.0,-,-,-,-,122.93,813693339,813693339,1.111002,沪A,2025-09-01 08:30:08,2025-09-01
111001,山玻转债,-,-,-,-,-,-,0.0,-,-,-,-,125.993,755717353,755717353,1.111001,沪A,2025-09-01 08:30:22,2025-09-01
111000,起帆转债,-,-,-,-,-,-,0.0,-,-,-,-,127.186,1270897202,1270897202,1.111000,沪A,2025-09-01 08:30:03,2025-09-01
110098,南药转债,-,-,-,-,-,-,0.0,-,-,-,-,130.75,1413967110,1413967110,1.110098,沪A,2025-09-01 08:30:23,2025-09-01
110097,天润转债,-,-,-,-,-,-,0.0,-,-,-,-,161.039,1592680702,1592680702,1.110097,沪A,2025-09-01 08:30:04,2025-09-01
110096,豫光转债,-,-,-,-,-,-,0.0,-,-,-,-,175.27,1244227708,1244227708,1.110096,沪A,2025-09-01 08:30:22,2025-09-01
110095,双良转债,-,-,-,-,-,-,0.0,-,-,-,-,121.656,3135693132,3135693132,1.110095,沪A,2025-09-01 08:30:32,2025-09-01
110094,众和转债,-,-,-,-,-,-,0.0,-,-,-,-,133.11,1323504743,1323504743,1.110094,沪A,2025-09-01 08:30:22,2025-09-01
110093,神马转债,-,-,-,-,-,-,0.0,-,-,-,-,134.627,4038361692,4038361692,1.110093,沪A,2025-09-01 08:30:32,2025-09-01
110092,三房转债,-,-,-,-,-,-,0.0,-,-,-,-,101.7,2541597921,2541597921,1.110092,沪A,2025-09-01 08:30:30,2025-09-01
110090,爱迪转债,-,-,-,-,-,-,0.0,-,-,-,-,134.708,2114565359,2114565359,1.110090,沪A,2025-09-01 08:30:08,2025-09-01
110089,兴发转债,-,-,-,-,-,-,0.0,-,-,-,-,130.098,3642429163,3642429163,1.110089,沪A,2025-09-01 08:30:29,2025-09-01
110087,天业转债,-,-,-,-,-,-,0.0,-,-,-,-,123.717,3711433295,3711433295,1.110087,沪A,2025-09-01 08:30:25,2025-09-01
110086,精工转债,-,-,-,-,-,-,0.0,-,-,-,-,117.068,2341267516,2341267516,1.110086,沪A,2025-09-01 08:30:19,2025-09-01
110085,通22转债,-,-,-,-,-,-,0.0,-,-,-,-,120.981,14497316917,14497316917,1.110085,沪A,2025-09-01 08:30:14,2025-09-01
110084,贵燃转债,-,-,-,-,-,-,0.0,-,-,-,-,123.054,1126064693,1126064693,1.110084,沪A,2025-09-01 08:30:11,2025-09-01
110082,宏发转债,-,-,-,-,-,-,0.0,-,-,-,-,134.137,2682035781,2682035781,1.110082,沪A,2025-09-01 08:30:13,2025-09-01
110081,闻泰转债,-,-,-,-,-,-,0.0,-,-,-,-,123.15,10587606107,10587606107,1.110081,沪A,2025-09-01 08:30:11,2025-09-01
110077,洪城转债,-,-,-,-,-,-,0.0,-,-,-,-,202.395,1352951880,1352951880,1.110077,沪A,2025-09-01 08:30:07,2025-09-01
110076,华海转债,-,-,-,-,-,-,0.0,-,-,-,-,125.433,2310996407,2310996407,1.110076,沪A,2025-09-01 08:30:24,2025-09-01
110075,南航转债,-,-,-,-,-,-,0.0,-,-,-,-,124.205,7323428618,7323428618,1.110075,沪A,2025-09-01 08:30:06,2025-09-01
110074,精达转债,-,-,-,-,-,-,0.0,-,-,-,-,312.548,844176521,844176521,1.110074,沪A,2025-09-01 08:30:22,2025-09-01
110073,国投转债,-,-,-,-,-,-,0.0,-,-,-,-,123.587,9885918162,9885918162,1.110073,沪A,2025-09-01 08:30:14,2025-09-01
110070,凌钢转债,-,-,-,-,-,-,0.0,-,-,-,-,126.293,274057073,274057073,1.110070,沪A,2025-09-01 08:30:30,2025-09-01
110067,华安转债,-,-,-,-,-,-,0.0,-,-,-,-,135.01,3779167518,3779167518,1.110067,沪A,2025-09-01 08:30:04,2025-09-01
110064,建工转债,-,-,-,-,-,-,0.0,-,-,-,-,115.61,1461875733,1461875733,1.110064,沪A,2025-09-01 08:30:25,2025-09-01
110063,鹰19转债,-,-,-,-,-,-,0.0,-,-,-,-,119.245,1520172226,1520172226,1.110063,沪A,2025-09-01 08:30:10,2025-09-01
110062,烽火转债,-,-,-,-,-,-,0.0,-,-,-,-,130.23,4020637673,4020637673,1.110062,沪A,2025-09-01 08:30:31,2025-09-01
110060,天路转债,-,-,-,-,-,-,0.0,-,-,-,-,385.416,463470063,463470063,1.110060,沪A,2025-09-01 08:30:31,2025-09-01
110059,浦发转债,-,-,-,-,-,-,0.0,-,-,-,-,113.591,39820446420,39820446420,1.110059,沪A,2025-09-01 08:30:28,2025-09-01
