日期,收盘价,纯债价值,转股价值,纯债溢价率,转股溢价率
2021-03-04,,87.6936519011,94.9135802469,14.03333974,5.3590010406
2021-03-05,,87.8457664704,101.5802469136,13.83587852,-1.5556635877
2021-03-08,,87.932285855,97.6790123457,13.72387176,2.3761375126
2021-03-09,,87.9975013384,96.0987654321,13.63959031,4.0596094553
2021-03-10,,88.0792055232,92.8888888889,13.53417575,7.6555023923
2021-03-11,,88.0848809312,94.3703703704,13.52686062,5.9654631083
2021-03-12,,88.1805734983,95.7530864198,13.40366254,4.4352759154
2021-03-15,,88.1729738578,92.987654321,13.41343682,7.541157727
2021-03-16,,88.1248117523,92.7407407407,13.4754197,7.8274760383
2021-03-17,,88.0290447323,93.5308641975,13.5988699,6.9165786695
2021-03-18,,88.1290628767,91.6543209877,13.46994594,9.1056034483
2021-03-19,,88.1781431168,88.8395061728,13.4067882,12.5625347415
2021-03-22,,88.1811873329,89.3333333333,13.40287313,11.9402985075
2021-03-23,,88.1111223951,87.0617283951,13.49304978,14.8610323313
2021-03-24,,88.2305031993,85.4814814815,13.33948734,16.9844020797
2021-03-25,,88.2179426958,86.3703703704,13.35562465,15.7804459691
2021-03-26,,88.2617339147,87.4074074074,13.29938306,14.406779661
2021-03-29,,88.2787513417,86.6172839506,13.27754242,15.4503990878
2021-03-30,,88.2961428612,91.2098765432,13.25523036,9.6372495939
2021-03-31,,88.3151037408,95.5555555556,13.23091494,4.6511627907
2021-04-01,,88.3737938178,97.5308641975,13.15571696,2.5316455696
2021-04-02,118.48,88.402492206,98.4197530864,34.02337088,20.3823381836
2021-04-06,118.45,88.3655266037,98.4197530864,34.04548646,20.3518564977
2021-04-07,117.33,88.4336043576,98.5185185185,32.67580899,19.0943609023
2021-04-08,117.54,88.4511157783,97.7777777778,32.88696131,20.2113636364
2021-04-09,117.4,88.4044538844,96.7901234568,32.79873902,21.2933673469
2021-04-12,116.6,88.4613935528,93.037037037,31.80891157,25.326433121
2021-04-13,116.03,88.5865866178,92.7407407407,30.97919722,25.1122204473
2021-04-14,116.5,88.5746864172,93.1358024691,31.52742021,25.0861611877
2021-04-15,115.85,88.6048532163,91.9012345679,30.74904567,26.0592423428
2021-04-16,115.89,88.5797294988,92.3456790123,30.83128686,25.495855615
2021-04-19,116.8,88.6191139281,94.3209876543,31.80000885,23.832460733
2021-04-20,116.5,88.5860972538,91.8024691358,31.51047807,26.9029047875
2021-04-21,116.36,88.6134424721,91.3580246914,31.31190568,27.367027027
2021-04-22,116.82,88.6582897035,93.6296296296,31.7643284,24.7681962025
2021-04-23,116.87,88.7112017798,94.1728395062,31.74209982,24.1015993707
2021-04-26,116.46,88.7601006418,94.5185185185,31.20760247,23.2139498433
2021-04-27,116.05,88.6972004634,94.8148148148,30.83840233,22.396484375
2021-04-28,111.8,88.7301709704,85.3333333333,25.99998262,31.015625
2021-04-29,111.12,88.7179516825,80.0,25.25086287,38.9
2021-04-30,110.12,88.7170018206,80.0,24.12502422,37.65
2021-05-06,111.0,88.8072479991,79.9012345679,24.98979813,38.9215080346
2021-05-07,110.5,88.8424814238,77.9259259259,24.37743547,41.8013307985
2021-05-10,110.5,88.8771004686,76.3950617284,24.32898848,44.6428571429
2021-05-11,110.35,88.9221504552,76.8395061728,24.0973137,43.6110218509
2021-05-12,109.9,88.9754718763,76.0987654321,23.51718702,44.4175859831
2021-05-13,109.3,88.98887669,75.5555555556,22.82433947,44.6617647059
2021-05-14,109.89,89.0899219049,76.5925925926,23.34728514,43.4734042553
2021-05-17,111.0,89.1131745232,76.7901234568,24.56070676,44.5498392283
2021-05-18,109.91,89.1087246582,76.3950617284,23.34370223,43.8705559147
2021-05-19,111.44,89.1295048647,78.1234567901,25.03154838,42.6460176991
2021-05-20,112.06,89.1386812934,78.1234567901,25.71422235,43.4396333755
2021-05-21,111.21,89.1705618954,76.049382716,24.71604713,46.2339285714
2021-05-24,111.17,89.270599473,77.4814814815,24.53148142,43.4794455067
2021-05-25,110.95,89.2723629999,78.4691358025,24.28258452,41.3931718062
2021-05-26,111.64,89.3266180548,79.8518518519,24.97954409,39.8089053803
2021-05-27,112.86,89.3398178913,80.7901234568,26.32665105,39.6952933985
2021-05-28,112.9,89.326293344,80.7901234568,26.39055733,39.744804401
2021-05-31,113.35,89.3219435954,81.3827160494,26.9005078,39.2801881068
2021-06-01,113.36,89.3378049283,81.7777777778,26.88917093,38.6195652174
2021-06-02,113.11,89.4008098745,79.8024691358,26.52010665,41.7374690594
2021-06-03,113.5,89.4293502547,80.253164557,26.91582761,41.427444795
2021-06-04,113.5,89.4226309855,79.746835443,26.92536414,42.3253968254
2021-06-07,114.5,89.5148212267,82.6329113924,27.91177867,38.5646446078
2021-06-08,114.22,89.4762340279,81.7215189873,27.65400918,39.7673482032
2021-06-09,114.02,89.4426108731,80.6075949367,27.47838965,41.4506909548
2021-06-10,114.02,89.392086804,80.5063291139,27.55043995,41.6286163522
2021-06-11,113.7,89.4704907936,77.2151898734,27.08100625,47.2508196721
2021-06-15,113.32,89.5339930631,78.2278481013,26.56645384,44.8588996764
2021-06-16,111.95,89.6437906269,77.3164556962,24.8831617,44.7945317616
2021-06-17,111.8,89.6905568053,78.9367088608,24.65080381,41.632456703
2021-06-18,111.84,89.6418673225,78.2278481013,24.7631306,42.9669902913
2021-06-21,113.73,89.6689804266,80.9620253165,26.83315842,40.4732645403
2021-06-22,113.79,89.6502345902,79.2911392405,26.92660596,43.5090996169
2021-06-23,115.63,89.68354412,85.0126582278,28.93112235,36.0150387135
2021-06-24,116.0,89.7159463238,85.2151898734,29.29696977,36.1259655377
2021-06-25,116.65,89.8001370583,84.7088607595,29.89957902,37.7069635386
2021-06-28,116.74,89.8811232371,85.9746835443,29.88266701,35.7841578327
2021-06-29,116.5,89.9471757879,84.4050632911,29.52046463,38.024895021
2021-06-30,116.5,89.9650928677,85.1139240506,29.49466986,36.8753718025
2021-07-01,116.35,90.0908788518,82.1265822785,29.14736928,41.6715474723
2021-07-02,113.73,90.1934761513,81.417721519,26.09559455,39.6870335821
2021-07-05,114.51,90.251689827,83.1898734177,26.87851077,37.6489653074
2021-07-06,113.96,90.2936112064,81.9746835443,26.21047987,39.0185299568
2021-07-07,114.07,90.3265669843,81.4683544304,26.28621214,40.0175574891
2021-07-08,116.08,90.678068094,84.0,28.01331396,38.1904761905
2021-07-09,115.65,90.6167595877,82.5316455696,27.62539791,40.1280674847
2021-07-12,116.05,90.858853907,81.8227848101,27.72558205,41.8309096535
2021-07-13,115.15,91.0364503217,76.7594936709,26.48779647,50.0140171504
2021-07-14,113.21,91.1137805696,75.2911392405,24.25123762,50.3629791527
2021-07-15,112.42,91.1149314556,73.9746835443,23.38263137,51.9709103354
2021-07-16,112.34,91.1362985298,74.0253164557,23.26592347,51.7588919289
2021-07-19,112.71,91.2005239542,74.3291139241,23.58481631,51.6364100817
2021-07-20,112.8,91.2736632442,74.6329113924,23.58439005,51.1397557666
2021-07-21,113.0,91.269800028,73.5696202532,23.8087516,53.5960082588
2021-07-22,113.0,91.3721542132,72.9113924051,23.67006226,54.9826388889
2021-07-23,112.66,91.529191076,71.1392405063,23.08641503,58.365480427
2021-07-26,110.51,91.6438064584,70.835443038,20.58643598,56.0094710508
2021-07-27,109.92,91.666671633,71.1392405063,19.91272078,54.5138790036
2021-07-28,108.5,91.6780474744,69.4683544304,18.34894284,56.1862244898
2021-07-29,110.02,91.7143535661,69.9240506329,19.95941281,57.3421433744
2021-07-30,109.68,91.7669511064,69.4683544304,19.5201526,57.8848396501
2021-08-02,112.23,91.8848273462,73.6708860759,22.1420372,52.3396907216
2021-08-03,111.76,91.9235041187,73.0632911392,21.5793513,52.9632709633
2021-08-04,113.27,91.9084106907,74.4810126582,23.24225732,52.0790278722
2021-08-05,114.0,91.9072406252,73.1139240506,24.0381054,55.9210526316
2021-08-06,113.83,91.9039415588,71.2911392405,23.85758224,59.6692116477
2021-08-09,114.0,91.8642070134,72.3544303797,24.09621082,57.5577326802
2021-08-10,113.5,91.8579085469,73.164556962,23.56040084,55.1297577855
2021-08-11,113.35,91.8346067249,73.3670886076,23.42841554,54.4970669427
2021-08-12,112.53,91.8285839455,72.8607594937,22.54354272,54.4452744962
2021-08-13,112.55,91.803440961,70.582278481,22.59889044,59.4592898135
2021-08-16,112.15,91.7949048874,70.7848101266,22.17453696,58.4379470672
2021-08-17,111.75,91.7887419061,69.2151898734,21.74695685,61.4529992685
2021-08-18,111.1,91.8190668866,69.417721519,20.99883365,60.0455871627
2021-08-19,111.38,91.9478110989,69.9746835443,21.13393312,59.1718523878
2021-08-20,111.2,92.017649121,70.4810126582,20.84638226,57.7729885057
2021-08-23,112.78,91.951938976,72.1012658228,22.65102972,56.4188904494
2021-08-24,112.5,91.9558330895,72.1518987342,22.34134173,55.9210526316
2021-08-25,112.44,91.9839093018,73.164556962,22.23877073,53.6809688581
2021-08-26,112.16,91.9367824545,72.4556962025,21.99687329,54.7980433263
2021-08-27,112.5,91.9331727037,70.1772151899,22.37149735,60.3084415584
2021-08-30,112.21,91.9009468479,69.3670886076,22.09885083,61.7625912409
2021-08-31,112.01,91.8718076441,70.1265822785,21.91988258,59.7254512635
2021-09-01,112.9,91.8856131684,74.3797468354,22.87016009,51.7886317223
2021-09-02,113.0,91.9444371997,73.3670886076,22.9003118,54.0200138026
2021-09-03,112.98,91.8829124855,74.835443038,22.9608389,50.9712449256
2021-09-06,114.48,91.8821507302,77.3164556962,24.59438432,48.0667976424
2021-09-07,115.01,91.9567804025,77.2658227848,25.06962455,48.8497706422
2021-09-08,118.3,91.9529080391,77.8734177215,28.65280993,51.9131989597
2021-09-09,116.36,91.9373211638,76.6582278481,26.5644882,51.7906208719
2021-09-10,116.89,92.0034756699,75.5443037975,27.04954802,54.7303954424
2021-09-13,115.38,92.0130238077,74.1772151899,25.39529213,55.5464163823
2021-09-14,114.99,91.9806616768,74.1265822785,25.01540857,55.1265368852
2021-09-15,114.22,91.9582575868,72.5063291139,24.20853004,57.531075419
2021-09-16,113.41,91.9844426962,72.1518987342,23.29258805,57.1822807018
2021-09-17,114.86,91.9383308296,72.8607594937,24.93156985,57.6431549687
2021-09-22,113.38,91.895210635,72.4050632911,23.3796617,56.5912587413
2021-09-23,114.94,91.9303046737,73.8227848101,25.02949969,55.6971879287
2021-09-24,114.0,91.9315491131,72.6582278481,24.00530732,56.8989547038
2021-09-27,113.3,91.874616616,73.2151898734,23.32024249,54.7493084371
2021-09-28,113.71,91.7991542682,73.164556962,23.86824357,55.4167820069
2021-09-29,113.07,91.8214349327,69.9746835443,23.14118167,61.5870115774
2021-09-30,113.81,91.9326600951,70.1772151899,23.79713573,62.1751443001
2021-10-08,112.81,91.9937780179,71.3417721519,22.62785857,58.1261533002
2021-10-11,112.97,92.0057722872,73.164556962,22.7857744,54.4053633218
2021-10-12,112.75,91.8374257437,72.6075949367,22.7712984,55.2867852162
2021-10-13,112.01,91.8794177049,72.8607594937,21.90978437,53.7315844336
2021-10-14,112.17,91.7644414457,71.6962025316,22.23689071,56.4518008475
2021-10-15,111.97,91.7747115126,70.9873417722,22.00528681,57.7323466476
2021-10-18,111.94,91.7324337967,70.2784810127,22.02881289,59.2806195965
2021-10-19,112.39,91.7128749411,70.3291139241,22.54549873,59.8057955364
2021-10-20,111.81,91.767859007,69.5696202532,21.84004423,60.7167030568
2021-10-21,111.5,91.8927080759,68.1012658228,21.33715758,63.7267657993
2021-10-22,111.53,91.9405902895,67.7974683544,21.30659554,64.5046676624
2021-10-25,111.6,91.976741275,67.2911392405,21.3350228,65.8465011287
2021-10-26,111.6,92.0967937658,68.4050632911,21.17685691,63.1458179127
2021-10-27,112.3,92.1893056568,67.0379746835,21.8145632,67.5169939577
2021-10-28,112.06,92.209124355,70.0253164557,21.52810341,60.0278380333
2021-10-29,112.0,92.342460421,70.2784810127,21.28764979,59.3659942363
2021-11-01,112.88,92.4326990543,71.3924050633,22.12128517,58.1120567376
2021-11-02,112.72,92.5885286771,71.1898734177,21.74294333,58.3371266003
2021-11-03,112.86,92.6104057687,70.7848101266,21.86535526,59.4409871245
2021-11-04,113.83,92.6644659575,72.8101265823,22.84104681,56.3381432545
2021-11-05,114.5,92.8669591409,73.9240506329,23.29465836,54.8886986301
2021-11-08,114.1,92.8847981243,73.7721518987,22.84033804,54.6654083734
2021-11-09,115.0,92.8953502398,74.3291139241,23.79521656,54.7173024523
2021-11-10,114.98,92.8929843523,73.7215189873,23.77683934,55.9653159341
2021-11-11,116.05,92.7884563394,74.4810126582,25.06943706,55.8115227736
2021-11-12,117.0,92.7140444788,75.3417721519,26.19447319,55.2923387097
2021-11-15,117.22,92.7950217944,75.0886075949,26.32143162,56.1089008766
2021-11-16,117.2,92.7906275439,75.0379746835,26.30585987,56.1875843455
2021-11-17,117.15,92.7914327362,74.0253164557,26.25087958,58.2566689466
2021-11-18,116.55,92.7959637253,72.9113924051,25.59813522,59.8515625
2021-11-19,117.98,92.7817548896,75.9493670886,27.15862094,55.3403333333
2021-11-22,119.42,92.8089996395,77.3670886076,28.67286628,54.355039267
2021-11-23,119.07,92.8646331728,77.417721519,28.218888,53.8019947678
2021-11-24,119.11,92.9647422948,77.1139240506,28.1238425,54.4597833224
2021-11-25,118.4,92.9866823093,79.2911392405,27.33006175,49.3231162197
2021-11-26,117.72,93.0500781552,75.3924050633,26.51252136,56.1430490262
2021-11-29,117.81,93.1534024607,76.1518987342,26.46881047,54.703956117
2021-11-30,118.47,93.220273147,77.8734177215,27.08608975,52.1315019506
2021-12-01,125.39,93.2245847717,85.6708860759,34.50314668,46.3624408983
2021-12-02,124.32,93.3120684494,85.9240506329,33.23035494,44.6859163229
2021-12-03,124.81,93.3657753016,82.6835443038,33.67853434,50.9490202082
2021-12-06,121.1,93.4410783261,80.3544303797,29.60038793,50.7073093888
2021-12-07,119.59,93.5024140852,79.0379746835,27.90044104,51.3070147341
2021-12-08,121.34,93.474220821,81.0632911392,29.81119172,49.6855090568
2021-12-09,123.08,93.4555967348,82.9367088608,31.69890761,48.4023199023
2021-12-10,122.9,93.4683727708,80.7088607595,31.4883274,52.2757214555
2021-12-13,121.83,93.4478901812,81.5189873418,30.37212479,49.4498447205
2021-12-14,120.73,93.5146924652,82.3797468354,29.10270763,46.5530116779
2021-12-15,120.68,93.458714336,80.4556962025,29.12653556,49.9955947137
2021-12-16,120.0,93.4464675092,81.3164556962,28.41576915,47.5716064757
2021-12-17,120.08,93.5483448536,79.2405063291,28.36143727,51.538658147
2021-12-20,116.88,93.6376963002,76.3544303797,24.82152447,53.075596817
2021-12-21,118.71,93.58637914,77.0632911392,26.84538187,54.0422141919
2021-12-22,121.33,93.5683369311,83.3924050633,29.66993321,45.4928658166
2021-12-23,120.69,93.5747901925,84.4556962025,28.9770458,42.9033273381
2021-12-24,121.93,93.5645401669,84.7594936709,30.31646368,43.8540919952
2021-12-27,121.64,93.6040466737,83.2911392405,29.95164667,46.0419452888
2021-12-28,121.37,93.6820988483,82.9367088608,29.55516741,46.3405067155
2021-12-29,120.27,93.7670442766,80.8607594937,28.26468076,48.7371634314
2021-12-30,121.09,93.7959726012,81.417721519,29.09935964,48.7268345771
2021-12-31,121.52,93.7990285573,81.3164556962,29.55358053,49.4408468244
2022-01-04,122.25,93.8622992969,82.6835443038,30.24398605,47.8528781384
2022-01-05,121.43,93.9129061807,78.2784810127,29.300652,55.1256468305
2022-01-06,121.4,93.883323993,79.3924050633,29.30943946,52.9113520408
2022-01-07,121.18,93.8444618037,77.3670886076,29.12855769,56.629908377
2022-01-10,122.34,93.8611304042,79.4430379747,30.34149437,53.9971319312
2022-01-11,121.0,93.8952314318,77.2151898734,28.8670342,56.7049180328
2022-01-12,121.0,93.8905574561,77.6708860759,28.87344934,55.7855280313
2022-01-13,119.84,93.9463506773,75.2405063291,27.56216621,59.2759084791
2022-01-14,119.59,94.0325348007,75.4936708861,27.17938557,58.4106304494
2022-01-17,120.56,94.0625517606,77.4683544304,28.17002914,55.6248366013
2022-01-18,121.1,94.0979937268,77.164556962,28.69562379,56.937335958
2022-01-19,119.68,94.3215594894,76.0,26.88509461,57.4736842105
2022-01-20,119.75,94.3988973278,75.1392405063,26.85529534,59.3707884097
2022-01-21,119.41,94.4893375645,72.8607594937,26.37404714,63.887943016
2022-01-24,119.0,94.5635758251,73.417721519,25.84126495,62.0862068966
2022-01-25,117.21,94.6358454159,71.1392405063,23.85370415,64.7613879004
2022-01-26,118.07,94.6668879065,71.4936708861,24.72153951,65.1474858357
2022-01-27,117.12,94.7035085464,69.6202531646,23.67018054,68.2269090909
2022-01-28,117.14,94.736231503,69.6708860759,23.64857472,68.1333575581
2022-02-07,117.29,94.8643781463,71.2911392405,23.63966569,64.5225497159
2022-02-08,117.43,94.8249555173,72.0,23.83870824,63.0972222222
2022-02-09,119.64,94.8367819003,72.7088607595,26.15358472,64.5466573816
2022-02-10,119.18,94.821538668,73.0632911392,25.68874295,63.1188496188
2022-02-11,118.93,94.5373111026,72.7088607595,25.80218182,63.5701601671
2022-02-14,115.49,94.4196958813,71.5443037975,22.31558143,61.4244515216
2022-02-15,114.82,94.3454140312,73.2151898734,21.70172889,56.8253803596
2022-02-16,114.79,94.3038700787,73.5696202532,21.72353044,56.0290777701
2022-02-17,114.08,94.3816545693,72.7594936709,20.87094735,56.7905358386
2022-02-18,114.97,94.3635292526,73.417721519,21.83732519,56.5970689655
2022-02-21,114.99,94.3509100701,72.9113924051,21.87481808,57.7119791667
2022-02-22,113.9,94.2788377678,71.1392405063,20.81184144,60.1085409253
2022-02-23,115.53,94.1976208061,73.8227848101,22.64640976,56.496399177
2022-02-24,115.25,94.2562677559,71.7974683544,22.27303578,60.5209802539
2022-02-25,116.1,94.2290737567,71.8987341772,23.21038016,61.4771126761
2022-02-28,115.9,94.2374810587,70.835443038,22.98715829,63.618656183
2022-03-01,115.21,94.1959225238,70.6835443038,22.30890352,62.9940902579
2022-03-02,115.06,94.1503363547,70.5316455696,22.20880398,63.1324479541
2022-03-03,113.55,93.9633729733,70.0759493671,20.84495948,62.0384754335
2022-03-04,112.89,93.8662056226,69.6202531646,20.26692594,62.1510909091
2022-03-07,111.77,93.8006847692,67.4936708861,19.15691263,65.6007126782
2022-03-08,110.77,93.8402260242,66.7341772152,18.04106266,65.9869119879
2022-03-09,110.41,93.6878566416,65.6708860759,17.84878421,68.1262528913
2022-03-10,111.16,93.5488660676,66.1265822785,18.82559851,68.1018376723
2022-03-11,110.91,93.4734868086,66.2278481013,18.6539668,67.4673165138
2022-03-14,110.91,93.6843492939,64.9620253165,18.38690329,70.7305144193
2022-03-15,109.8,93.6284545003,60.1012658228,17.27204148,82.6916596462
2022-03-16,111.06,93.5004382916,61.8734177215,18.78019187,79.4954991817
2022-03-17,111.62,93.4941506608,63.5949367089,19.38714798,75.5171178344
2022-03-18,111.05,93.5949166135,63.3924050633,18.64960622,75.1787140575
2022-03-21,111.4,93.7320696385,63.0886075949,18.84939747,76.577046549
2022-03-22,111.01,93.6537569293,63.1392405063,18.53235112,75.8177626303
2022-03-23,110.97,93.6857116155,63.6455696203,18.4492257,74.3562052506
2022-03-24,110.48,93.684906265,62.4810126582,17.92721411,76.8217179903
2022-03-25,109.81,93.6940936787,61.164556962,17.20055735,79.5320778146
2022-03-28,109.35,93.6747048523,60.9113924051,16.73375451,79.5230673317
2022-03-29,109.14,93.652702604,60.4050632911,16.53694658,80.680217938
2022-03-30,109.71,93.6816206227,61.8227848101,17.10941727,77.4588452088
2022-03-31,109.52,93.6912702911,61.3670886076,16.89456196,78.4669966997
2022-04-01,109.59,93.8887608741,61.8734177215,16.72323607,77.1196808511
2022-04-06,109.8,94.1106481146,61.7721518987,16.67117611,77.75
2022-04-07,109.91,94.2123505433,60.253164557,16.66198685,82.4136554622
2022-04-08,109.35,94.3118886087,59.1392405063,15.94508562,84.9026113014
2022-04-11,109.07,94.3595794976,56.6075949367,15.58974784,92.6773255814
2022-04-12,109.02,94.3897385928,58.6835443038,15.49984312,85.7761000863
2022-04-13,108.62,94.4359521911,57.5189873418,15.01975411,88.8419894366
2022-04-14,108.65,94.5811618762,57.6708860759,14.87488401,88.396619842
2022-04-15,108.5,94.6862623029,57.0632911392,14.58895658,90.1397515528
2022-04-18,108.76,94.6261010136,58.582278481,14.93657546,85.6534140017
2022-04-19,108.31,94.621781419,56.8607594937,14.46624485,90.482858415
2022-04-20,109.06,94.5824121623,57.0126582278,15.30684987,91.2908525755
2022-04-21,108.69,94.6074639241,56.0506329114,14.88522733,93.9139566396
2022-04-22,108.6,94.5528589843,55.2405063291,14.8563895,96.5948670944
2022-04-25,107.18,94.5326766939,50.0759493671,13.37878472,114.0348837209
2022-04-26,105.85,94.5945835857,49.5696202532,11.89858445,113.5380490296
2022-04-27,105.41,94.6631800033,52.5063291139,11.35269277,100.7567502411
2022-04-28,109.71,94.6769233609,57.7721518987,15.8782902,89.9011831727
2022-04-29,109.61,94.6847279245,61.3164556962,15.76312506,78.7611478117
2022-05-05,109.62,94.8510560704,61.5696202532,15.57066894,78.0423519737
2022-05-06,109.71,94.8626878129,64.3544303797,15.65137203,70.4777734068
2022-05-09,109.82,94.9448160951,65.2658227848,15.66718913,68.2657098526
2022-05-10,109.23,95.0230772767,65.5696202532,14.95102362,66.5862934363
2022-05-11,110.03,95.1298236426,64.4050632911,15.66299167,70.8406053459
2022-05-12,109.57,95.2241417897,64.9620253165,15.06535836,68.6677708496
2022-05-13,110.4,95.3152611083,64.7088607595,15.82615283,70.6103286385
2022-05-16,110.04,95.3368666862,63.8987341772,15.42229551,72.2099841521
2022-05-17,110.05,95.3966385685,63.7974683544,15.36045887,72.4990079365
2022-05-18,110.5,95.5345395665,65.2151898734,15.66497363,69.439052795
2022-05-19,110.62,95.5954693957,63.5949367089,15.71678104,73.9446656051
2022-05-20,111.36,95.5612505569,64.253164557,16.53258968,73.3144208038
2022-05-23,111.39,95.5636952863,63.4430379747,16.56100119,75.574820431
2022-05-24,110.3,95.5711130237,61.3164556962,15.41144234,79.8864574732
2022-05-25,110.38,95.5800813114,62.3291139241,15.48431272,77.0922014622
2022-05-26,111.2,95.5951991539,62.3797468354,16.32383319,78.262987013
2022-05-27,109.78,95.6204439853,62.0253164557,14.80808436,76.992244898
2022-05-30,109.09,95.5008578152,62.4810126582,14.22934044,74.5970421394
2022-05-31,111.4,95.4192740507,63.4936708861,16.74790142,75.4505582137
2022-06-01,110.97,95.4004265447,63.8481012658,16.32023464,73.8031324346
2022-06-02,111.21,95.3310743561,65.417721519,16.6566104,69.9998065015
2022-06-06,111.8,95.2146957014,66.0253164557,17.41884924,69.3289877301
2022-06-07,111.26,95.1792576088,65.3164556962,16.89521729,70.3399224806
2022-06-08,110.9,95.1188367331,65.7721518987,16.59099691,68.6123941493
2022-06-09,110.93,95.1667378882,66.6835443038,16.56383571,66.3528853455
2022-06-10,111.82,95.2146291036,67.6962025316,17.43993654,65.1791323859
2022-06-13,110.64,95.3379830014,66.7008722422,16.05028397,65.8748923077
2022-06-14,110.77,95.3027424062,67.9835813238,16.2296039,62.9364
2022-06-15,112.4,95.3720775592,69.0610569523,17.85420102,62.7545319465
2022-06-16,112.2,95.3822669885,68.9584402258,17.63192839,62.7066964286
2022-06-17,112.87,95.3818841413,70.1385325808,18.33484001,60.9243818581
2022-06-20,113.0,95.4511935907,71.0620831195,18.38510945,59.0158844765
2022-06-21,112.88,95.3964779099,70.959466393,18.3272197,59.0767317426
2022-06-22,111.91,95.4647804101,68.034889687,17.2264782,64.48913273
2022-06-23,112.96,95.5631655359,70.3437660339,18.20453976,60.5828154632
2022-06-24,113.24,95.5933415375,70.3437660339,18.4601335,60.9808606856
2022-06-27,115.21,95.5835801767,70.2924576706,20.53325455,63.9009416058
2022-06-28,116.8,95.4705851129,72.6526423807,22.34134719,60.7649717514
2022-06-29,116.77,95.4638845601,71.6264751154,22.31850876,63.0263108883
2022-06-30,116.59,95.5298470759,73.678809646,22.04562612,58.2408844011
2022-07-01,117.17,95.6354644458,72.5500256542,22.51731163,61.5023550212
2022-07-04,117.6,95.7213456424,71.7804002052,22.85660968,63.8330235883
2022-07-05,116.76,95.6958089302,71.0620831195,22.01161295,64.307032491
2022-07-06,115.1,95.7188818293,70.8568496665,20.24795714,62.4401882694
2022-07-07,114.78,95.7443194769,71.2160082093,19.88178581,61.1716282421
2022-07-08,116.35,95.7545695814,73.4222678297,21.50856143,58.4669112509
2022-07-11,115.77,95.8426055914,70.3437660339,20.79179117,64.5774835886
2022-07-12,115.73,95.9205274191,70.2411493073,20.65196378,64.7609715121
2022-07-13,114.83,95.9855400774,70.5489994869,19.6326029,62.7663054545
2022-07-14,116.88,96.1000215014,73.2683427399,21.62328184,59.5231932773
2022-07-15,120.44,96.1040726437,78.553104156,25.32247249,53.3230306989
2022-07-18,122.51,96.223761551,80.0410466906,27.31782465,53.0589679487
2022-07-19,123.01,96.2982585966,82.0420728579,27.73855082,49.9352657911
2022-07-20,123.68,96.4273733417,82.0420728579,28.26233435,50.75191995
2022-07-21,123.52,96.5335871503,83.862704918,27.95546467,47.2883567502
2022-07-22,121.37,96.5888945989,82.2745901639,25.65626774,47.5182067248
2022-07-25,121.67,96.7194006749,82.4795081967,25.79689199,47.5154285714
2022-07-26,121.54,96.7578990382,82.5819672131,25.61248354,47.1749875931
2022-07-27,122.99,96.8825501097,83.9139344262,26.94752549,46.5668376068
2022-07-28,126.03,96.8375202424,92.3155737705,30.14583571,36.5208435072
2022-07-29,127.53,96.9580309901,91.393442623,31.53113641,39.5395515695
2022-08-01,129.319,97.0769888362,92.7254098361,33.21282577,39.4644685083
2022-08-02,129.046,97.1389336688,90.3176229508,32.8468361,42.8801996597
2022-08-03,127.699,97.2420350712,90.5737704918,31.32078109,40.9889411765
2022-08-04,127.183,97.2898737063,91.4959016393,30.72583523,39.0040403135
2022-08-05,130.133,97.3003975276,93.5450819672,33.74354402,39.1126046002
2022-08-08,129.732,97.2637687441,93.1352459016,33.38162985,39.2942046205
2022-08-09,129.717,97.1565583347,96.1577868852,33.51337493,34.9001513053
2022-08-10,128.6,97.1647528061,91.8032786885,32.35252114,40.0821428571
2022-08-11,131.198,97.0942427211,93.6987704918,35.1243867,40.021047567
2022-08-12,131.085,97.0459167065,93.1352459016,35.07523495,40.7469306931
2022-08-15,132.12,97.2605531188,94.9282786885,35.84130026,39.1787587696
2022-08-16,131.138,97.3924233108,95.2868852459,34.64907797,37.6243956989
2022-08-17,132.478,97.4426511896,98.0532786885,35.95483947,35.1081797283
2022-08-18,130.99,97.5186264248,97.2336065574,34.32305684,34.716796628
2022-08-19,130.092,97.578384451,97.8483606557,33.32051021,32.9526617801
2022-08-22,130.828,97.5968312933,98.0532786885,34.04943405,33.4254211076
2022-08-23,129.475,97.5714798909,97.8483606557,32.6975876,32.3220942408
2022-08-24,127.18,97.5656660542,94.0573770492,30.353233,35.2153376906
2022-08-25,126.304,97.5430613151,93.2889344262,29.4853763,35.3901197144
2022-08-26,126.601,97.4671573829,92.6741803279,29.8909329,36.6087075732
2022-08-29,122.822,97.4129609444,89.3442622951,26.08383814,37.4704954128
2022-08-30,122.504,97.4462764142,88.6270491803,25.71439824,38.224166474
2022-08-31,119.703,97.4963635534,85.1946721311,22.77688689,40.5052651834
2022-09-01,119.495,97.5160140138,84.5286885246,22.53884781,41.3662060606
2022-09-02,121.513,97.5063539146,86.6290983607,24.62059663,40.2681111768
2022-09-05,122.862,97.5798044877,85.9631147541,25.90925002,42.924090584
2022-09-06,124.158,97.591169084,86.5778688525,27.22257676,43.4061633136
2022-09-07,124.739,97.6655587733,86.9364754098,27.72056144,43.4829275192
2022-09-08,124.097,97.6891288057,85.8606557377,27.03255881,44.5330214797
2022-09-09,123.219,97.6929848986,86.6290983607,26.12881071,42.2374263749
2022-09-13,124.524,97.7337889041,87.3975409836,27.41141155,42.4799812427
2022-09-14,124.018,97.7410538933,85.4508196721,26.88424675,45.1337745803
2022-09-15,120.362,97.8152663716,83.2991803279,23.05032176,44.4936186962
2022-09-16,118.651,97.826866101,80.2766393443,21.28672289,47.802649649
2022-09-19,118.06,97.876900974,79.2008196721,20.62090118,49.0641138422
2022-09-20,117.97,97.8995138833,80.481557377,20.50110907,46.5801654997
2022-09-21,118.862,97.9268469436,79.9692622951,21.37835916,48.6346085842
2022-09-22,118.074,97.9083392912,79.2008196721,20.59646896,49.0817904269
2022-09-23,117.812,97.92855386,77.868852459,20.30403325,51.2954105263
2022-09-26,118.399,97.8626001871,78.381147541,20.9849317,51.0554562092
2022-09-27,119.001,97.8541579104,79.3545081967,21.61057081,49.9612343447
2022-09-28,117.583,97.7936898092,77.7151639344,20.23577414,51.2999446276
2022-09-29,117.295,97.8391828411,77.8176229508,19.8855066,50.730638578
2022-09-30,116.261,97.8262615077,77.2540983607,18.84436572,50.4916923077
2022-10-10,114.633,98.0213081179,76.3319672131,16.94702122,50.1769234899
2022-10-11,115.587,98.043109096,76.5881147541,17.8940581,50.920283612
2022-10-12,118.801,98.0545107574,81.1987704918,21.15811816,46.3088656151
2022-10-13,118.368,98.0842594937,81.4549180328,20.679914,45.3171924528
2022-10-14,119.82,98.1304521722,84.887295082,22.10276968,41.1518648159
2022-10-17,121.313,98.1814405857,86.5266393443,23.56001223,40.2030645352
2022-10-18,120.162,98.2081756249,86.5266393443,22.35437552,38.8728383659
2022-10-19,120.128,98.2108590153,86.8340163934,22.31641308,38.3420979351
2022-10-20,120.224,98.2091398394,87.243852459,22.41630483,37.802259542
2022-10-21,121.73,98.2490341545,89.9077868852,23.89943682,35.3942792023
2022-10-24,120.853,98.2850847646,92.5204918033,22.96168873,30.6229545958
2022-10-25,120.735,98.2318826627,94.0573770492,22.90816049,28.3631372549
2022-10-26,121.445,98.2057830299,95.6967213115,23.66379683,26.906124197
2022-10-27,118.776,98.2457223046,86.1168032787,20.89686677,37.9243022011
2022-10-28,117.701,98.3393014508,84.4262295082,19.68866797,39.4128349515
2022-10-31,119.358,98.3764038876,89.2930327869,21.32787466,33.6700034423
2022-11-01,119.588,98.4188560934,92.2643442623,21.50923588,29.6145341477
2022-11-02,121.129,98.3998719752,94.2110655738,23.0987374,28.5719456226
2022-11-03,120.418,98.4077585752,94.2110655738,22.366368,27.817257205
2022-11-04,121.902,98.3293439531,93.3401639344,23.97316518,30.5997277717
2022-11-07,123.194,98.3502281649,95.3893442623,25.26051266,29.1485972073
2022-11-08,121.927,98.2942083428,94.0573770492,24.04291367,29.6304488017
2022-11-09,122.265,98.2384829534,94.518442623,24.45733721,29.3557073171
2022-11-10,121.001,98.2406922683,91.6495901639,23.16790243,32.025685858
2022-11-11,122.254,98.1496011892,92.7254098361,24.55883521,31.8451977901
2022-11-14,119.748,97.4663592865,89.2930327869,22.86085258,34.106767642
2022-11-15,120.5,97.4246931513,91.8032786885,23.68527537,31.2589285714
2022-11-16,119.577,97.1180343227,91.8032786885,23.12543271,30.2535178571
2022-11-17,118.297,97.1325966834,93.3913934426,21.78918719,26.6679890291
2022-11-18,116.851,97.0539219961,91.4959016393,20.39801957,27.711731243
2022-11-21,118.0,97.0013882695,92.6741803279,21.64774351,27.3278054174
2022-11-22,116.95,96.9644217405,91.4446721311,20.61124885,27.8915406162
2022-11-23,117.403,96.9608313715,92.1106557377,21.08291393,27.4586518354
2022-11-24,118.418,97.0669973224,93.2889344262,21.99615036,26.9368127403
2022-11-25,118.026,97.0605821835,90.5225409836,21.60034212,30.3829949066
2022-11-28,117.556,97.031364194,90.6762295082,21.15257884,29.643679096
2022-11-29,118.594,96.7549141688,90.7274590164,22.57155207,30.7145612648
2022-11-30,118.097,96.6048775709,90.8299180328,22.24745061,30.0199345742
2022-12-01,119.266,96.4397261491,91.8032786885,23.66895341,29.91475
2022-12-02,117.206,96.424446205,85.3995901639,21.55216298,37.2442183563
2022-12-05,117.823,96.3884998154,86.5266393443,22.23761157,36.16962463
2022-12-06,118.326,96.2150184325,87.243852459,22.98080064,35.6267480916
2022-12-07,116.659,95.9554654306,85.6557377049,21.57619108,36.1951961722
2022-12-08,116.945,95.8526706903,86.1168032787,22.00494692,35.7981201666
2022-12-09,116.89,95.7942649515,84.1025641026,22.0219186,38.9850609756
2022-12-12,117.69,95.7306193367,86.1538461538,22.93872203,36.6044642857
2022-12-13,115.822,95.3996779805,85.3846153846,21.4071184,35.6473873874
2022-12-14,115.195,95.4835492329,85.7435897436,20.64381867,34.3482356459
2022-12-15,115.973,95.549507597,87.3333333333,21.37477515,32.7935114504
2022-12-16,114.503,95.5328131035,85.8461538462,19.85724724,33.3816308244
2022-12-19,113.471,95.6231426047,84.8717948718,18.66478857,33.6969486405
2022-12-20,113.276,95.7477577854,84.9743589744,18.30668688,33.306095353
2022-12-21,113.286,95.7997742732,83.641025641,18.25288823,35.4431023912
2022-12-22,113.218,95.8320256211,83.2820512821,18.14213387,35.9452586207
2022-12-23,113.202,95.9888291812,81.7948717949,17.93247294,38.3974294671
2022-12-26,116.293,96.0315868812,85.641025641,21.09869656,35.7912275449
2022-12-27,116.0,96.0528383001,85.2820512821,20.76686338,36.0192423331
2022-12-28,115.571,96.0156144648,84.6666666667,20.36688058,36.5011811024
2022-12-29,114.341,95.9935553264,84.6153846154,19.11320464,35.1302727273
2022-12-30,114.15,96.023505253,83.2307692308,18.87714336,37.1487985213
2023-01-03,116.256,96.1464616608,86.9230769231,20.91552616,33.745840708
2023-01-04,115.2,96.2733675919,81.5384615385,19.65926079,41.2830188679
2023-01-05,116.823,96.4261008096,83.3846153846,21.15288186,40.1013837638
2023-01-06,116.427,96.4411440302,82.2564102564,20.72337089,41.5415523691
2023-01-09,116.861,96.5228589503,83.7435897436,21.07080258,39.5462033068
2023-01-10,116.57,96.4998500887,84.4102564103,20.79811512,38.0993317132
2023-01-11,116.483,96.3500621555,83.9487179487,20.8956148,38.7549480757
2023-01-12,116.0,96.3415666699,83.3333333333,20.40493425,39.2
2023-01-13,115.383,96.2978428172,83.4871794872,19.8188834,38.204453317
2023-01-16,117.475,96.3076127221,84.1538461538,21.97893467,39.5955210238
2023-01-17,119.001,96.3143767748,86.7179487179,23.55476304,37.2276463631
2023-01-18,118.742,96.2220245175,86.5128205128,23.40417965,37.2536455246
2023-01-19,119.56,96.2305815456,87.3846153846,24.24324792,36.8204225352
2023-01-20,119.074,96.2423732533,86.9230769231,23.72305044,36.9877876106
2023-01-30,119.353,96.4064758761,86.1538461538,23.80184932,38.5347321429
2023-01-31,119.978,96.4272978386,86.2564102564,24.42327296,39.0945897741
2023-02-01,121.284,96.5388239246,86.0,25.63235709,41.0279069767
2023-02-02,120.751,96.540299552,85.8974358974,25.07833574,40.5757910448
2023-02-03,119.927,96.6662238484,86.6153846154,24.06298211,38.4592362345
2023-02-06,117.562,96.7390036892,84.9743589744,21.52492326,38.349969825
2023-02-07,119.429,96.7041813039,87.1282051282,23.49931346,37.0727192466
2023-02-08,118.131,96.8056128513,83.7948717949,22.02908129,40.9764075887
2023-02-09,118.773,96.8808338248,86.358974359,22.59700429,37.5340558195
2023-02-10,118.284,96.9712406095,85.2820512821,21.97843325,38.6974143115
2023-02-13,118.327,97.0650930185,84.9743589744,21.90479226,39.2502414001
2023-02-14,118.178,97.1640770202,85.641025641,21.62725528,37.9922754491
2023-02-15,118.002,97.2671224828,87.0769230769,21.31745752,35.514664311
2023-02-16,117.17,97.3404590807,84.1025641026,20.37132463,39.3179878049
2023-02-17,115.427,97.3744307731,82.2564102564,18.53933223,40.3258416459
2023-02-20,116.138,97.4416125339,82.4615384615,19.18727223,40.8389925373
2023-02-21,116.979,97.4246118776,83.8974358974,20.07130205,39.4309596577
2023-02-22,116.185,97.4179458317,82.6153846154,19.2644733,40.6336126629
2023-02-23,116.279,97.5181893713,83.4871794872,19.23826801,39.2776719902
2023-02-24,115.514,97.5202982195,82.7179487179,18.45123744,39.6480471172
2023-02-27,115.102,97.5595302885,81.2820512821,17.98129784,41.6081388013
2023-02-28,114.369,97.5171032231,81.2307692308,17.28096531,40.7951704545
2023-03-01,115.862,97.5932672441,81.4871794872,18.7192552,42.1843297671
2023-03-02,116.409,97.6846245902,80.358974359,19.16819099,44.8612316528
2023-03-03,115.92,97.7607163281,80.2051282051,18.5752359,44.5294117647
2023-03-06,115.9,97.6530337252,80.8205128205,18.68550887,43.4041878173
2023-03-07,115.325,97.7340210194,79.2307692308,17.99882865,45.5558252427
2023-03-08,116.0,97.8008381327,81.2307692308,18.6083905,42.803030303
2023-03-09,115.462,97.8424801288,80.8717948718,18.00804707,42.7716550412
2023-03-10,115.557,97.8966144231,80.0512820513,18.03983282,44.3537155669
2023-03-13,115.089,97.9673045269,79.641025641,17.47694862,44.5096909208
2023-03-14,115.155,98.0064416225,80.3076923077,17.49737884,43.3922413793
2023-03-15,115.056,98.0234745459,80.2051282051,17.37596584,43.452173913
2023-03-16,114.929,98.0258175753,78.9743589744,17.2436026,45.5269805195
2023-03-17,115.249,98.118719484,80.0512820513,17.45872817,43.9689622037
2023-03-20,115.3,98.2352989175,80.4615384615,17.37125175,43.2982791587
2023-03-21,116.0,98.2142117198,81.1794871795,18.10917989,42.8932406822
2023-03-22,117.836,98.2278718052,84.6153846154,19.96187827,39.2607272727
2023-03-23,121.553,98.2938020875,93.0769230769,23.66293441,30.5941322314
2023-03-24,124.519,98.3282279383,95.8974358974,26.63606638,29.8460160428
2023-03-27,123.576,98.3606606126,94.2051282051,25.63559377,31.1775721285
2023-03-28,122.042,98.3857752898,90.7692307692,24.04435462,34.4530508475
2023-03-29,122.156,98.4327940386,90.9743589744,24.10091697,34.2751972943
2023-03-30,121.989,98.4314487446,90.6666666667,23.93295187,34.5466911765
2023-03-31,122.487,98.3593910339,90.7179487179,24.53005119,35.0195873375
2023-04-03,124.26,98.316738963,92.8205128205,26.38743037,33.8712707182
2023-04-04,124.867,98.3169403741,93.8461538462,27.00456251,33.055
2023-04-06,124.979,98.3352299312,94.9743589744,27.0948368,31.5923596112
2023-04-07,124.422,98.3594751385,94.4102564103,26.49721832,31.7886474742
2023-04-10,121.887,98.3824660179,91.7948717949,23.89097868,32.7819273743
2023-04-11,121.003,98.4936115985,90.6666666667,22.85365318,33.4591911765
2023-04-12,121.912,98.5434286569,91.6923076923,23.71398242,32.9577181208
2023-04-13,120.131,98.5960908784,86.9230769231,21.84154456,38.2038053097
2023-04-14,120.15,98.5977634277,86.6666666667,21.85874793,38.6346153846
2023-04-17,120.446,98.6285786856,85.3846153846,22.12079055,41.0628828829
2023-04-18,120.7,98.6462042713,84.7692307692,22.35645648,42.386569873
2023-04-19,123.071,98.6487355821,93.2307692308,24.75679417,32.0068481848
2023-04-20,123.006,98.6968977178,93.8461538462,24.63005712,31.0719672131
2023-04-21,120.425,98.7277044714,87.3333333333,21.97690673,37.891221374
2023-04-24,118.402,98.7765156305,86.4615384615,19.86857326,36.9418149466
2023-04-25,117.76,98.7957028509,82.358974359,19.19546762,42.9838107098
2023-04-26,116.966,98.8412091206,74.1538461538,18.33728163,57.7342323651
2023-04-27,117.557,98.9386492792,72.4615384615,18.81807651,62.2336518047
2023-04-28,117.99,98.9243041548,72.1538461538,19.27301487,63.5255863539
2023-05-04,116.069,99.0477357912,70.1538461538,17.18490996,65.4492324561
2023-05-05,114.211,99.1072641158,68.2051282051,15.23978693,67.4522180451
2023-05-08,114.816,99.2443030855,68.1025641026,15.69026778,68.5927710843
2023-05-09,114.76,99.2835351498,67.9487179487,15.58814845,68.8920754717
2023-05-10,114.7,99.3115055157,68.2051282051,15.49517793,68.1691729323
2023-05-11,115.35,99.4100184146,68.8717948718,16.03458267,67.4851079672
2023-05-12,114.296,99.4669942529,68.1538461538,14.90846874,67.7029345372
2023-05-15,114.445,99.4859314704,68.4102564103,15.03636575,67.2921664168
2023-05-16,116.066,99.4490412491,68.9743589744,16.70901855,68.2741263941
2023-05-17,116.542,99.4262134247,70.1538461538,17.21456142,66.1234649123
2023-05-18,116.947,99.3824339443,70.2051282051,17.67371291,66.5789992695
2023-05-19,117.078,99.3921485574,71.9487179487,17.7940126,62.7242337847
2023-05-22,117.444,99.4487797722,71.9487179487,18.09496333,63.2329294369
2023-05-23,116.4,99.4992029261,70.9743589744,16.98586177,64.0028901734
2023-05-24,115.896,99.5022296968,71.4871794872,16.47578185,62.1213773314
2023-05-25,116.308,99.4873682737,71.4358974359,16.90730393,62.8145010768
2023-05-26,117.383,99.4910367159,72.0,17.98349266,63.0319444444
2023-05-29,117.536,99.492518586,72.9230769231,18.13551579,61.1780590717
2023-05-30,117.545,99.4547557511,73.4137388568,18.18942102,60.1130821429
2023-05-31,117.095,99.4496177966,73.7283691662,17.74303672,58.8194630156
2023-06-01,117.863,99.4361598306,74.1478762454,18.53132724,58.9566768034
2023-06-02,118.34,99.4514756177,74.5149449397,18.99270399,58.8137790289
2023-06-05,119.0,99.4945846518,75.3539590981,19.6044995,57.9213639527
2023-06-06,116.574,99.5202199401,72.9942317777,17.13599515,59.7030301724
2023-06-07,116.66,99.5429265647,74.4100681699,17.19567028,56.7798590557
2023-06-08,116.661,99.4977850468,72.9942317777,17.24984626,59.8222176724
2023-06-09,117.0,99.4870847945,73.9381227058,17.60320472,58.2404255319
2023-06-12,117.776,99.574519744,74.4625065548,18.27925488,58.1681915493
2023-06-13,117.766,99.6504445801,75.2490823283,18.17910145,56.5015763066
2023-06-14,117.412,99.7073708675,74.7771368642,17.75659009,57.0159074334
2023-06-15,117.308,99.6627901103,74.4100681699,17.70491261,57.65070895
2023-06-16,116.608,99.5928269588,75.0393287887,17.08473749,55.3958462614
2023-06-19,117.486,99.5254596046,75.406397483,18.04617679,55.8037566064
2023-06-20,117.768,99.5443977308,75.5637126377,18.30700942,55.8525857044
2023-06-21,116.609,99.5673275959,73.9905610907,17.11572743,57.599832034
2023-06-26,115.78,99.5975772558,72.9417933928,16.24780762,58.72930266
2023-06-27,115.934,99.5839153519,73.6759307813,16.41839909,57.3566818505
2023-06-28,116.163,99.5920172204,73.6234923964,16.63886649,57.7798012821
2023-06-29,115.618,99.6942549267,76.7697954903,15.97258045,50.6035013661
2023-06-30,116.997,99.6683187704,78.447823807,17.38634848,49.1398923797
2023-07-03,119.274,99.7074535984,86.3135815417,19.62395558,38.1868274605
2023-07-04,119.9,99.7300168559,85.9465128474,20.22458612,39.5053691275
2023-07-05,117.966,99.7692624649,82.4855794442,18.23882134,43.0140890019
2023-07-06,117.521,99.779648638,82.4855794442,17.780531,42.4746007629
2023-07-07,117.328,99.869332113,78.9197692711,17.48151061,48.6674392027
2023-07-10,117.288,99.9333231202,77.8710015732,17.36625616,50.6183272727
2023-07-11,119.162,100.056345373,81.7514420556,19.09489554,45.7613431687
2023-07-12,117.621,100.0401755743,78.9197692711,17.57376407,49.0387023256
2023-07-13,119.82,100.0560042799,83.7441006817,19.75293323,43.0787351284
2023-07-14,119.609,100.0468681284,83.3770319874,19.55296776,43.4555742138
2023-07-17,120.148,100.1026868141,85.3696906135,20.02475041,40.7384742015
2023-07-18,120.077,100.1602745009,84.111169376,19.88485515,42.7598746883
2023-07-19,119.673,100.2019432984,84.2684845307,19.43181545,42.0139458619
2023-07-20,119.825,100.1971622218,82.9050865233,19.58921525,44.5327482606
2023-07-21,118.826,100.2709929594,81.6990036707,18.50486017,45.4436341463
2023-07-24,117.9,100.333114995,81.0697430519,17.50856136,45.4303363519
2023-07-25,119.699,100.3435627032,82.3807026744,19.28916691,45.2998045831
2023-07-26,119.1,100.2002600942,80.7026743576,18.86196691,47.5787524366
2023-07-27,117.836,100.1733999628,78.5002621919,17.63202611,50.1090527722
2023-07-28,117.85,100.2796092169,77.8185631883,17.52139934,51.4420148248
2023-07-31,117.993,100.271543442,75.7734661772,17.67346542,55.7180975779
2023-08-01,119.109,100.2017551109,76.9795490299,18.86917536,54.7281083106
2023-08-02,119.006,100.2171381697,76.7697954903,18.74815244,55.0166953552
2023-08-03,119.252,100.2273755445,77.1893025695,18.98146525,54.4929103261
2023-08-04,119.13,100.3311982271,76.927110645,18.736746,54.8608793456
2023-08-07,119.389,100.3721995159,78.0807551127,18.94628251,52.9045151108
2023-08-08,119.491,100.3805555798,78.7100157315,19.03799427,51.8116835443
2023-08-09,118.734,100.3559074225,77.1893025695,18.31291555,53.8218328804
2023-08-10,118.531,100.366014759,77.1368641846,18.09874118,53.6632338545
2023-08-11,118.001,100.41656066,76.4551651809,17.51149335,54.3401282579
2023-08-14,117.533,100.4876068312,76.927110645,16.96268197,52.7848882072
2023-08-15,117.169,100.5274612104,75.7210277923,16.55422169,54.7377306094
2023-08-16,117.224,100.6010092105,75.1966439434,16.52368194,55.8899358438
2023-08-17,117.277,100.6186626945,75.9832197168,16.55591205,54.3459206349
2023-08-18,116.98,100.7302185681,75.1966439434,16.1319827,55.5654532775
2023-08-21,116.065,100.8195341365,73.8856843209,15.12153968,57.087264017
2023-08-22,114.767,100.8837886451,74.6198217095,13.761588,53.8022972593
2023-08-23,114.516,100.8940739217,73.4137388568,13.50121523,55.9871514286
2023-08-24,114.693,100.9429137282,74.4625065548,13.6216459,54.0278528169
2023-08-25,113.487,100.9754272633,71.5783953854,12.39071037,58.5492373626
2023-08-28,114.937,101.0084650085,73.0991085475,13.78947298,57.2344756098
2023-08-29,116.332,100.9118587508,76.2978500262,15.28080192,52.4708756014
2023-08-30,117.939,100.8452013174,77.5039328789,16.95053256,52.1716326116
2023-08-31,117.355,100.8281363468,77.3466177242,16.39112281,51.7260915254
2023-09-01,118.508,100.7994377809,77.6088096487,17.56811606,52.6991594595
2023-09-04,119.0,100.6542432161,77.8710015732,18.22651107,52.8168350168
2023-09-05,117.909,100.6659516788,77.2941793393,17.12897761,52.5457686567
2023-09-06,118.533,100.5624252553,78.7624541164,17.87006896,50.4942949401
2023-09-07,117.36,100.3670144914,77.0844257997,16.93084685,52.2486530612
2023-09-08,116.64,100.2005221806,77.6088096487,16.40657899,50.2922162162
2023-09-11,115.732,100.0819322329,77.2941793393,15.63725581,49.729256445
2023-09-12,117.376,100.1383941921,78.6051389617,17.21378293,49.3235703803
2023-09-13,116.044,100.2830058447,75.6685894074,15.7165155,53.3582176022
2023-09-14,115.173,100.3838804215,75.1442055585,14.73256415,53.2693028611
2023-09-15,115.003,100.4714617282,75.7734661772,14.46334912,51.7721252595
2023-09-18,115.353,100.4150329072,76.402726796,14.87622586,50.9802134523
2023-09-19,114.475,100.4391579985,76.0880964866,13.97447199,50.4506030324
2023-09-20,114.555,100.4849544537,73.9381227058,14.00214154,54.933606383
2023-09-21,114.62,100.5445901403,73.8856843209,13.99917175,55.1315400994
2023-09-22,115.662,100.5550995523,76.5076035658,15.02350504,51.1771309116
2023-09-25,115.45,100.5829783805,74.0429994756,14.78085245,55.9229107649
2023-09-26,115.82,100.5318831258,74.1478762454,15.20723217,56.2013719943
2023-09-27,116.003,100.4481857856,74.8295752491,15.4854108,55.0229299229
2023-09-28,116.904,100.459863535,76.5076035658,16.36886204,52.8004989719
2023-10-09,116.58,100.5871821124,76.8746722601,15.89945911,51.6494270123
2023-10-10,116.405,100.5970766226,77.5563712638,15.71409817,50.0908282623
2023-10-11,116.073,100.6031548611,78.5527005768,15.37709743,47.7644933244
2023-10-12,117.474,100.5760709187,79.6014682748,16.80114258,47.5776798419
2023-10-13,116.399,100.5686000521,79.496591505,15.7408972,46.4201141161
2023-10-16,115.299,100.5845817634,78.1331934976,14.62890035,47.5672436242
2023-10-17,115.23,100.6156320716,77.7136864185,14.52494769,48.2750404858
2023-10-18,114.533,100.5935778681,76.6649187205,13.85716904,49.3942756498
2023-10-19,114.5,100.4938232825,76.1929732564,13.93735083,50.2763248451
2023-10-20,113.832,100.5063967189,73.6234923964,13.25846286,54.6136923077
2023-10-23,111.302,100.539880025,71.0540115364,10.70432944,56.6442169742
2023-10-24,112.329,100.5295143132,70.5296276875,11.73733482,59.2649836431
2023-10-25,112.195,100.5680969272,70.1101206083,11.56122411,60.0268249813
2023-10-26,113.434,100.5779247302,71.8405873099,12.78220375,57.8968160584
2023-10-27,113.305,100.6860370397,71.8405873099,12.53298206,57.7172518248
2023-10-30,116.22,100.7344291661,76.927110645,15.37266947,51.0780777096
2023-10-31,116.19,100.8244603581,76.1929732564,15.23989277,52.4943771507
2023-11-01,114.908,100.8650614237,75.5637126377,13.9225004,52.0677002082
2023-11-02,114.885,100.9167711342,74.357629785,13.8413355,54.5033110014
2023-11-03,114.916,100.9686990282,76.5600419507,13.81348983,50.0991863014
2023-11-06,117.389,101.0193168033,78.7100157315,16.20450792,49.1411212525
2023-11-07,117.323,101.0451192853,78.2380702674,16.10951705,49.9564081769
2023-11-08,117.187,101.0546057724,78.6051389617,15.96403658,49.0831280854
2023-11-09,116.44,101.0690514556,78.1856318825,15.20836332,48.9276190476
2023-11-10,116.049,101.0609718962,78.6051389617,14.83067877,47.6353855904
2023-11-13,116.605,101.0926338104,78.972207656,15.34470476,47.6532104914
2023-11-14,116.591,101.1347135664,78.8148925013,15.28286964,47.930164338
2023-11-15,116.564,101.1758589426,78.6575773466,15.20930113,48.1916986667
2023-11-16,115.401,101.2276578349,77.6612480336,14.00145224,48.5953457124
2023-11-17,114.497,101.2954813129,78.6575773466,13.03268272,45.5638526667
2023-11-20,116.191,101.257249566,78.2380702674,14.74832715,48.5095422252
2023-11-21,115.5,101.2789221296,77.7661248034,14.04149804,48.5222521915
2023-11-22,113.343,101.2332671344,76.7173571054,11.9622069,47.7410123035
2023-11-23,113.251,101.1041527149,78.7624541164,12.01419226,43.7880539281
2023-11-24,112.863,101.1168071471,77.0844257997,11.6164594,46.4147897959
2023-11-27,112.769,101.0847734995,77.0844257997,11.55883928,46.2928455782
2023-11-28,113.689,101.0716935028,77.923439958,12.48352141,45.898333109
2023-11-29,113.239,101.0594519072,78.5939139559,12.05186439,44.0811308411
2023-11-30,112.832,101.1100020178,78.2266526758,11.59331199,44.2372850436
2023-12-01,112.469,101.1275784656,78.1741867786,11.21496402,43.8697409396
2023-12-04,112.078,101.1480301062,77.0199370409,10.80591474,45.5181662125
2023-12-05,111.7,101.1554100209,74.9213011542,10.42414832,49.0897759104
2023-12-06,111.718,101.148097194,74.7639034627,10.44992748,49.4277249123
2023-12-07,112.281,101.2078378187,75.8656873033,10.94101249,47.9997136929
2023-12-08,113.301,101.1592226801,77.1248688353,12.00263999,46.905922449
2023-12-11,113.749,101.2131127505,78.2791185729,12.38563553,45.3120603217
2023-12-12,113.427,101.1949274634,78.1217208814,12.08763408,45.1926541303
2023-12-13,113.309,101.2592544619,77.2822665268,11.89989557,46.6170767142
2023-12-14,112.892,101.3691833614,76.9150052466,11.36717911,46.7750013643
2023-12-15,112.438,101.4609386006,76.1804826863,10.81900242,47.5942341598
2023-12-18,112.086,101.5757293392,75.5508919203,10.34722638,48.358275
2023-12-19,111.54,101.6336134566,76.6002098636,9.7471557,45.6131780822
2023-12-20,111.1,101.6965487396,76.0230849948,9.24657855,46.1398205659
2023-12-21,111.637,101.7101398857,76.4952780693,9.75995129,45.9397270233
2023-12-22,111.216,101.7999860758,76.0230849948,9.24952378,46.2924057971
2023-12-25,110.988,101.8684295084,77.1248688353,8.95230302,43.9068897959
2023-12-26,109.311,101.9278387759,75.2360965373,7.24351788,45.2906317992
2023-12-27,110.181,102.0280488569,76.0230849948,7.99089195,44.9309772257
2023-12-28,111.522,102.1246759095,77.1248688353,9.20181534,44.5992734694
2023-12-29,113.63,102.2008823311,79.2759706191,11.18299315,43.3347319656
2024-01-02,114.672,102.2354864061,78.6463798531,12.16457615,45.8070927285
2024-01-03,112.709,102.1919832942,77.3871983211,10.29143027,45.6429518644
2024-01-04,111.398,102.188616432,77.0199370409,9.01214234,44.6352779292
2024-01-05,110.58,102.2483848102,75.6558237146,8.14840763,46.1619140083
2024-01-08,108.893,102.2734737103,73.5047219307,6.47237847,48.1442241256
2024-01-09,109.381,102.3881500731,73.4522560336,6.82974536,48.9144185714
2024-01-10,109.181,102.3933342514,71.8782791186,6.62901135,51.897070073
2024-01-11,109.214,102.3929687089,74.1343126967,6.66162079,47.3190969568
2024-01-12,109.902,102.4231974809,73.4522560336,7.30186394,49.6237228571
2024-01-15,109.24,102.4637956374,74.8163693599,6.61326698,46.0108274895
2024-01-16,109.47,102.4655561097,74.4491080797,6.83590092,47.0400422833
2024-01-17,108.666,102.439992207,72.2980062959,6.07771209,50.3028998549
2024-01-18,108.3,102.4724055957,71.5634837356,5.68698897,51.3341642229
2024-01-19,108.818,102.3340651382,72.6652675761,6.33604739,49.7524245487
2024-01-22,106.376,102.6023511904,70.3043022036,3.677936,51.3079522388
2024-01-23,105.604,102.369553548,70.6190975866,3.15957855,49.5402852897
2024-01-24,106.158,102.6559778769,70.4616998951,3.41141568,50.6605718541
2024-01-25,107.54,102.6959938471,73.7145855194,4.71684043,45.8870035587
2024-01-26,107.737,102.731221863,73.5047219307,4.87269405,46.5715360457
2024-01-29,106.928,102.7603696451,71.8258132214,4.05567863,48.8712695398
2024-01-30,106.65,102.4314274446,68.2581322141,4.11843578,56.2451191391
2024-01-31,105.75,102.9256405444,66.8940188877,2.74407761,58.0858823529
2024-02-01,105.92,102.9827200615,65.0052465897,2.8522066,62.9406941082
2024-02-02,106.09,103.0395549785,60.7555089192,2.96046021,74.61791019
2024-02-05,105.718,103.0903252563,62.3819517314,2.54890528,69.4688881413
2024-02-06,107.156,103.0010079413,68.6253934942,4.0339334,56.1462813456
2024-02-07,109.999,103.0132142568,74.1867785939,6.78144624,48.2730509194
2024-02-08,111.162,103.0182529324,74.5015739769,7.90514966,49.2075859155
2024-02-19,109.604,103.1407735,73.8195173137,6.26641267,48.4756389481
2024-02-20,110.195,102.6157657418,72.3504721931,7.38603294,52.3072298767
2024-02-21,110.194,103.2073937883,72.3504721931,6.76948226,52.3058477157
2024-02-22,110.022,103.2371729002,72.4554039874,6.57207759,51.8478870384
2024-02-23,109.945,103.358416667,72.7701993704,6.37256601,51.0851982696
2024-02-26,109.965,103.4387908897,72.5603357817,6.30924729,51.5497396963
2024-02-27,109.985,103.5193468944,75.0262329486,6.24584032,46.5953916084
2024-02-28,108.864,103.5814946873,72.7701993704,5.0998543,49.5997000721
2024-02-29,109.981,103.6567577797,75.7082896118,6.10113837,45.2694289674
2024-03-01,110.583,103.5919320525,77.3871983211,6.74866064,42.8957274576
2024-03-04,110.084,103.0514644236,77.1773347324,6.82429465,42.637732155
2024-03-05,110.023,103.0102363202,77.1248688353,6.80783185,42.6556721088
2024-03-06,109.177,102.1470470685,76.7051416579,6.88218909,42.3333529412
2024-03-07,109.592,102.1557119654,75.4459601259,7.27936587,45.2589374131
2024-03-08,110.156,103.082313454,77.3871983211,6.86217287,42.3439566102
2024-03-11,109.795,103.0792973694,77.4396642183,6.51508383,41.7813482385
2024-03-12,110.506,102.9962681294,77.0724029381,7.29126599,43.3794663036
2024-03-13,109.927,102.9587281695,75.9181532004,6.76802439,44.7967256393
2024-03-14,110.059,102.9026075244,75.2360965373,6.95452977,46.2848354254
2024-03-15,109.8,102.8794355381,75.4459601259,6.72686862,45.5346314325
2024-03-18,110.207,102.9099210789,77.7544596013,7.09074387,41.7372078273
2024-03-19,111.012,102.9177385559,79.3284365163,7.86478751,39.9397301587
2024-03-20,111.11,102.9815566666,78.6463798531,7.89310591,41.2779586391
2024-03-21,111.065,102.9956345117,77.3871983211,7.83466749,43.5185694915
2024-03-22,111.159,103.0478656305,76.1804826863,7.87122986,45.9153264463
2024-03-25,110.201,103.0136362338,73.3473242392,6.97709937,50.2454263233
2024-03-26,109.9,103.0003844698,73.0849947534,6.69863085,50.3728643216
2024-03-27,109.62,103.0302895524,70.7240293809,6.39589627,54.9968249258
2024-03-28,109.353,103.0950817504,71.9832109129,6.07004538,51.914590379
2024-03-29,108.837,103.1230086945,72.6128016789,5.54094705,49.8867933526
2024-04-01,110.301,103.1488369658,75.3410283316,6.93382809,46.4023022284
2024-04-02,109.983,103.1866274297,74.0293809024,6.58648581,48.5666888731
2024-04-03,110.108,103.2521749613,73.2948583421,6.63988438,50.2260901933
2024-04-08,110.02,103.2946789678,72.7177334732,6.51081072,51.2973448773
2024-04-09,110.431,103.3938395844,73.5571878279,6.80616993,50.1294479315
2024-04-10,109.5,103.4458470742,71.2486883526,5.85248523,53.6870397644
2024-04-11,109.8,103.5130934633,70.7240293809,6.07353749,55.2513353116
2024-04-12,110.0,103.6316195057,70.7240293809,6.14520985,55.5341246291
2024-04-15,109.912,103.7190631369,72.0881427072,5.97087621,52.4689024745
2024-04-16,109.16,103.7272050824,70.1469045121,5.23757959,55.6162752431
2024-04-17,108.418,103.7696273214,71.4060860441,4.47951178,51.8329963262
2024-04-18,109.817,103.8221830191,71.6159496327,5.77411956,53.3415399267
2024-04-19,108.381,103.8795356737,69.4648478489,4.33335045,56.0227990937
2024-04-22,108.5,103.9574963293,68.9401888772,4.36957779,57.3828006088
2024-04-23,108.34,104.0466432602,69.0451206716,4.12637698,56.9118844985
2024-04-24,108.355,103.9613453423,70.3567681007,4.22623875,54.0079269202
2024-04-25,108.437,103.8841962024,72.7177334732,4.38257595,49.1204343434
2024-04-26,111.146,103.7849127693,74.9737670514,7.0926371,48.2465192442
2024-04-29,112.154,103.5634688594,77.2298006296,8.29494342,45.2211440217
2024-04-30,113.24,103.6400695058,77.5970619098,9.26275961,45.9333603786
2024-05-06,114.659,103.7552098054,78.9611752361,10.50914958,45.209338206
2024-05-07,114.77,103.8848119624,79.3284365163,10.4781323,44.6769973545
2024-05-08,114.188,103.9619427565,78.6463798531,9.83634681,45.1916797865
2024-05-09,114.843,103.8917091022,78.5939139559,10.54106337,46.1220013351
2024-05-10,115.113,103.9042932058,78.3840503673,10.78752999,46.8576827309
2024-05-13,115.0,103.928236977,78.6463798531,10.65327705,46.224149433
2024-05-14,114.57,103.9917308243,78.3840503673,10.17222148,46.164939759
2024-05-15,114.369,104.0440879627,77.8069254984,9.9235932,46.9907714093
2024-05-16,114.307,104.0611495206,79.0661070304,9.8459901,44.5714280027
2024-05-17,115.1,104.0421864484,80.2728226653,10.62820182,43.3860130719
2024-05-20,115.672,104.0989339171,79.6432318993,11.11737234,45.2377022398
2024-05-21,115.646,104.1209510704,80.9548793284,11.06890478,42.8524147764
2024-05-22,115.437,104.1763139053,80.6925498426,10.80925757,43.057816645
2024-05-23,114.794,104.2415098802,80.0629590766,10.12311711,43.3796618611
2024-05-24,113.994,104.2609344418,78.6988457503,9.33529477,44.848376
2024-05-27,114.029,104.2836272383,78.9611752361,9.34506501,44.4114777409
2024-05-28,113.96,104.2887581104,77.4921301154,9.27352292,47.0600947867
2024-05-29,114.258,104.3362680055,77.9643231899,9.5093798,46.5516473755
2024-05-30,115.2,104.3662083228,79.3809024134,10.38055502,45.1230667548
2024-05-31,114.925,104.3567498522,79.6956977964,10.12704033,44.2047728769
2024-06-03,115.0,104.4118173081,79.7481636936,10.14078958,44.2039473684
2024-06-04,114.067,104.4700838367,78.9611752361,9.18628167,44.4596026578
2024-06-05,114.798,104.5126429151,79.9893560404,9.84125633,43.5165948104
2024-06-06,115.165,104.5464967031,80.7876530069,10.15672799,42.5527239789
2024-06-07,114.713,104.5763597254,79.7764768494,9.69305138,43.7930133422
2024-06-11,115.24,104.6122787552,80.6812134114,10.1591528,42.8337467018
2024-06-12,116.43,104.6177707292,80.5747738159,11.29084398,44.499319683
2024-06-13,116.8,104.6455192248,81.3198509846,11.61490799,43.6303664921
2024-06-14,117.254,104.6555774962,81.9584885577,12.03798479,43.0651077922
2024-06-17,117.93,104.6730966531,85.4177754125,12.66505317,38.0625981308
2024-06-18,116.85,104.6828210415,83.2889835019,11.62289938,40.2946645367
2024-06-19,116.699,104.7104463314,82.4374667376,11.44924321,41.5606333118
2024-06-20,115.152,104.7375514454,80.7344332092,9.943376,42.6305919578
2024-06-21,115.35,104.7319687146,83.022884513,10.13829055,38.9375961538
2024-06-24,114.772,104.7531474766,80.5215540181,9.56424963,42.5357488434
2024-06-25,114.56,104.7707739023,79.3507184673,9.34347026,44.3717236754
2024-06-26,116.604,104.7794222432,82.7567855242,11.28520992,40.8996244373
2024-06-27,117.25,104.8029510309,83.5018626929,11.87662069,40.416029318
2024-06-28,118.786,104.8438991098,85.4177754125,13.29796107,39.0647314642
2024-07-01,118.314,104.8421509705,84.7259180415,12.8496496,39.6432198492
2024-07-02,116.279,104.8678442531,82.5971261309,10.88146307,40.778505799
2024-07-03,115.852,104.899853947,80.7876530069,10.44057321,43.4031014493
2024-07-04,115.527,104.9203839897,80.6279936136,10.10920434,43.2839821782
2024-07-05,115.662,104.8841212302,78.8717402874,10.2759871,46.6456801619
2024-07-08,115.613,104.8652743376,80.7344332092,10.24907981,43.2015998682
2024-07-09,117.608,104.8961796366,85.8967535923,12.11847792,36.9178636927
2024-07-10,116.764,104.9102126615,85.8967535923,11.29898323,35.9352887237
2024-07-11,118.692,104.934071137,90.5800957956,13.11102172,31.0354101058
2024-07-12,116.605,104.9717861718,86.6950505588,11.08222909,34.5001810927
2024-07-15,117.192,105.0166123083,86.42895157,11.59377305,35.593453202
2024-07-16,118.856,105.0503592935,92.0170303353,13.14192621,29.1673938693
2024-07-17,116.741,105.0876681725,87.0675891432,11.08915254,34.0808918093
2024-07-18,115.833,105.1065454725,86.0031931879,10.20531545,34.6845340347
2024-07-19,114.466,105.108176517,83.927621075,8.90304046,36.3865656309
2024-07-22,113.038,105.1987941807,83.4486428952,7.45180197,35.4581645408
2024-07-23,110.774,105.2475956343,79.1378392762,5.25086044,39.9760228648
2024-07-24,110.129,105.2732740272,76.8493879723,4.6124964,43.3049799169
2024-07-25,110.101,105.3012541723,78.7120808941,4.55810889,39.8781467208
2024-07-26,112.31,105.3449534447,79.0846194784,6.61165659,42.0124427995
2024-07-29,113.317,105.3916921359,81.2666311868,7.51986016,39.438535036
2024-07-30,112.6,105.4064797122,81.6391697712,6.82455225,37.9239895698
2024-07-31,115.0,105.4221459944,85.7903139968,9.08523908,34.0477667494
2024-08-01,114.098,105.4533129844,82.5439063332,8.19764384,38.2270419084
2024-08-02,114.308,105.4936764268,80.0425758382,8.35530988,42.8089973404
2024-08-05,112.315,105.5264209107,74.5609366684,6.43306106,50.635178444
2024-08-06,112.492,105.4867604996,75.0399148483,6.64087082,49.909551773
2024-08-07,113.1,105.50069315,76.2639701969,7.20308713,48.3006978367
2024-08-08,113.563,105.475785348,78.286322512,7.66736614,45.0610992522
2024-08-09,113.595,105.4159177984,80.5747738159,7.75886827,40.980848745
2024-08-12,112.148,105.3043741846,79.2442788717,6.49889985,41.5218885158
2024-08-13,112.211,105.3071805857,80.6812134114,6.55588667,39.0794650396
2024-08-14,111.534,105.3819225705,80.6812134114,5.83788688,38.2403601583
2024-08-15,110.248,105.3835844806,80.7344332092,4.6159139,36.5563559657
2024-08-16,109.753,105.405535918,80.7344332092,4.1245121,35.9432346737
2024-08-19,111.204,105.4171259125,81.6923895689,5.48950091,36.1252872964
2024-08-20,109.655,105.4204196835,80.5215540181,4.01685018,36.1809286186
2024-08-21,109.622,105.3664417634,82.4906865354,4.03881745,32.8901535484
2024-08-22,109.465,105.3380485447,83.1825439063,3.91781651,31.5961196417
2024-08-23,109.933,105.2915621337,83.8744012773,4.40817647,31.0685958122
2024-08-26,112.2,105.2752617186,83.8211814795,6.57774502,33.8563809524
2024-08-27,111.115,105.1573383577,81.1601915913,5.66547398,36.908252459
2024-08-28,110.786,105.1496484489,80.5215540181,5.36031421,37.5855214805
2024-08-29,112.284,105.183521902,82.7035657265,6.75056128,35.7668185328
2024-08-30,113.432,105.2394990564,84.4065992549,7.78462556,34.3875964691
2024-09-02,111.644,105.2845760501,80.2554550293,6.04022373,39.1107931034
2024-09-03,112.674,105.3559281541,81.6923895689,6.94604658,37.9247205212
2024-09-04,111.294,105.3941073359,80.095795636,5.59793409,38.9511136213
2024-09-05,111.858,105.4417971143,79.5103778606,6.08506594,40.6835220884
2024-09-06,111.633,105.4490134093,78.1266631187,5.86443286,42.8871982289
2024-09-09,110.793,105.4535586092,77.1154869611,5.06331077,43.6715300207
2024-09-10,109.101,105.4495487196,74.7738158595,3.46274719,45.908027758
2024-09-11,108.668,105.4656896783,74.1351782863,3.03635271,46.5808844221
2024-09-12,107.849,105.4765625493,72.4853645556,2.24925556,48.7872767988
2024-09-13,108.192,105.4857858525,71.5806279936,2.56547754,51.1470394052
2024-09-18,108.087,105.5242987077,71.5806279936,2.42854141,51.0003516729
2024-09-19,108.055,105.5262161727,70.4630122406,2.39635601,53.3499584592
2024-09-20,107.875,105.507488454,70.356572645,2.2439275,53.3261157337
2024-09-23,108.04,105.5256278481,70.4630122406,2.38271234,53.3286706949
2024-09-24,109.596,105.5391824284,73.0175625333,3.8438971,50.0953965015
2024-09-25,110.265,105.587363873,72.7514635444,4.43010977,51.563961229
2024-09-26,111.105,105.5884963986,74.3480574774,5.22453088,49.4390085898
2024-09-27,113.604,105.3912637245,77.2751463544,7.79261581,47.012338843
2024-09-30,115.501,105.0043764053,84.9920170303,9.99636773,35.8962924233
2024-10-08,116.584,104.8669443686,89.4092602448,11.17325932,30.393652381
2024-10-09,110.63,104.5629380194,84.3533794572,5.80230634,31.1506435331
2024-10-10,111.098,104.6343265249,83.4486428952,6.17739292,33.1333813776
2024-10-11,109.008,104.895268915,79.2974986695,3.9207975,37.4671355705
2024-10-14,111.856,105.2041223154,82.0649281533,6.32282988,36.3018313878
2024-10-15,111.814,105.3256803035,79.6168174561,6.16024476,40.4401778075
2024-10-16,112.003,105.4213347646,77.7541245343,6.24320044,44.0476639288
2024-10-17,111.831,105.4510775733,77.594465141,6.0501254,44.1223930041
2024-10-18,113.267,105.4754685672,81.0537519957,7.38705553,39.7430682863
2024-10-21,113.807,105.4857804841,81.1069717935,7.88847509,40.3171607612
2024-10-22,113.777,105.4504227181,81.4795103779,7.89620095,39.6387870673
2024-10-23,113.8,105.3140534235,80.308674827,8.05775326,41.7032471836
2024-10-24,113.819,105.3142394538,80.6812134114,8.07560363,41.0724940633
2024-10-25,115.138,105.2754760484,82.0117083555,9.36830145,40.3921492537
2024-10-28,115.419,105.2331218542,82.0649281533,9.67934617,40.6435155642
2024-10-29,114.466,105.2223455105,81.6923895689,8.78487782,40.1183153094
2024-10-30,113.731,105.2212300423,79.8296966472,8.08750283,42.4670326667
2024-10-31,114.232,105.2429627119,79.191059074,8.54122409,44.2486075269
2024-11-01,114.294,105.3166470212,77.3283661522,8.52415381,47.8034590502
2024-11-04,114.577,105.3993414496,78.6588610963,8.70751034,45.6631820027
2024-11-05,115.544,105.4334068042,80.6279936136,9.58955373,43.3050666667
2024-11-06,115.36,105.4690953267,79.9893560404,9.37801224,44.2191882901
2024-11-07,115.787,105.5542750535,82.0063694268,9.69427808,41.1926912621
2024-11-08,115.144,105.5987822736,82.4840764331,9.03913617,39.5954285714
2024-11-11,115.629,105.6652432973,84.7664543524,9.42954977,36.4089142142
2024-11-12,114.997,105.7224608878,84.2356687898,8.77253427,36.5181776938
2024-11-13,114.9,105.7684592322,84.8195329087,8.6335197,35.4640801001
2024-11-14,113.161,105.7683407125,82.3248407643,6.98948214,37.456688588
2024-11-15,112.641,105.7735024618,82.059447983,6.49264455,37.2675575679
2024-11-18,110.395,105.7760409094,79.6178343949,4.36673471,38.65612
2024-11-19,111.14,105.7959681296,80.3078556263,5.05126232,38.3924388632
2024-11-20,111.413,105.79957794,80.2547770701,5.30571309,38.8241349206
2024-11-21,111.123,105.8063163018,78.821656051,5.0249209,40.9802909091
2024-11-22,109.993,105.8146438604,74.7876857749,3.94875037,47.0736777857
2024-11-25,109.903,105.9139230851,73.6730360934,3.76633855,49.1766945245
2024-11-26,110.318,105.947165007,75.9554140127,4.12548556,45.2404696017
2024-11-27,110.433,105.9870919635,75.3715498938,4.19476368,46.5181492958
2024-11-28,111.27,106.0271074552,73.9384288747,4.94486049,50.4900789663
2024-11-29,111.242,106.0589006333,75.2653927813,4.88700084,47.7996671368
2024-12-02,111.935,105.8710426982,76.2208067941,5.72768261,46.8562256267
2024-12-03,111.981,106.2237869627,75.3715498938,5.41989059,48.5719746479
2024-12-04,110.983,105.884604479,73.991507431,4.81504894,49.994241033
2024-12-05,111.018,105.8913847985,74.3099787686,4.84139027,49.3985085714
2024-12-06,111.361,106.3294744108,75.6369426752,4.73201398,47.2309642105
2024-12-09,111.409,106.3588767608,75.4246284501,4.74819159,47.7090471499
2024-12-10,112.879,106.4840281994,75.3184713376,6.00556901,49.8689471459
2024-12-11,113.622,106.4948878646,77.1762208068,6.69244532,47.2241045392
2024-12-12,114.699,106.5007514002,77.016985138,7.6978317,48.926889042
2024-12-13,114.518,106.6024057979,75.9554140127,7.42534293,50.7700293501
2024-12-16,112.778,106.6352197667,74.7346072187,5.76055476,50.9046534091
2024-12-17,112.581,106.6016310007,74.5753715499,5.60907834,50.9627074733
2024-12-18,113.666,106.6073452744,77.6539278132,6.62117109,46.3750813397
2024-12-19,114.354,105.9862278098,81.1571125265,7.8951505,40.904470896
2024-12-20,115.035,106.6278088185,82.2717622081,7.88461404,39.8231870968
2024-12-23,114.598,106.6948860614,81.4755838641,7.40720969,40.653180456
2024-12-24,115.299,106.0204064017,83.3864118896,8.75170537,38.2707294717
2024-12-25,114.899,106.0272849257,83.2802547771,8.36738872,37.9666768642
2024-12-26,115.492,106.6333718135,84.5541401274,8.30755704,36.5894086629
2024-12-27,116.479,106.041038747,87.3142250531,9.84332234,33.4020887538
2024-12-30,117.182,106.73407166,89.91507431,9.7887471,30.3251995277
2024-12-31,115.963,106.7921617376,87.5796178344,8.58755747,32.4086618182
2025-01-02,115.522,106.0822743772,85.0318471338,8.89849476,35.8573333333
2025-01-03,115.349,106.9313644297,83.4394904459,7.87199866,38.2426946565
2025-01-06,114.916,106.988365219,82.8465215082,7.40981018,38.7095051282
2025-01-07,116.203,106.1166077691,84.1741901221,9.50500816,38.0506302839
2025-01-08,115.617,106.9614482295,81.5719596389,8.09221632,41.7362050781
2025-01-09,116.243,106.9342956093,80.6691449814,8.70506916,44.0984654378
2025-01-10,115.502,106.8998781418,79.0759426447,8.04689585,46.0646514439
2025-01-13,114.044,106.8510630286,77.2172065852,6.73174114,47.6924704264
2025-01-14,115.395,106.8544816899,78.8635156665,7.99266271,46.3224141414
2025-01-15,115.324,106.1714850724,77.3765268189,8.62050194,49.0426163349
2025-01-16,115.168,106.1783398727,77.482740308,8.46656685,48.6369732694
2025-01-17,115.609,106.7433613276,81.4126394052,8.30556445,42.0037488584
2025-01-20,116.123,106.7410292002,82.5278810409,8.78947006,40.7075990991
2025-01-21,116.641,106.7552924961,84.7583643123,9.26015682,37.6159166667
2025-01-22,117.012,106.7811553972,83.9617631439,9.58113308,39.3634383302
2025-01-23,116.762,106.7707296664,82.4216675518,9.35768667,41.6642048969
2025-01-24,117.206,106.7724437256,83.8024429102,9.77176874,39.8598846641
2025-01-27,116.336,106.8319476043,82.9527349973,8.89626428,40.2437183099
2025-02-05,117.0,106.8856980008,81.5188528943,9.46272718,43.5250814332
2025-02-06,119.16,106.9445851351,84.7052575677,11.42219108,40.6760376176
2025-02-07,120.108,106.9916764888,85.6611789697,12.25919991,40.2128729076
2025-02-10,119.47,106.9714434613,84.3866171004,11.68401223,41.5745814978
2025-02-11,118.574,106.982316195,84.2804036113,10.83514007,40.6898815375
2025-02-12,121.817,106.9854115272,92.7243759958,13.86318776,31.3753785796
2025-02-13,120.872,106.9702958852,90.2814657461,12.9958546,33.8835152941
2025-02-14,121.492,106.9253323186,90.8656399363,13.62321479,33.7051057861
2025-02-17,120.998,106.8798433807,90.653212958,13.20937248,33.4734821324
2025-02-18,119.154,106.8086597024,87.6792352629,11.5583702,35.8976268928
2025-02-19,122.044,106.8107242094,92.1933085502,14.26193475,32.3783709677
2025-02-20,125.898,106.7490900663,97.8757302177,17.93824184,28.630457949
2025-02-21,128.637,106.699036639,99.9468932554,20.56060116,28.7053512221
2025-02-24,127.016,106.6205509586,100.0531067446,19.12900361,26.948581741
2025-02-25,128.854,106.5818117461,103.9298990972,20.8968002,23.9816463975
2025-02-26,128.804,106.5870468039,103.8767923526,20.8439523,23.9968977505
2025-02-27,127.166,106.5509256974,102.389803505,19.34762572,24.1979139004
2025-02-28,123.016,106.5361195332,95.5921402018,15.46881991,28.6884044444
2025-03-03,122.851,106.5855348371,94.5300053107,15.26048088,29.9597938202
2025-03-04,123.038,105.2946420077,95.0079660117,16.85114993,29.5028250419
2025-03-05,125.258,105.3172268013,96.6542750929,18.934009,29.5938538462
2025-03-06,125.988,105.2835494377,96.6011683484,19.66541846,30.4207828477
2025-03-07,125.397,105.1883761673,94.4768985661,19.21184124,32.7276846543
2025-03-10,124.555,105.161929302,93.892724376,18.4411515,32.6567109729
2025-03-11,123.158,105.1138578698,92.936802974,17.16628283,32.518008
2025-03-12,123.265,105.1204717167,92.5119490175,17.26069907,33.2422474168
2025-03-13,122.245,105.2027482963,90.3876792353,16.19943583,35.2452027027
2025-03-14,123.115,105.2529150301,92.8305894849,16.97063209,32.6233094966
2025-03-17,123.12,105.2408955188,92.3526287839,16.98874225,33.3151006325
2025-03-18,123.75,105.2908540289,93.0430164631,17.53157588,33.0029965753
2025-03-19,122.28,105.3331771261,92.2464152947,16.08877975,32.5579965458
2025-03-20,121.746,105.4050776358,91.1842804036,15.50297455,33.5164344787
2025-03-21,119.303,105.4569049592,90.175252257,13.12962394,32.3012656066
2025-03-24,119.946,105.5048211361,91.0780669145,13.6876957,31.6958122449
2025-03-25,119.808,105.5632124852,90.0159320234,13.494083,33.0964389381
2025-03-26,120.157,105.5598206,90.8125331917,13.82834806,32.3132345029
2025-03-27,120.45,105.5863103682,90.4407859798,14.0772886,33.1810628303
2025-03-28,120.4,105.6063238742,91.6091343601,14.00832411,31.427942029
2025-03-31,120.729,105.6196987371,92.6181625066,14.3053819,30.3513228211
2025-04-01,119.277,105.6364017867,87.5199150292,12.91278194,36.2855527913
2025-04-02,119.119,105.6782720551,87.0419543282,12.71853493,36.8523959732
2025-04-03,117.049,105.7661317597,81.9968135953,10.66775163,42.7482299223
2025-04-07,109.826,105.9116419674,73.8183749336,3.69587135,48.7786748201
2025-04-08,109.793,105.9050634512,66.702071163,3.67115266,64.6020851911
2025-04-09,112.105,105.9046371565,66.8082846522,5.85466606,67.80104531
2025-04-10,113.864,105.894391099,70.419543282,7.52599719,61.6937496229
2025-04-11,113.48,105.9293038855,70.7912904939,7.12805224,60.3022055514
2025-04-14,113.005,105.9447327941,72.1189591078,6.66410403,56.6925
2025-04-15,111.765,105.9481014508,70.5257567711,5.49032825,58.4740173193
2025-04-16,110.979,105.9541473941,69.0387679235,4.74247845,60.7488130769
2025-04-17,111.279,105.9384602141,69.0387679235,5.0411718,61.1833515385
2025-04-18,111.266,105.927118648,69.6229421136,5.04014592,59.8122639207
2025-04-21,111.568,105.9236247755,71.2161444503,5.32872174,56.6611066368
2025-04-22,111.968,105.9189894704,70.2071163038,5.71097832,59.482408472
2025-04-23,113.921,105.8801143587,72.1189591078,7.59433033,57.9626237113
2025-04-24,113.359,105.8620163951,71.0568242167,7.08184471,59.5328826607
2025-04-25,113.162,105.8675216383,71.375464684,6.8901947,58.5446770833
2025-04-28,111.95,105.8956352666,71.1630377058,5.71729394,57.3148134328
2025-04-29,112.5,105.9200610112,71.1630377058,6.21217447,58.0876865672
2025-04-30,113.435,105.9564767463,73.4466277217,7.05810865,54.4454844541
2025-05-06,114.759,105.9976421478,74.3494423792,8.2656158,54.350855
2025-05-07,114.144,106.0323682066,74.137015401,7.65014677,53.9635759312
2025-05-08,115.152,106.0866319047,75.4115772703,8.54525017,52.6980394366
2025-05-09,114.214,106.1327240027,74.4025491237,7.6143113,53.5081812991
2025-05-12,116.026,106.1568598538,77.2703133298,9.29675215,50.1559848797
2025-05-13,115.592,106.186177171,76.7392458842,8.85785992,50.6295750865
2025-05-14,114.996,106.2070378431,76.2612851832,8.2753105,50.7921086351
2025-05-15,113.8,106.2509537797,74.2432288901,7.1049209,53.2799713877
2025-05-16,114.196,106.2502926092,74.6680828465,7.47829224,52.938170697
2025-05-19,113.392,106.2719929173,74.3494423792,6.69979633,52.51224
2025-05-20,113.79,106.2854990394,74.3494423792,7.06070069,53.04755
2025-05-21,113.759,106.3089333278,73.4466277217,7.00794039,54.8866211135
2025-05-22,113.463,106.3130336907,72.8624535316,6.72539016,55.7221785714
2025-05-23,113.0,106.3016004567,71.8003186405,6.3013158,57.3809171598
2025-05-26,112.644,106.3544739755,72.5969198088,5.91373902,55.1636079005
2025-05-27,112.108,106.359323349,71.8003186405,5.4049579,56.1385828402
2025-05-28,112.073,106.3389754534,71.5347849177,5.39221346,56.6692345954
2025-05-29,113.186,106.318260018,73.1279872544,6.45960532,54.7779506173
2025-05-30,112.493,106.3472787952,71.8003186405,5.77891722,56.6747921598
2025-06-03,113.001,106.3713265527,71.5878916622,6.2325757,57.8493197329
2025-06-04,115.019,106.380071258,76.526818906,8.12081496,50.2989430951
2025-06-05,118.072,106.369700906,79.8194370685,11.00153427,47.9238695941
2025-06-06,117.972,106.3856280195,78.7634408602,10.89091844,49.7801501706
2025-06-09,118.912,106.4352049104,78.4946236559,11.72243254,51.490630137
2025-06-10,116.701,106.4545568801,75.6451612903,9.62518038,54.2742430704
2025-06-11,116.734,106.44046392,77.7419354839,9.67069825,50.1557676349
2025-06-12,116.486,106.4435420528,76.935483871,9.43453943,51.4073794549
2025-06-13,114.905,106.4489301879,74.623655914,7.94378093,53.9793227666
2025-06-16,115.35,106.4591852336,74.8924731183,8.35138344,54.0208183776
2025-06-17,115.633,106.4585673489,75.5913978495,8.61784343,52.9711095306
2025-06-18,116.383,106.4840304731,78.064516129,9.29620102,49.085661157
2025-06-19,115.01,106.4919595772,76.5591397849,7.9987639,50.2237359551
2025-06-20,114.328,106.5071262586,75.2688172043,7.34305207,51.8929142857
2025-06-23,114.806,106.5315879072,75.3225806452,7.7670973,52.4191006424
2025-06-24,115.647,106.5502735958,77.0967741935,8.53749699,50.0023849372
2025-06-25,117.449,106.5717828974,78.1182795699,10.20647005,50.3476531315
2025-06-26,116.859,106.5651678056,77.311827957,9.65965935,51.1528094576
2025-06-27,117.717,106.5865790065,77.9032258065,10.44261022,51.1067080745
2025-06-30,117.944,106.5915529183,78.6559139785,10.65041907,49.9493096377
2025-07-01,118.269,106.630627291,78.2258064516,10.91466214,51.1892371134
2025-07-02,116.946,106.6610263883,76.935483871,9.64267264,52.0052830189
2025-07-03,118.331,106.6727319465,79.8387096774,10.92900486,48.2125656566
2025-07-04,117.763,106.6888269831,77.9569892473,10.37988075,51.0615034483
2025-07-07,117.054,106.7370345254,76.6666666667,9.66577863,52.6791304348
2025-07-08,118.01,106.7742392166,78.2258064516,10.52291345,50.8581443299
2025-07-09,117.73,106.7913298125,77.311827957,10.2430321,52.2794158554
2025-07-10,118.177,106.7891270708,77.2043010753,10.66388802,53.0704874652
2025-07-11,118.41,106.7799476798,77.311827957,10.89160706,53.1589707928
2025-07-14,117.306,106.7918382081,76.6666666667,9.84547318,53.007826087
2025-07-15,117.365,106.8171109386,77.2043010753,9.87471854,52.0187325905
2025-07-16,117.84,106.8367244373,76.9892473118,10.29915099,53.0603351955
2025-07-17,119.655,106.8498523327,79.247311828,11.98424461,50.989348711
2025-07-18,119.666,106.8560720381,77.5268817204,11.98802063,54.3542024965
2025-07-21,119.974,106.8541553173,78.6021505376,12.2782728,52.634500684
2025-07-22,120.072,106.8414855023,78.3870967742,12.383312,53.1782716049
2025-07-23,119.881,106.7670423312,77.7419354839,12.28277695,54.2037759336
2025-07-24,121.662,106.7035983355,78.9247311828,14.01864782,54.149400545
2025-07-25,123.823,106.7023767549,83.9784946237,16.04521264,47.4460819462
2025-07-28,122.899,106.7194110446,85.0537634409,15.16086792,44.4956637168
2025-07-29,122.179,106.697835176,83.5483870968,14.50935232,46.2374131274
2025-07-30,122.032,106.691305662,84.5698924731,14.37857963,44.2972155118
2025-07-31,121.508,106.7506166046,85.6451612903,13.82416689,41.873747646
2025-08-01,120.951,106.7748209465,84.4623655914,13.27670599,43.2010566518
2025-08-04,121.343,106.8212206897,84.3010752688,13.59447048,43.9400382653
2025-08-05,122.399,106.8584061348,85.2150537634,14.54316457,43.6354195584
2025-08-06,123.432,106.8679328648,87.7419354839,15.49956726,40.6761764706
2025-08-07,123.803,106.8868139387,86.9892473118,15.82626092,42.3198887515
2025-08-08,123.338,106.8981428849,86.4516129032,15.37899226,42.6670895522
2025-08-11,126.073,106.8899569983,94.3548387097,17.94653449,33.6158290598
2025-08-12,125.514,106.8939449286,92.5806451613,17.41918598,35.5726132404
2025-08-13,126.378,106.9026991204,92.9569892473,18.21778219,35.9531983806
2025-08-14,125.873,106.8606015728,90.1075268817,17.79177559,39.6919928401
2025-08-15,125.844,106.8785539027,90.6451612903,17.74485657,38.8314590747
2025-08-18,129.358,106.8475678469,98.2795698925,21.06780024,31.6224726477
2025-08-19,130.085,106.8437063689,99.0860215054,21.75260895,31.284915898
2025-08-20,133.389,106.8373559225,101.5053763441,24.85239722,31.4107733051
2025-08-21,132.139,106.8097185803,98.6559139785,23.71439768,33.9392588556
2025-08-22,135.011,106.7882005024,101.9892473118,26.42876213,32.3776805482
2025-08-25,135.331,106.8056153499,102.6344086022,26.70775741,31.8573389209
